[1m[35m********************************************************[0m
[1m[35m**********                                    **********[0m
[1m[35m**********    RSLidar_SDK Version: v1.5.16     **********[0m
[1m[35m**********                                    **********[0m
[1m[35m********************************************************[0m
[1m[32m--------------------------------------------------------[0m
[1m[32mConfig loaded from PATH:[0m
[1m[32m/home/nvidia/dlio_ws/src/rslidar_sdk/config/config.yaml[0m
[1m[32m--------------------------------------------------------[0m
[1m[32m------------------------------------------------------[0m
[1m[32mReceive Packets From : Online LiDAR[0m
[1m[32mMsop Port: 6699[0m
[1m[32mDifop Port: 7788[0m
[1m[32m------------------------------------------------------[0m
[1m[32m------------------------------------------------------[0m
[1m[32m             RoboSense Driver Parameters [0m
[32minput type: ONLINE_LIDAR[0m
[32mlidar_type: RSAIRY[0m
[32mframe_id: rslidar[0m
[32m------------------------------------------------------[0m
[1m[32m------------------------------------------------------[0m
[1m[32m             RoboSense Input Parameters [0m
[32mmsop_port: 6699[0m
[32mdifop_port: 7788[0m
[32mimu_port: 6688[0m
[32mhost_address: 0.0.0.0[0m
[32mgroup_address: 0.0.0.0[0m
[32mpcap_path: /home/nvidia/oldcsv/ztest.pcap[0m
[32mpcap_rate: 1[0m
[32mpcap_repeat: 0[0m
[32muse_vlan: 0[0m
[32muser_layer_bytes: 0[0m
[32mtail_layer_bytes: 0[0m
[32msocket_recv_buf: 106496[0m
[1m[32m------------------------------------------------------[0m
[1m[32m------------------------------------------------------[0m
[1m[32m             RoboSense Decoder Parameters [0m
[32mwait_for_difop: 1[0m
[32mmin_distance: 0.1[0m
[32mmax_distance: 200[0m
[32mstart_angle: 0[0m
[32mend_angle: 360[0m
[32muse_lidar_clock: 0[0m
[32mdense_points: 0[0m
[32mconfig_from_file: 0[0m
[32mangle_path: [0m
[32msplit_frame_mode: 1[0m
[32msplit_angle: 0[0m
[32mnum_blks_split: 0[0m
[1m[32m------------------------------------------------------[0m
[1m[32m------------------------------------------------------[0m
[1m[32m             RoboSense Transform Parameters [0m
[32mx: 0[0m
[32my: 0[0m
[32mz: 0[0m
[32mroll: 0[0m
[32mpitch: 0[0m
[32myaw: 0[0m
[1m[32m------------------------------------------------------[0m
[1m[36m------------------------------------------------------[0m
[1m[36mSend PointCloud To : ROS[0m
[1m[36mPointCloud Topic: /rslidar_points[0m
[1m[36m------------------------------------------------------[0m
[1m[37mRoboSense-LiDAR-Driver is running.....[0m
[1m[37mmsg: 0 point cloud size: 64416,ts:0.0000000000[0m
[1m[37mmsg: 1 point cloud size: 86400,ts:71.1892906000[0m
[1m[37mmsg: 2 point cloud size: 86400,ts:71.2892736000[0m
[1m[37mmsg: 3 point cloud size: 86400,ts:71.3892676000[0m
[1m[37mmsg: 4 point cloud size: 86400,ts:71.4892716000[0m
[1m[37mmsg: 5 point cloud size: 86400,ts:71.5892506000[0m
[1m[37mmsg: 6 point cloud size: 86400,ts:71.6892706000[0m
[1m[37mmsg: 7 point cloud size: 86400,ts:71.7892796000[0m
[1m[37mmsg: 8 point cloud size: 86400,ts:71.8892836000[0m
[1m[37mmsg: 9 point cloud size: 83040,ts:71.9892656000[0m
[1m[37mmsg: 10 point cloud size: 85920,ts:72.0898243600[0m
[1m[37mmsg: 11 point cloud size: 86400,ts:72.1892676000[0m
[1m[37mmsg: 12 point cloud size: 86400,ts:72.2892576000[0m
[1m[37mmsg: 13 point cloud size: 86400,ts:72.3892686000[0m
[1m[37mmsg: 14 point cloud size: 86400,ts:72.4892666000[0m
[1m[37mmsg: 15 point cloud size: 86400,ts:72.5892586000[0m
[1m[37mmsg: 16 point cloud size: 86400,ts:72.6893026000[0m
[1m[37mmsg: 17 point cloud size: 86400,ts:72.7892446000[0m
[1m[37mmsg: 18 point cloud size: 86400,ts:72.8892676000[0m
[1m[37mmsg: 19 point cloud size: 83040,ts:72.9892496000[0m
[1m[37mmsg: 20 point cloud size: 85920,ts:73.0898063600[0m
[1m[37mmsg: 21 point cloud size: 86400,ts:73.1892406000[0m
[1m[37mmsg: 22 point cloud size: 86400,ts:73.2892416000[0m
[1m[37mmsg: 23 point cloud size: 86400,ts:73.3892436000[0m
[1m[37mmsg: 24 point cloud size: 86400,ts:73.4892286000[0m
[1m[37mmsg: 25 point cloud size: 86400,ts:73.5892336000[0m
[1m[37mmsg: 26 point cloud size: 86400,ts:73.6892406000[0m
[1m[37mmsg: 27 point cloud size: 86400,ts:73.7892296000[0m
[1m[37mmsg: 28 point cloud size: 86400,ts:73.8892836000[0m
[1m[37mmsg: 29 point cloud size: 83040,ts:73.9892696000[0m
[1m[37mmsg: 30 point cloud size: 85920,ts:74.0897953600[0m
[1m[37mmsg: 31 point cloud size: 86400,ts:74.1892486000[0m
[1m[37mmsg: 32 point cloud size: 86400,ts:74.2892326000[0m
[1m[37mmsg: 33 point cloud size: 86400,ts:74.3892316000[0m
[1m[37mmsg: 34 point cloud size: 86400,ts:74.4892266000[0m
[1m[37mmsg: 35 point cloud size: 86400,ts:74.5892206000[0m
[1m[37mmsg: 36 point cloud size: 86400,ts:74.6892546000[0m
[1m[37mmsg: 37 point cloud size: 86400,ts:74.7892296000[0m
[1m[37mmsg: 38 point cloud size: 86400,ts:74.8892206000[0m
[1m[37mmsg: 39 point cloud size: 83040,ts:74.9892176000[0m
[1m[37mmsg: 40 point cloud size: 85920,ts:75.0897853600[0m
[1m[37mmsg: 41 point cloud size: 86400,ts:75.1892106000[0m
[1m[37mmsg: 42 point cloud size: 86400,ts:75.2892156000[0m
[1m[37mmsg: 43 point cloud size: 86400,ts:75.3892216000[0m
[1m[37mmsg: 44 point cloud size: 86400,ts:75.4892286000[0m
[1m[37mmsg: 45 point cloud size: 86400,ts:75.5892056000[0m
[1m[37mmsg: 46 point cloud size: 86400,ts:75.6892116000[0m
[1m[37mmsg: 47 point cloud size: 86400,ts:75.7892066000[0m
[1m[37mmsg: 48 point cloud size: 86400,ts:75.8891976000[0m
[1m[37mmsg: 49 point cloud size: 83040,ts:75.9892016000[0m
[1m[37mmsg: 50 point cloud size: 85920,ts:76.0897563600[0m
[1m[37mmsg: 51 point cloud size: 86400,ts:76.1892036000[0m
[1m[37mmsg: 52 point cloud size: 86400,ts:76.2891936000[0m
[1m[37mmsg: 53 point cloud size: 86400,ts:76.3892086000[0m
[1m[37mmsg: 54 point cloud size: 86400,ts:76.4891826000[0m
[1m[37mmsg: 55 point cloud size: 86400,ts:76.5891836000[0m
[1m[37mmsg: 56 point cloud size: 86400,ts:76.6892116000[0m
[1m[37mmsg: 57 point cloud size: 86400,ts:76.7891776000[0m
[1m[37mmsg: 58 point cloud size: 86400,ts:76.8891906000[0m
[1m[37mmsg: 59 point cloud size: 83040,ts:76.9891936000[0m
[1m[37mmsg: 60 point cloud size: 85920,ts:77.0897463600[0m
[1m[37mmsg: 61 point cloud size: 86400,ts:77.1891916000[0m
[1m[37mmsg: 62 point cloud size: 86400,ts:77.2891766000[0m
[1m[37mmsg: 63 point cloud size: 86400,ts:77.3891856000[0m
[1m[37mmsg: 64 point cloud size: 86400,ts:77.4891896000[0m
[1m[37mmsg: 65 point cloud size: 86400,ts:77.5891706000[0m
[1m[37mmsg: 66 point cloud size: 86400,ts:77.6891736000[0m
[1m[37mmsg: 67 point cloud size: 86400,ts:77.7891606000[0m
[1m[37mmsg: 68 point cloud size: 86400,ts:77.8891656000[0m
[1m[37mmsg: 69 point cloud size: 83040,ts:77.9891756000[0m
[1m[37mmsg: 70 point cloud size: 85920,ts:78.0897333600[0m
[1m[37mmsg: 71 point cloud size: 86400,ts:78.1891586000[0m
[1m[37mmsg: 72 point cloud size: 86400,ts:78.2891616000[0m
[1m[37mmsg: 73 point cloud size: 86400,ts:78.3891656000[0m
[1m[37mmsg: 74 point cloud size: 86400,ts:78.4891516000[0m
[1m[37mmsg: 75 point cloud size: 86400,ts:78.5891556000[0m
[1m[37mmsg: 76 point cloud size: 86400,ts:78.6891666000[0m
[1m[37mmsg: 77 point cloud size: 86400,ts:78.7891576000[0m
[1m[37mmsg: 78 point cloud size: 86400,ts:78.8891516000[0m
[1m[37mmsg: 79 point cloud size: 83040,ts:78.9891626000[0m
[1m[37mmsg: 80 point cloud size: 85920,ts:79.0897313600[0m
[1m[37mmsg: 81 point cloud size: 86400,ts:79.1891786000[0m
[1m[37mmsg: 82 point cloud size: 86400,ts:79.2891616000[0m
[1m[37mmsg: 83 point cloud size: 86400,ts:79.3891516000[0m
[1m[37mmsg: 84 point cloud size: 86400,ts:79.4891446000[0m
[1m[37mmsg: 85 point cloud size: 86400,ts:79.5891306000[0m
[1m[37mmsg: 86 point cloud size: 86400,ts:79.6891296000[0m
[1m[37mmsg: 87 point cloud size: 86400,ts:79.7891406000[0m
[1m[37mmsg: 88 point cloud size: 86400,ts:79.8891446000[0m
[1m[37mmsg: 89 point cloud size: 83040,ts:79.9891426000[0m
[1m[37mmsg: 90 point cloud size: 85920,ts:80.0897453600[0m
[1m[37mmsg: 91 point cloud size: 86400,ts:80.1891286000[0m
[1m[37mmsg: 92 point cloud size: 86400,ts:80.2891236000[0m
[1m[37mmsg: 93 point cloud size: 86400,ts:80.3891186000[0m
[1m[37mmsg: 94 point cloud size: 86400,ts:80.4891236000[0m
[1m[37mmsg: 95 point cloud size: 86400,ts:80.5891496000[0m
[1m[37mmsg: 96 point cloud size: 86400,ts:80.6891146000[0m
[1m[37mmsg: 97 point cloud size: 86400,ts:80.7891166000[0m
[1m[37mmsg: 98 point cloud size: 86400,ts:80.8891276000[0m
[1m[37mmsg: 99 point cloud size: 83040,ts:80.9891266000[0m
[1m[37mmsg: 100 point cloud size: 85920,ts:81.0896873600[0m
[1m[37mmsg: 101 point cloud size: 86400,ts:81.1891206000[0m
[1m[37mmsg: 102 point cloud size: 86400,ts:81.2891076000[0m
[1m[37mmsg: 103 point cloud size: 86400,ts:81.3891116000[0m
[1m[37mmsg: 104 point cloud size: 86400,ts:81.4891106000[0m
[1m[37mmsg: 105 point cloud size: 86400,ts:81.5891166000[0m
[1m[37mmsg: 106 point cloud size: 86400,ts:81.6890986000[0m
[1m[37mmsg: 107 point cloud size: 86400,ts:81.7891016000[0m
[1m[37mmsg: 108 point cloud size: 86400,ts:81.8891046000[0m
[1m[37mmsg: 109 point cloud size: 83040,ts:81.9890896000[0m
[1m[37mmsg: 110 point cloud size: 85920,ts:82.0896763600[0m
[1m[37mmsg: 111 point cloud size: 86400,ts:82.1890966000[0m
[1m[37mmsg: 112 point cloud size: 86400,ts:82.2891026000[0m
[1m[37mmsg: 113 point cloud size: 86400,ts:82.3890846000[0m
[1m[37mmsg: 114 point cloud size: 86400,ts:82.4890836000[0m
[1m[37mmsg: 115 point cloud size: 86400,ts:82.5890906000[0m
[1m[37mmsg: 116 point cloud size: 86400,ts:82.6890856000[0m
[1m[37mmsg: 117 point cloud size: 86400,ts:82.7890826000[0m
[1m[37mmsg: 118 point cloud size: 86400,ts:82.8890746000[0m
[1m[37mmsg: 119 point cloud size: 83040,ts:82.9890626000[0m
[1m[37mmsg: 120 point cloud size: 85920,ts:83.0896363600[0m
[1m[37mmsg: 121 point cloud size: 86400,ts:83.1890746000[0m
[1m[37mmsg: 122 point cloud size: 86400,ts:83.2890756000[0m
[1m[37mmsg: 123 point cloud size: 86400,ts:83.3890846000[0m
[1m[37mmsg: 124 point cloud size: 86400,ts:83.4890846000[0m
[1m[37mmsg: 125 point cloud size: 86400,ts:83.5890706000[0m
[1m[37mmsg: 126 point cloud size: 86400,ts:83.6890766000[0m
[1m[37mmsg: 127 point cloud size: 86400,ts:83.7890746000[0m
[1m[37mmsg: 128 point cloud size: 86400,ts:83.8890696000[0m
[1m[37mmsg: 129 point cloud size: 83040,ts:83.9890596000[0m
[1m[37mmsg: 130 point cloud size: 85920,ts:84.0896313600[0m
[1m[37mmsg: 131 point cloud size: 86400,ts:84.1890636000[0m
[1m[37mmsg: 132 point cloud size: 86400,ts:84.2890626000[0m
[1m[37mmsg: 133 point cloud size: 86400,ts:84.3890666000[0m
[1m[37mmsg: 134 point cloud size: 86400,ts:84.4890636000[0m
[1m[37mmsg: 135 point cloud size: 86400,ts:84.5890566000[0m
[1m[37mmsg: 136 point cloud size: 86400,ts:84.6890516000[0m
[1m[37mmsg: 137 point cloud size: 86400,ts:84.7890766000[0m
[1m[37mmsg: 138 point cloud size: 86400,ts:84.8890746000[0m
[1m[37mmsg: 139 point cloud size: 83040,ts:84.9890606000[0m
[1m[37mmsg: 140 point cloud size: 85920,ts:85.0896273600[0m
[1m[37mmsg: 141 point cloud size: 86400,ts:85.1890526000[0m
[1m[37mmsg: 142 point cloud size: 86400,ts:85.2890706000[0m
[1m[37mmsg: 143 point cloud size: 86400,ts:85.3890416000[0m
[1m[37mmsg: 144 point cloud size: 86400,ts:85.4890466000[0m
[1m[37mmsg: 145 point cloud size: 86400,ts:85.5890506000[0m
[1m[37mmsg: 146 point cloud size: 86400,ts:85.6890386000[0m
[1m[37mmsg: 147 point cloud size: 86400,ts:85.7890416000[0m
[1m[37mmsg: 148 point cloud size: 86400,ts:85.8890306000[0m
[1m[37mmsg: 149 point cloud size: 83040,ts:85.9890346000[0m
[1m[37mmsg: 150 point cloud size: 85920,ts:86.0896133600[0m
[1m[37mmsg: 151 point cloud size: 86400,ts:86.1890366000[0m
[1m[37mmsg: 152 point cloud size: 86400,ts:86.2890256000[0m
[1m[37mmsg: 153 point cloud size: 86400,ts:86.3890246000[0m
[1m[37mmsg: 154 point cloud size: 86400,ts:86.4890356000[0m
[1m[37mmsg: 155 point cloud size: 86400,ts:86.5890206000[0m
[1m[37mmsg: 156 point cloud size: 86400,ts:86.6890236000[0m
[1m[37mmsg: 157 point cloud size: 86400,ts:86.7890106000[0m
[1m[37mmsg: 158 point cloud size: 86400,ts:86.8890096000[0m
[1m[37mmsg: 159 point cloud size: 83040,ts:86.9890206000[0m
[1m[37mmsg: 160 point cloud size: 85920,ts:87.0895753600[0m
[1m[37mmsg: 161 point cloud size: 86400,ts:87.1890226000[0m
[1m[37mmsg: 162 point cloud size: 86400,ts:87.2890116000[0m
[1m[37mmsg: 163 point cloud size: 86400,ts:87.3890096000[0m
[1m[37mmsg: 164 point cloud size: 86400,ts:87.4890176000[0m
[1m[37mmsg: 165 point cloud size: 86400,ts:87.5890126000[0m
[1m[37mmsg: 166 point cloud size: 86400,ts:87.6890086000[0m
[1m[37mmsg: 167 point cloud size: 86400,ts:87.7889896000[0m
[1m[37mmsg: 168 point cloud size: 86400,ts:87.8889926000[0m
[1m[37mmsg: 169 point cloud size: 83040,ts:87.9890026000[0m
[1m[37mmsg: 170 point cloud size: 85920,ts:88.0895663600[0m
[1m[37mmsg: 171 point cloud size: 86400,ts:88.1890096000[0m
[1m[37mmsg: 172 point cloud size: 86400,ts:88.2889896000[0m
[1m[37mmsg: 173 point cloud size: 86400,ts:88.3889956000[0m
[1m[37mmsg: 174 point cloud size: 86400,ts:88.4889836000[0m
[1m[37mmsg: 175 point cloud size: 86400,ts:88.5889906000[0m
[1m[37mmsg: 176 point cloud size: 86400,ts:88.6889906000[0m
[1m[37mmsg: 177 point cloud size: 86400,ts:88.7889846000[0m
[1m[37mmsg: 178 point cloud size: 86400,ts:88.8889916000[0m
[1m[37mmsg: 179 point cloud size: 83040,ts:88.9889826000[0m
[1m[37mmsg: 180 point cloud size: 85920,ts:89.0895543600[0m
[1m[37mmsg: 181 point cloud size: 86400,ts:89.1889746000[0m
[1m[37mmsg: 182 point cloud size: 86400,ts:89.2889816000[0m
[1m[37mmsg: 183 point cloud size: 86400,ts:89.3889826000[0m
[1m[37mmsg: 184 point cloud size: 86400,ts:89.4889876000[0m
[1m[37mmsg: 185 point cloud size: 86400,ts:89.5889686000[0m
[1m[37mmsg: 186 point cloud size: 86400,ts:89.6889816000[0m
[1m[37mmsg: 187 point cloud size: 86400,ts:89.7889756000[0m
[1m[37mmsg: 188 point cloud size: 86400,ts:89.8889596000[0m
[1m[37mmsg: 189 point cloud size: 83040,ts:89.9890056000[0m
[1m[37mmsg: 190 point cloud size: 85920,ts:90.0895783600[0m
[1m[37mmsg: 191 point cloud size: 86400,ts:90.1889606000[0m
[1m[37mmsg: 192 point cloud size: 86400,ts:90.2889926000[0m
[1m[37mmsg: 193 point cloud size: 86400,ts:90.3889696000[0m
[1m[37mmsg: 194 point cloud size: 86400,ts:90.4889516000[0m
[1m[37mmsg: 195 point cloud size: 86400,ts:90.5889606000[0m
[1m[37mmsg: 196 point cloud size: 86400,ts:90.6889616000[0m
[1m[37mmsg: 197 point cloud size: 86400,ts:90.7889686000[0m
[1m[37mmsg: 198 point cloud size: 86400,ts:90.8889476000[0m
[1m[37mmsg: 199 point cloud size: 83040,ts:90.9889506000[0m
[1m[37mmsg: 200 point cloud size: 85920,ts:91.0895183600[0m
[1m[37mmsg: 201 point cloud size: 86400,ts:91.1890126000[0m
[1m[37mmsg: 202 point cloud size: 86400,ts:91.2889476000[0m
[1m[37mmsg: 203 point cloud size: 86400,ts:91.3889486000[0m
[1m[37mmsg: 204 point cloud size: 86400,ts:91.4889376000[0m
[1m[37mmsg: 205 point cloud size: 86400,ts:91.5889436000[0m
[1m[37mmsg: 206 point cloud size: 86400,ts:91.6889306000[0m
[1m[37mmsg: 207 point cloud size: 86400,ts:91.7889496000[0m
[1m[37mmsg: 208 point cloud size: 86400,ts:91.8889366000[0m
[1m[37mmsg: 209 point cloud size: 83040,ts:91.9889386000[0m
[1m[37mmsg: 210 point cloud size: 85920,ts:92.0895053600[0m
[1m[37mmsg: 211 point cloud size: 86400,ts:92.1889276000[0m
[1m[37mmsg: 212 point cloud size: 86400,ts:92.2889376000[0m
[1m[37mmsg: 213 point cloud size: 86400,ts:92.3889326000[0m
[1m[37mmsg: 214 point cloud size: 86400,ts:92.4889246000[0m
[1m[37mmsg: 215 point cloud size: 86400,ts:92.5889266000[0m
[1m[37mmsg: 216 point cloud size: 86400,ts:92.6889506000[0m
[1m[37mmsg: 217 point cloud size: 86400,ts:92.7888996000[0m
[1m[37mmsg: 218 point cloud size: 86400,ts:92.8889196000[0m
[1m[37mmsg: 219 point cloud size: 83040,ts:92.9889276000[0m
[1m[37mmsg: 220 point cloud size: 85920,ts:93.0894763600[0m
[1m[37mmsg: 221 point cloud size: 86400,ts:93.1889116000[0m
[1m[37mmsg: 222 point cloud size: 86400,ts:93.2889216000[0m
[1m[37mmsg: 223 point cloud size: 86400,ts:93.3889236000[0m
[1m[37mmsg: 224 point cloud size: 86400,ts:93.4889056000[0m
[1m[37mmsg: 225 point cloud size: 86400,ts:93.5889076000[0m
[1m[37mmsg: 226 point cloud size: 86400,ts:93.6889086000[0m
[1m[37mmsg: 227 point cloud size: 86400,ts:93.7888946000[0m
[1m[37mmsg: 228 point cloud size: 86400,ts:93.8888976000[0m
[1m[37mmsg: 229 point cloud size: 83040,ts:93.9889036000[0m
[1m[37mmsg: 230 point cloud size: 85920,ts:94.0894623600[0m
[1m[37mmsg: 231 point cloud size: 86400,ts:94.1889006000[0m
[1m[37mmsg: 232 point cloud size: 86400,ts:94.2889136000[0m
[1m[37mmsg: 233 point cloud size: 86400,ts:94.3888866000[0m
[1m[37mmsg: 234 point cloud size: 86400,ts:94.4888866000[0m
[1m[37mmsg: 235 point cloud size: 86400,ts:94.5889016000[0m
[1m[37mmsg: 236 point cloud size: 86400,ts:94.6888856000[0m
[1m[37mmsg: 237 point cloud size: 86400,ts:94.7888926000[0m
[1m[37mmsg: 238 point cloud size: 86400,ts:94.8889016000[0m
[1m[37mmsg: 239 point cloud size: 83040,ts:94.9888866000[0m
[1m[37mmsg: 240 point cloud size: 85920,ts:95.0894463600[0m
[1m[37mmsg: 241 point cloud size: 86400,ts:95.1888876000[0m
[1m[37mmsg: 242 point cloud size: 86400,ts:95.2888716000[0m
[1m[37mmsg: 243 point cloud size: 86400,ts:95.3888756000[0m
[1m[37mmsg: 244 point cloud size: 86400,ts:95.4889016000[0m
[1m[37mmsg: 245 point cloud size: 86400,ts:95.5888966000[0m
[1m[37mmsg: 246 point cloud size: 86400,ts:95.6889016000[0m
[1m[37mmsg: 247 point cloud size: 86400,ts:95.7888836000[0m
[1m[37mmsg: 248 point cloud size: 86400,ts:95.8888736000[0m
[1m[37mmsg: 249 point cloud size: 83040,ts:95.9888836000[0m
[1m[37mmsg: 250 point cloud size: 85920,ts:96.0894253600[0m
[1m[37mmsg: 251 point cloud size: 86400,ts:96.1888716000[0m
[1m[37mmsg: 252 point cloud size: 86400,ts:96.2888766000[0m
[1m[37mmsg: 253 point cloud size: 86400,ts:96.3888766000[0m
[1m[37mmsg: 254 point cloud size: 86400,ts:96.4888576000[0m
[1m[37mmsg: 255 point cloud size: 86400,ts:96.5888656000[0m
[1m[37mmsg: 256 point cloud size: 86400,ts:96.6888606000[0m
[1m[37mmsg: 257 point cloud size: 86400,ts:96.7888526000[0m
[1m[37mmsg: 258 point cloud size: 86400,ts:96.8888626000[0m
[1m[37mmsg: 259 point cloud size: 83040,ts:96.9888436000[0m
[1m[37mmsg: 260 point cloud size: 85920,ts:97.0894363600[0m
[1m[37mmsg: 261 point cloud size: 86400,ts:97.1888526000[0m
[1m[37mmsg: 262 point cloud size: 86400,ts:97.2888596000[0m
[1m[37mmsg: 263 point cloud size: 86400,ts:97.3888576000[0m
[1m[37mmsg: 264 point cloud size: 86400,ts:97.4888506000[0m
[1m[37mmsg: 265 point cloud size: 86400,ts:97.5888536000[0m
[1m[37mmsg: 266 point cloud size: 86400,ts:97.6888766000[0m
[1m[37mmsg: 267 point cloud size: 86400,ts:97.7888706000[0m
[1m[37mmsg: 268 point cloud size: 86400,ts:97.8888496000[0m
[1m[37mmsg: 269 point cloud size: 83040,ts:97.9888396000[0m
[1m[37mmsg: 270 point cloud size: 85920,ts:98.0894183600[0m
[1m[37mmsg: 271 point cloud size: 86400,ts:98.1888346000[0m
[1m[37mmsg: 272 point cloud size: 86400,ts:98.2888586000[0m
[1m[37mmsg: 273 point cloud size: 86400,ts:98.3888456000[0m
[1m[37mmsg: 274 point cloud size: 86400,ts:98.4888266000[0m
[1m[37mmsg: 275 point cloud size: 86400,ts:98.5888256000[0m
[1m[37mmsg: 276 point cloud size: 86400,ts:98.6888266000[0m
[1m[37mmsg: 277 point cloud size: 86400,ts:98.7888196000[0m
[1m[37mmsg: 278 point cloud size: 86400,ts:98.8888106000[0m
[1m[37mmsg: 279 point cloud size: 83040,ts:98.9887916000[0m
[1m[37mmsg: 280 point cloud size: 85920,ts:99.0893693600[0m
[1m[37mmsg: 281 point cloud size: 86400,ts:99.1888136000[0m
[1m[37mmsg: 282 point cloud size: 86400,ts:99.2888196000[0m
[1m[37mmsg: 283 point cloud size: 86400,ts:99.3888096000[0m
[1m[37mmsg: 284 point cloud size: 86400,ts:99.4888036000[0m
[1m[37mmsg: 285 point cloud size: 86400,ts:99.5887806000[0m
[1m[37mmsg: 286 point cloud size: 86400,ts:99.6887866000[0m
[1m[37mmsg: 287 point cloud size: 86400,ts:99.7887856000[0m
[1m[37mmsg: 288 point cloud size: 86400,ts:99.8887986000[0m
[1m[37mmsg: 289 point cloud size: 83040,ts:99.9888076000[0m
[1m[37mmsg: 290 point cloud size: 85920,ts:100.0893833600[0m
[1m[37mmsg: 291 point cloud size: 86400,ts:100.1887936000[0m
[1m[37mmsg: 292 point cloud size: 86400,ts:100.2887966000[0m
[1m[37mmsg: 293 point cloud size: 86400,ts:100.3887786000[0m
[1m[37mmsg: 294 point cloud size: 86400,ts:100.4887836000[0m
[1m[37mmsg: 295 point cloud size: 86400,ts:100.5887686000[0m
[1m[37mmsg: 296 point cloud size: 86400,ts:100.6887736000[0m
[1m[37mmsg: 297 point cloud size: 86400,ts:100.7887866000[0m
[1m[37mmsg: 298 point cloud size: 86400,ts:100.8887646000[0m
[1m[37mmsg: 299 point cloud size: 83040,ts:100.9887966000[0m
[1m[37mmsg: 300 point cloud size: 85920,ts:101.0893213600[0m
[1m[37mmsg: 301 point cloud size: 86400,ts:101.1887686000[0m
[1m[37mmsg: 302 point cloud size: 86400,ts:101.2887556000[0m
[1m[37mmsg: 303 point cloud size: 86400,ts:101.3887636000[0m
[1m[37mmsg: 304 point cloud size: 86400,ts:101.4887616000[0m
[1m[37mmsg: 305 point cloud size: 86400,ts:101.5887706000[0m
[1m[37mmsg: 306 point cloud size: 86400,ts:101.6887546000[0m
[1m[37mmsg: 307 point cloud size: 86400,ts:101.7887676000[0m
[1m[37mmsg: 308 point cloud size: 86400,ts:101.8887836000[0m
[1m[37mmsg: 309 point cloud size: 83040,ts:101.9887516000[0m
[1m[37mmsg: 310 point cloud size: 85920,ts:102.0893153600[0m
[1m[37mmsg: 311 point cloud size: 86400,ts:102.1887626000[0m
[1m[37mmsg: 312 point cloud size: 86400,ts:102.2887446000[0m
[1m[37mmsg: 313 point cloud size: 86400,ts:102.3887446000[0m
[1m[37mmsg: 314 point cloud size: 86400,ts:102.4887356000[0m
[1m[37mmsg: 315 point cloud size: 86400,ts:102.5887416000[0m
[1m[37mmsg: 316 point cloud size: 86400,ts:102.6887416000[0m
[1m[37mmsg: 317 point cloud size: 86400,ts:102.7887346000[0m
[1m[37mmsg: 318 point cloud size: 86400,ts:102.8887476000[0m
[1m[37mmsg: 319 point cloud size: 83040,ts:102.9887336000[0m
[1m[37mmsg: 320 point cloud size: 85920,ts:103.0893163600[0m
[1m[37mmsg: 321 point cloud size: 86400,ts:103.1887236000[0m
[1m[37mmsg: 322 point cloud size: 86400,ts:103.2887346000[0m
[1m[37mmsg: 323 point cloud size: 86400,ts:103.3887346000[0m
[1m[37mmsg: 324 point cloud size: 86400,ts:103.4887246000[0m
[1m[37mmsg: 325 point cloud size: 86400,ts:103.5887216000[0m
[1m[37mmsg: 326 point cloud size: 86400,ts:103.6887286000[0m
[1m[37mmsg: 327 point cloud size: 86400,ts:103.7887296000[0m
[1m[37mmsg: 328 point cloud size: 86400,ts:103.8887176000[0m
[1m[37mmsg: 329 point cloud size: 83040,ts:103.9887346000[0m
[1m[37mmsg: 330 point cloud size: 85920,ts:104.0892843600[0m
[1m[37mmsg: 331 point cloud size: 86400,ts:104.1887186000[0m
[1m[37mmsg: 332 point cloud size: 86400,ts:104.2887296000[0m
[1m[37mmsg: 333 point cloud size: 86400,ts:104.3887226000[0m
[1m[37mmsg: 334 point cloud size: 86400,ts:104.4887126000[0m
[1m[37mmsg: 335 point cloud size: 86400,ts:104.5887186000[0m
[1m[37mmsg: 336 point cloud size: 86400,ts:104.6887276000[0m
[1m[37mmsg: 337 point cloud size: 86400,ts:104.7887296000[0m
[1m[37mmsg: 338 point cloud size: 86400,ts:104.8887216000[0m
[1m[37mmsg: 339 point cloud size: 83040,ts:104.9887416000[0m
[1m[37mmsg: 340 point cloud size: 85920,ts:105.0892713600[0m
[1m[37mmsg: 341 point cloud size: 86400,ts:105.1887056000[0m
[1m[37mmsg: 342 point cloud size: 86400,ts:105.2887126000[0m
[1m[37mmsg: 343 point cloud size: 86400,ts:105.3887036000[0m
[1m[37mmsg: 344 point cloud size: 86400,ts:105.4886966000[0m
[1m[37mmsg: 345 point cloud size: 86400,ts:105.5887136000[0m
[1m[37mmsg: 346 point cloud size: 86400,ts:105.6886876000[0m
[1m[37mmsg: 347 point cloud size: 86400,ts:105.7887106000[0m
[1m[37mmsg: 348 point cloud size: 86400,ts:105.8887016000[0m
[1m[37mmsg: 349 point cloud size: 83040,ts:105.9887036000[0m
[1m[37mmsg: 350 point cloud size: 85920,ts:106.0892563600[0m
[1m[37mmsg: 351 point cloud size: 86400,ts:106.1886926000[0m
[1m[37mmsg: 352 point cloud size: 86400,ts:106.2887346000[0m
[1m[37mmsg: 353 point cloud size: 86400,ts:106.3887336000[0m
[1m[37mmsg: 354 point cloud size: 86400,ts:106.4886936000[0m
[1m[37mmsg: 355 point cloud size: 86400,ts:106.5886736000[0m
[1m[37mmsg: 356 point cloud size: 86400,ts:106.6886806000[0m
[1m[37mmsg: 357 point cloud size: 86400,ts:106.7886806000[0m
[1m[37mmsg: 358 point cloud size: 86400,ts:106.8886746000[0m
[1m[37mmsg: 359 point cloud size: 83040,ts:106.9886836000[0m
[1m[37mmsg: 360 point cloud size: 85920,ts:107.0892303600[0m
[1m[37mmsg: 361 point cloud size: 86400,ts:107.1886956000[0m
[1m[37mmsg: 362 point cloud size: 86400,ts:107.2886776000[0m
[1m[37mmsg: 363 point cloud size: 86400,ts:107.3886856000[0m
[1m[37mmsg: 364 point cloud size: 86400,ts:107.4886906000[0m
[1m[37mmsg: 365 point cloud size: 86400,ts:107.5886716000[0m
[1m[37mmsg: 366 point cloud size: 86400,ts:107.6886736000[0m
[1m[37mmsg: 367 point cloud size: 86400,ts:107.7886856000[0m
[1m[37mmsg: 368 point cloud size: 86400,ts:107.8886646000[0m
[1m[37mmsg: 369 point cloud size: 83040,ts:107.9886706000[0m
[1m[37mmsg: 370 point cloud size: 85920,ts:108.0892303600[0m
[1m[37mmsg: 371 point cloud size: 86400,ts:108.1886756000[0m
[1m[37mmsg: 372 point cloud size: 86400,ts:108.2886666000[0m
[1m[37mmsg: 373 point cloud size: 86400,ts:108.3886646000[0m
[1m[37mmsg: 374 point cloud size: 86400,ts:108.4886506000[0m
[1m[37mmsg: 375 point cloud size: 86400,ts:108.5886606000[0m
[1m[37mmsg: 376 point cloud size: 86400,ts:108.6886576000[0m
[1m[37mmsg: 377 point cloud size: 86400,ts:108.7886466000[0m
[1m[37mmsg: 378 point cloud size: 86400,ts:108.8886506000[0m
[1m[37mmsg: 379 point cloud size: 83040,ts:108.9886656000[0m
[1m[37mmsg: 380 point cloud size: 85920,ts:109.0892173600[0m
[1m[37mmsg: 381 point cloud size: 86400,ts:109.1886656000[0m
[1m[37mmsg: 382 point cloud size: 86400,ts:109.2886516000[0m
[1m[37mmsg: 383 point cloud size: 86400,ts:109.3886616000[0m
[1m[37mmsg: 384 point cloud size: 86400,ts:109.4886336000[0m
[1m[37mmsg: 385 point cloud size: 86400,ts:109.5886416000[0m
[1m[37mmsg: 386 point cloud size: 86400,ts:109.6886346000[0m
[1m[37mmsg: 387 point cloud size: 86400,ts:109.7886276000[0m
[1m[37mmsg: 388 point cloud size: 86400,ts:109.8886616000[0m
[1m[37mmsg: 389 point cloud size: 83040,ts:109.9886406000[0m
[1m[37mmsg: 390 point cloud size: 85920,ts:110.0891993600[0m
[1m[37mmsg: 391 point cloud size: 86400,ts:110.1886426000[0m
[1m[37mmsg: 392 point cloud size: 86400,ts:110.2886386000[0m
[1m[37mmsg: 393 point cloud size: 86400,ts:110.3886166000[0m
[1m[37mmsg: 394 point cloud size: 86400,ts:110.4886236000[0m
[1m[37mmsg: 395 point cloud size: 86400,ts:110.5886226000[0m
[1m[37mmsg: 396 point cloud size: 86400,ts:110.6886396000[0m
[1m[37mmsg: 397 point cloud size: 86400,ts:110.7886196000[0m
[1m[37mmsg: 398 point cloud size: 86400,ts:110.8887936000[0m
[1m[37mmsg: 399 point cloud size: 83040,ts:110.9886096000[0m
[1m[37mmsg: 400 point cloud size: 85920,ts:111.0891793600[0m
[1m[37mmsg: 401 point cloud size: 86400,ts:111.1886106000[0m
[1m[37mmsg: 402 point cloud size: 86400,ts:111.2886176000[0m
[1m[37mmsg: 403 point cloud size: 86400,ts:111.3886016000[0m
[1m[37mmsg: 404 point cloud size: 86400,ts:111.4886106000[0m
[1m[37mmsg: 405 point cloud size: 86400,ts:111.5886366000[0m
[1m[37mmsg: 406 point cloud size: 86400,ts:111.6886296000[0m
[1m[37mmsg: 407 point cloud size: 86400,ts:111.7886186000[0m
[1m[37mmsg: 408 point cloud size: 86400,ts:111.8886286000[0m
[1m[37mmsg: 409 point cloud size: 83040,ts:111.9886136000[0m
[1m[37mmsg: 410 point cloud size: 85920,ts:112.0891663600[0m
[1m[37mmsg: 411 point cloud size: 86400,ts:112.1885946000[0m
[1m[37mmsg: 412 point cloud size: 86400,ts:112.2886106000[0m
[1m[37mmsg: 413 point cloud size: 86400,ts:112.3885876000[0m
[1m[37mmsg: 414 point cloud size: 86400,ts:112.4885946000[0m
[1m[37mmsg: 415 point cloud size: 86400,ts:112.5886006000[0m
[1m[37mmsg: 416 point cloud size: 86400,ts:112.6886086000[0m
[1m[37mmsg: 417 point cloud size: 86400,ts:112.7885946000[0m
[1m[37mmsg: 418 point cloud size: 86400,ts:112.8885906000[0m
[1m[37mmsg: 419 point cloud size: 83040,ts:112.9885746000[0m
[1m[37mmsg: 420 point cloud size: 85920,ts:113.0891563600[0m
[1m[37mmsg: 421 point cloud size: 86400,ts:113.1885826000[0m
[1m[37mmsg: 422 point cloud size: 86400,ts:113.2885856000[0m
[1m[37mmsg: 423 point cloud size: 86400,ts:113.3885746000[0m
[1m[37mmsg: 424 point cloud size: 86400,ts:113.4885846000[0m
[1m[37mmsg: 425 point cloud size: 86400,ts:113.5885846000[0m
[1m[37mmsg: 426 point cloud size: 86400,ts:113.6885866000[0m
[1m[37mmsg: 427 point cloud size: 86400,ts:113.7885656000[0m
[1m[37mmsg: 428 point cloud size: 86400,ts:113.8885856000[0m
[1m[37mmsg: 429 point cloud size: 83040,ts:113.9885816000[0m
[1m[37mmsg: 430 point cloud size: 85920,ts:114.0891393600[0m
[1m[37mmsg: 431 point cloud size: 86400,ts:114.1885706000[0m
[1m[37mmsg: 432 point cloud size: 86400,ts:114.2885716000[0m
[1m[37mmsg: 433 point cloud size: 86400,ts:114.3885606000[0m
[1m[37mmsg: 434 point cloud size: 86400,ts:114.4885606000[0m
[1m[37mmsg: 435 point cloud size: 86400,ts:114.5885476000[0m
[1m[37mmsg: 436 point cloud size: 86400,ts:114.6885496000[0m
[1m[37mmsg: 437 point cloud size: 86400,ts:114.7885616000[0m
[1m[37mmsg: 438 point cloud size: 86400,ts:114.8885616000[0m
[1m[37mmsg: 439 point cloud size: 83040,ts:114.9885636000[0m
[1m[37mmsg: 440 point cloud size: 85920,ts:115.0891243600[0m
[1m[37mmsg: 441 point cloud size: 86400,ts:115.1885546000[0m
[1m[37mmsg: 442 point cloud size: 86400,ts:115.2885396000[0m
[1m[37mmsg: 443 point cloud size: 86400,ts:115.3885516000[0m
[1m[37mmsg: 444 point cloud size: 86400,ts:115.4885406000[0m
[1m[37mmsg: 445 point cloud size: 86400,ts:115.5885496000[0m
[1m[37mmsg: 446 point cloud size: 86400,ts:115.6885326000[0m
[1m[37mmsg: 447 point cloud size: 86400,ts:115.7885346000[0m
[1m[37mmsg: 448 point cloud size: 86400,ts:115.8885316000[0m
[1m[37mmsg: 449 point cloud size: 83040,ts:115.9885266000[0m
[1m[37mmsg: 450 point cloud size: 85920,ts:116.0890823600[0m
[1m[37mmsg: 451 point cloud size: 86400,ts:116.1885396000[0m
[1m[37mmsg: 452 point cloud size: 86400,ts:116.2885266000[0m
[1m[37mmsg: 453 point cloud size: 86400,ts:116.3885426000[0m
[1m[37mmsg: 454 point cloud size: 86400,ts:116.4885296000[0m
[1m[37mmsg: 455 point cloud size: 86400,ts:116.5885416000[0m
[1m[37mmsg: 456 point cloud size: 86400,ts:116.6885226000[0m
[1m[37mmsg: 457 point cloud size: 86400,ts:116.7885466000[0m
[1m[37mmsg: 458 point cloud size: 86400,ts:116.8885266000[0m
[1m[37mmsg: 459 point cloud size: 83040,ts:116.9885146000[0m
[1m[37mmsg: 460 point cloud size: 85920,ts:117.0890883600[0m
[1m[37mmsg: 461 point cloud size: 86400,ts:117.1885386000[0m
[1m[37mmsg: 462 point cloud size: 86400,ts:117.2885606000[0m
[1m[37mmsg: 463 point cloud size: 86400,ts:117.3885116000[0m
[1m[37mmsg: 464 point cloud size: 86400,ts:117.4885156000[0m
[1m[37mmsg: 465 point cloud size: 86400,ts:117.5885086000[0m
[1m[37mmsg: 466 point cloud size: 86400,ts:117.6885026000[0m
[1m[37mmsg: 467 point cloud size: 86400,ts:117.7885296000[0m
[1m[37mmsg: 468 point cloud size: 86400,ts:117.8885216000[0m
[1m[37mmsg: 469 point cloud size: 83040,ts:117.9885126000[0m
[1m[37mmsg: 470 point cloud size: 85920,ts:118.0890623600[0m
[1m[37mmsg: 471 point cloud size: 86400,ts:118.1885096000[0m
[1m[37mmsg: 472 point cloud size: 86400,ts:118.2885026000[0m
[1m[37mmsg: 473 point cloud size: 86400,ts:118.3885106000[0m
[1m[37mmsg: 474 point cloud size: 86400,ts:118.4885166000[0m
[1m[37mmsg: 475 point cloud size: 86400,ts:118.5885056000[0m
[1m[37mmsg: 476 point cloud size: 86400,ts:118.6885296000[0m
[1m[37mmsg: 477 point cloud size: 86400,ts:118.7885286000[0m
[1m[37mmsg: 478 point cloud size: 86400,ts:118.8884636000[0m
[1m[37mmsg: 479 point cloud size: 83040,ts:118.9884806000[0m
[1m[37mmsg: 480 point cloud size: 85920,ts:119.0890403600[0m
[1m[37mmsg: 481 point cloud size: 86400,ts:119.1884866000[0m
[1m[37mmsg: 482 point cloud size: 86400,ts:119.2884946000[0m
[1m[37mmsg: 483 point cloud size: 86400,ts:119.3884756000[0m
[1m[37mmsg: 484 point cloud size: 86400,ts:119.4884616000[0m
[1m[37mmsg: 485 point cloud size: 86400,ts:119.5884646000[0m
[1m[37mmsg: 486 point cloud size: 86400,ts:119.6884696000[0m
[1m[37mmsg: 487 point cloud size: 86400,ts:119.7884956000[0m
[1m[37mmsg: 488 point cloud size: 86400,ts:119.8884766000[0m
[1m[37mmsg: 489 point cloud size: 83040,ts:119.9884756000[0m
[1m[37mmsg: 490 point cloud size: 85920,ts:120.0890343600[0m
[1m[37mmsg: 491 point cloud size: 86400,ts:120.1884666000[0m
[1m[37mmsg: 492 point cloud size: 86400,ts:120.2884556000[0m
[1m[37mmsg: 493 point cloud size: 86400,ts:120.3884596000[0m
[1m[37mmsg: 494 point cloud size: 86400,ts:120.4884446000[0m
[1m[37mmsg: 495 point cloud size: 86400,ts:120.5884616000[0m
[1m[37mmsg: 496 point cloud size: 86400,ts:120.6884666000[0m
[1m[37mmsg: 497 point cloud size: 86400,ts:120.7884386000[0m
[1m[37mmsg: 498 point cloud size: 86400,ts:120.8884526000[0m
[1m[37mmsg: 499 point cloud size: 83040,ts:120.9884476000[0m
[1m[37mmsg: 500 point cloud size: 85920,ts:121.0890093600[0m
[1m[37mmsg: 501 point cloud size: 86400,ts:121.1884706000[0m
[1m[37mmsg: 502 point cloud size: 86400,ts:121.2884466000[0m
[1m[37mmsg: 503 point cloud size: 86400,ts:121.3884516000[0m
[1m[37mmsg: 504 point cloud size: 86400,ts:121.4884476000[0m
[1m[37mmsg: 505 point cloud size: 86400,ts:121.5884406000[0m
[1m[37mmsg: 506 point cloud size: 86400,ts:121.6884216000[0m
[1m[37mmsg: 507 point cloud size: 86400,ts:121.7884306000[0m
[1m[37mmsg: 508 point cloud size: 86400,ts:121.8884296000[0m
[1m[37mmsg: 509 point cloud size: 83040,ts:121.9884386000[0m
[1m[37mmsg: 510 point cloud size: 85920,ts:122.0890023600[0m
[1m[37mmsg: 511 point cloud size: 86400,ts:122.1884206000[0m
[1m[37mmsg: 512 point cloud size: 86400,ts:122.2884226000[0m
[1m[37mmsg: 513 point cloud size: 86400,ts:122.3884296000[0m
[1m[37mmsg: 514 point cloud size: 86400,ts:122.4884456000[0m
[1m[37mmsg: 515 point cloud size: 86400,ts:122.5884526000[0m
[1m[37mmsg: 516 point cloud size: 86400,ts:122.6884246000[0m
[1m[37mmsg: 517 point cloud size: 86400,ts:122.7884106000[0m
[1m[37mmsg: 518 point cloud size: 86400,ts:122.8884146000[0m
[1m[37mmsg: 519 point cloud size: 83040,ts:122.9884146000[0m
[1m[37mmsg: 520 point cloud size: 85920,ts:123.0889933600[0m
[1m[37mmsg: 521 point cloud size: 86400,ts:123.1884286000[0m
[1m[37mmsg: 522 point cloud size: 86400,ts:123.2884116000[0m
[1m[37mmsg: 523 point cloud size: 86400,ts:123.3884056000[0m
[1m[37mmsg: 524 point cloud size: 86400,ts:123.4884096000[0m
[1m[37mmsg: 525 point cloud size: 86400,ts:123.5884046000[0m
[1m[37mmsg: 526 point cloud size: 86400,ts:123.6884086000[0m
[1m[37mmsg: 527 point cloud size: 86400,ts:123.7883936000[0m
[1m[37mmsg: 528 point cloud size: 86400,ts:123.8884086000[0m
[1m[37mmsg: 529 point cloud size: 83040,ts:123.9884106000[0m
[1m[37mmsg: 530 point cloud size: 85920,ts:124.0889573600[0m
[1m[37mmsg: 531 point cloud size: 86400,ts:124.1884046000[0m
[1m[37mmsg: 532 point cloud size: 86400,ts:124.2884046000[0m
[1m[37mmsg: 533 point cloud size: 86400,ts:124.3883936000[0m
[1m[37mmsg: 534 point cloud size: 86400,ts:124.4884026000[0m
[1m[37mmsg: 535 point cloud size: 86400,ts:124.5883876000[0m
[1m[37mmsg: 536 point cloud size: 86400,ts:124.6883776000[0m
[1m[37mmsg: 537 point cloud size: 86400,ts:124.7883796000[0m
[1m[37mmsg: 538 point cloud size: 86400,ts:124.8883826000[0m
[1m[37mmsg: 539 point cloud size: 83040,ts:124.9883856000[0m
[1m[37mmsg: 540 point cloud size: 85920,ts:125.0889293600[0m
[1m[37mmsg: 541 point cloud size: 86400,ts:125.1883866000[0m
[1m[37mmsg: 542 point cloud size: 86400,ts:125.2883846000[0m
[1m[37mmsg: 543 point cloud size: 86400,ts:125.3883666000[0m
[1m[37mmsg: 544 point cloud size: 86400,ts:125.4883666000[0m
[1m[37mmsg: 545 point cloud size: 86400,ts:125.5883736000[0m
[1m[37mmsg: 546 point cloud size: 86400,ts:125.6883986000[0m
[1m[37mmsg: 547 point cloud size: 86400,ts:125.7883616000[0m
[1m[37mmsg: 548 point cloud size: 86400,ts:125.8883656000[0m
[1m[37mmsg: 549 point cloud size: 83040,ts:125.9883686000[0m
[1m[37mmsg: 550 point cloud size: 85920,ts:126.0889243600[0m
[1m[37mmsg: 551 point cloud size: 86400,ts:126.1883606000[0m
[1m[37mmsg: 552 point cloud size: 86400,ts:126.2883626000[0m
[1m[37mmsg: 553 point cloud size: 86400,ts:126.3883636000[0m
[1m[37mmsg: 554 point cloud size: 86400,ts:126.4883506000[0m
[1m[37mmsg: 555 point cloud size: 86400,ts:126.5883566000[0m
[1m[37mmsg: 556 point cloud size: 86400,ts:126.6883576000[0m
[1m[37mmsg: 557 point cloud size: 86400,ts:126.7883426000[0m
[1m[37mmsg: 558 point cloud size: 86400,ts:126.8883566000[0m
[1m[37mmsg: 559 point cloud size: 83040,ts:126.9883586000[0m
[1m[37mmsg: 560 point cloud size: 85920,ts:127.0889133600[0m
[1m[37mmsg: 561 point cloud size: 86400,ts:127.1883416000[0m
[1m[37mmsg: 562 point cloud size: 86400,ts:127.2883496000[0m
[1m[37mmsg: 563 point cloud size: 86400,ts:127.3883566000[0m
[1m[37mmsg: 564 point cloud size: 86400,ts:127.4883336000[0m
[1m[37mmsg: 565 point cloud size: 86400,ts:127.5883596000[0m
[1m[37mmsg: 566 point cloud size: 86400,ts:127.6883466000[0m
[1m[37mmsg: 567 point cloud size: 86400,ts:127.7883836000[0m
[1m[37mmsg: 568 point cloud size: 86400,ts:127.8883506000[0m
[1m[37mmsg: 569 point cloud size: 83040,ts:127.9883756000[0m
[1m[37mmsg: 570 point cloud size: 85920,ts:128.0889173600[0m
[1m[37mmsg: 571 point cloud size: 86400,ts:128.1883256000[0m
[1m[37mmsg: 572 point cloud size: 86400,ts:128.2883396000[0m
[1m[37mmsg: 573 point cloud size: 86400,ts:128.3883266000[0m
[1m[37mmsg: 574 point cloud size: 86400,ts:128.4883236000[0m
[1m[37mmsg: 575 point cloud size: 86400,ts:128.5883436000[0m
[1m[37mmsg: 576 point cloud size: 86400,ts:128.6883296000[0m
[1m[37mmsg: 577 point cloud size: 86400,ts:128.7883206000[0m
[1m[37mmsg: 578 point cloud size: 86400,ts:128.8883016000[0m
[1m[37mmsg: 579 point cloud size: 83040,ts:128.9883216000[0m
[1m[37mmsg: 580 point cloud size: 85920,ts:129.0889243600[0m
[1m[37mmsg: 581 point cloud size: 86400,ts:129.1883216000[0m
[1m[37mmsg: 582 point cloud size: 86400,ts:129.2883256000[0m
[1m[37mmsg: 583 point cloud size: 86400,ts:129.3883266000[0m
[1m[37mmsg: 584 point cloud size: 86400,ts:129.4883096000[0m
[1m[37mmsg: 585 point cloud size: 86400,ts:129.5883106000[0m
[1m[37mmsg: 586 point cloud size: 86400,ts:129.6883156000[0m
[1m[37mmsg: 587 point cloud size: 86400,ts:129.7882986000[0m
[1m[37mmsg: 588 point cloud size: 86400,ts:129.8883146000[0m
[1m[37mmsg: 589 point cloud size: 83040,ts:129.9883056000[0m
[1m[37mmsg: 590 point cloud size: 85920,ts:130.0888523600[0m
[1m[37mmsg: 591 point cloud size: 86400,ts:130.1883056000[0m
[1m[37mmsg: 592 point cloud size: 86400,ts:130.2883006000[0m
[1m[37mmsg: 593 point cloud size: 86400,ts:130.3882856000[0m
[1m[37mmsg: 594 point cloud size: 86400,ts:130.4883106000[0m
[1m[37mmsg: 595 point cloud size: 86400,ts:130.5882926000[0m
[1m[37mmsg: 596 point cloud size: 86400,ts:130.6882806000[0m
[1m[37mmsg: 597 point cloud size: 86400,ts:130.7882886000[0m
[1m[37mmsg: 598 point cloud size: 86400,ts:130.8882706000[0m
[1m[37mmsg: 599 point cloud size: 83040,ts:130.9882756000[0m
[1m[37mmsg: 600 point cloud size: 85920,ts:131.0888283600[0m
[1m[37mmsg: 601 point cloud size: 86400,ts:131.1882816000[0m
[1m[37mmsg: 602 point cloud size: 86400,ts:131.2882716000[0m
[1m[37mmsg: 603 point cloud size: 86400,ts:131.3882766000[0m
[1m[37mmsg: 604 point cloud size: 86400,ts:131.4882566000[0m
[1m[37mmsg: 605 point cloud size: 86400,ts:131.5882746000[0m
[1m[37mmsg: 606 point cloud size: 86400,ts:131.6882636000[0m
[1m[37mmsg: 607 point cloud size: 86400,ts:131.7882706000[0m
[1m[37mmsg: 608 point cloud size: 86400,ts:131.8882706000[0m
[1m[37mmsg: 609 point cloud size: 83040,ts:131.9882586000[0m
[1m[37mmsg: 610 point cloud size: 85920,ts:132.0888283600[0m
[1m[37mmsg: 611 point cloud size: 86400,ts:132.1882706000[0m
[1m[37mmsg: 612 point cloud size: 86400,ts:132.2882636000[0m
[1m[37mmsg: 613 point cloud size: 86400,ts:132.3882816000[0m
[1m[37mmsg: 614 point cloud size: 86400,ts:132.4882586000[0m
[1m[37mmsg: 615 point cloud size: 86400,ts:132.5882466000[0m
[1m[37mmsg: 616 point cloud size: 86400,ts:132.6882526000[0m
[1m[37mmsg: 617 point cloud size: 86400,ts:132.7882366000[0m
[1m[37mmsg: 618 point cloud size: 86400,ts:132.8882886000[0m
[1m[37mmsg: 619 point cloud size: 83040,ts:132.9882436000[0m
[1m[37mmsg: 620 point cloud size: 85920,ts:133.0888023600[0m
[1m[37mmsg: 621 point cloud size: 86400,ts:133.1882776000[0m
[1m[37mmsg: 622 point cloud size: 86400,ts:133.2882506000[0m
[1m[37mmsg: 623 point cloud size: 86400,ts:133.3882466000[0m
[1m[37mmsg: 624 point cloud size: 86400,ts:133.4882426000[0m
[1m[37mmsg: 625 point cloud size: 86400,ts:133.5882566000[0m
[1m[37mmsg: 626 point cloud size: 86400,ts:133.6882416000[0m
[1m[37mmsg: 627 point cloud size: 86400,ts:133.7882406000[0m
[1m[37mmsg: 628 point cloud size: 86400,ts:133.8882366000[0m
[1m[37mmsg: 629 point cloud size: 83040,ts:133.9882346000[0m
[1m[37mmsg: 630 point cloud size: 85920,ts:134.0887983600[0m
[1m[37mmsg: 631 point cloud size: 86400,ts:134.1882226000[0m
[1m[37mmsg: 632 point cloud size: 86400,ts:134.2882216000[0m
[1m[37mmsg: 633 point cloud size: 86400,ts:134.3882376000[0m
[1m[37mmsg: 634 point cloud size: 86400,ts:134.4882276000[0m
[1m[37mmsg: 635 point cloud size: 86400,ts:134.5882406000[0m
[1m[37mmsg: 636 point cloud size: 86400,ts:134.6882166000[0m
[1m[37mmsg: 637 point cloud size: 86400,ts:134.7882206000[0m
[1m[37mmsg: 638 point cloud size: 86400,ts:134.8882186000[0m
[1m[37mmsg: 639 point cloud size: 83040,ts:134.9882206000[0m
[1m[37mmsg: 640 point cloud size: 85920,ts:135.0887663600[0m
[1m[37mmsg: 641 point cloud size: 86400,ts:135.1882146000[0m
[1m[37mmsg: 642 point cloud size: 86400,ts:135.2882026000[0m
[1m[37mmsg: 643 point cloud size: 86400,ts:135.3882076000[0m
[1m[37mmsg: 644 point cloud size: 86400,ts:135.4882126000[0m
[1m[37mmsg: 645 point cloud size: 86400,ts:135.5882126000[0m
[1m[37mmsg: 646 point cloud size: 86400,ts:135.6882006000[0m
[1m[37mmsg: 647 point cloud size: 86400,ts:135.7882046000[0m
[1m[37mmsg: 648 point cloud size: 86400,ts:135.8882286000[0m
[1m[37mmsg: 649 point cloud size: 83040,ts:135.9881956000[0m
[1m[37mmsg: 650 point cloud size: 85920,ts:136.0887563600[0m
[1m[37mmsg: 651 point cloud size: 86400,ts:136.1881936000[0m
[1m[37mmsg: 652 point cloud size: 86400,ts:136.2881976000[0m
[1m[37mmsg: 653 point cloud size: 86400,ts:136.3881986000[0m
[1m[37mmsg: 654 point cloud size: 86400,ts:136.4882036000[0m
[1m[37mmsg: 655 point cloud size: 86400,ts:136.5881816000[0m
[1m[37mmsg: 656 point cloud size: 86400,ts:136.6882016000[0m
[1m[37mmsg: 657 point cloud size: 86400,ts:136.7881746000[0m
[1m[37mmsg: 658 point cloud size: 86400,ts:136.8881786000[0m
[1m[37mmsg: 659 point cloud size: 83040,ts:136.9881866000[0m
[1m[37mmsg: 660 point cloud size: 85920,ts:137.0887413600[0m
[1m[37mmsg: 661 point cloud size: 86400,ts:137.1881936000[0m
[1m[37mmsg: 662 point cloud size: 86400,ts:137.2881726000[0m
[1m[37mmsg: 663 point cloud size: 86400,ts:137.3881796000[0m
[1m[37mmsg: 664 point cloud size: 86400,ts:137.4881836000[0m
[1m[37mmsg: 665 point cloud size: 86400,ts:137.5881656000[0m
[1m[37mmsg: 666 point cloud size: 86400,ts:137.6881806000[0m
[1m[37mmsg: 667 point cloud size: 86400,ts:137.7881566000[0m
[1m[37mmsg: 668 point cloud size: 86400,ts:137.8881686000[0m
[1m[37mmsg: 669 point cloud size: 83040,ts:137.9881676000[0m
[1m[37mmsg: 670 point cloud size: 85920,ts:138.0887303600[0m
[1m[37mmsg: 671 point cloud size: 86400,ts:138.1881596000[0m
[1m[37mmsg: 672 point cloud size: 86400,ts:138.2881566000[0m
[1m[37mmsg: 673 point cloud size: 86400,ts:138.3881446000[0m
[1m[37mmsg: 674 point cloud size: 86400,ts:138.4881466000[0m
[1m[37mmsg: 675 point cloud size: 86400,ts:138.5881486000[0m
[1m[37mmsg: 676 point cloud size: 86400,ts:138.6881706000[0m
[1m[37mmsg: 677 point cloud size: 86400,ts:138.7881766000[0m
[1m[37mmsg: 678 point cloud size: 86400,ts:138.8881796000[0m
[1m[37mmsg: 679 point cloud size: 83040,ts:138.9881486000[0m
[1m[37mmsg: 680 point cloud size: 85920,ts:139.0887033600[0m
[1m[37mmsg: 681 point cloud size: 86400,ts:139.1881506000[0m
[1m[37mmsg: 682 point cloud size: 86400,ts:139.2881476000[0m
[1m[37mmsg: 683 point cloud size: 86400,ts:139.3881436000[0m
[1m[37mmsg: 684 point cloud size: 86400,ts:139.4881316000[0m
[1m[37mmsg: 685 point cloud size: 86400,ts:139.5881446000[0m
[1m[37mmsg: 686 point cloud size: 86400,ts:139.6881506000[0m
[1m[37mmsg: 687 point cloud size: 86400,ts:139.7881356000[0m
[1m[37mmsg: 688 point cloud size: 86400,ts:139.8881396000[0m
[1m[37mmsg: 689 point cloud size: 83040,ts:139.9881416000[0m
[1m[37mmsg: 690 point cloud size: 85920,ts:140.0886993600[0m
[1m[37mmsg: 691 point cloud size: 86400,ts:140.1881316000[0m
[1m[37mmsg: 692 point cloud size: 86400,ts:140.2881356000[0m
[1m[37mmsg: 693 point cloud size: 86400,ts:140.3881316000[0m
[1m[37mmsg: 694 point cloud size: 86400,ts:140.4881256000[0m
[1m[37mmsg: 695 point cloud size: 86400,ts:140.5881206000[0m
[1m[37mmsg: 696 point cloud size: 86400,ts:140.6881346000[0m
[1m[37mmsg: 697 point cloud size: 86400,ts:140.7881356000[0m
[1m[37mmsg: 698 point cloud size: 86400,ts:140.8881256000[0m
[1m[37mmsg: 699 point cloud size: 83040,ts:140.9881486000[0m
[1m[37mmsg: 700 point cloud size: 85920,ts:141.0886743600[0m
[1m[37mmsg: 701 point cloud size: 86400,ts:141.1881176000[0m
[1m[37mmsg: 702 point cloud size: 86400,ts:141.2881136000[0m
[1m[37mmsg: 703 point cloud size: 86400,ts:141.3881136000[0m
[1m[37mmsg: 704 point cloud size: 86400,ts:141.4881096000[0m
[1m[37mmsg: 705 point cloud size: 86400,ts:141.5881026000[0m
[1m[37mmsg: 706 point cloud size: 86400,ts:141.6881076000[0m
[1m[37mmsg: 707 point cloud size: 86400,ts:141.7881146000[0m
[1m[37mmsg: 708 point cloud size: 86400,ts:141.8880976000[0m
[1m[37mmsg: 709 point cloud size: 83040,ts:141.9880836000[0m
[1m[37mmsg: 710 point cloud size: 85920,ts:142.0886593600[0m
[1m[37mmsg: 711 point cloud size: 86400,ts:142.1881086000[0m
[1m[37mmsg: 712 point cloud size: 86400,ts:142.2880946000[0m
[1m[37mmsg: 713 point cloud size: 86400,ts:142.3880906000[0m
[1m[37mmsg: 714 point cloud size: 86400,ts:142.4880956000[0m
[1m[37mmsg: 715 point cloud size: 86400,ts:142.5881006000[0m
[1m[37mmsg: 716 point cloud size: 86400,ts:142.6881206000[0m
[1m[37mmsg: 717 point cloud size: 86400,ts:142.7880866000[0m
[1m[37mmsg: 718 point cloud size: 86400,ts:142.8880816000[0m
[1m[37mmsg: 719 point cloud size: 83040,ts:142.9880836000[0m
[1m[37mmsg: 720 point cloud size: 85920,ts:143.0886343600[0m
[1m[37mmsg: 721 point cloud size: 86400,ts:143.1880806000[0m
[1m[37mmsg: 722 point cloud size: 86400,ts:143.2880696000[0m
[1m[37mmsg: 723 point cloud size: 86400,ts:143.3880806000[0m
[1m[37mmsg: 724 point cloud size: 86400,ts:143.4880756000[0m
[1m[37mmsg: 725 point cloud size: 86400,ts:143.5880696000[0m
[1m[37mmsg: 726 point cloud size: 86400,ts:143.6880866000[0m
[1m[37mmsg: 727 point cloud size: 86400,ts:143.7880776000[0m
[1m[37mmsg: 728 point cloud size: 86400,ts:143.8881476000[0m
[1m[37mmsg: 729 point cloud size: 83040,ts:143.9880756000[0m
[1m[37mmsg: 730 point cloud size: 85920,ts:144.0886243600[0m
[1m[37mmsg: 731 point cloud size: 86400,ts:144.1880636000[0m
[1m[37mmsg: 732 point cloud size: 86400,ts:144.2880656000[0m
[1m[37mmsg: 733 point cloud size: 86400,ts:144.3880526000[0m
[1m[37mmsg: 734 point cloud size: 86400,ts:144.4880536000[0m
[1m[37mmsg: 735 point cloud size: 86400,ts:144.5880606000[0m
[1m[37mmsg: 736 point cloud size: 86400,ts:144.6880666000[0m
[1m[37mmsg: 737 point cloud size: 86400,ts:144.7880626000[0m
[1m[37mmsg: 738 point cloud size: 86400,ts:144.8880356000[0m
[1m[37mmsg: 739 point cloud size: 83040,ts:144.9880556000[0m
[1m[37mmsg: 740 point cloud size: 85920,ts:145.0886003600[0m
[1m[37mmsg: 741 point cloud size: 86400,ts:145.1880446000[0m
[1m[37mmsg: 742 point cloud size: 86400,ts:145.2880356000[0m
[1m[37mmsg: 743 point cloud size: 86400,ts:145.3880406000[0m
[1m[37mmsg: 744 point cloud size: 86400,ts:145.4880436000[0m
[1m[37mmsg: 745 point cloud size: 86400,ts:145.5880696000[0m
[1m[37mmsg: 746 point cloud size: 86400,ts:145.6880296000[0m
[1m[37mmsg: 747 point cloud size: 86400,ts:145.7880316000[0m
[1m[37mmsg: 748 point cloud size: 86400,ts:145.8880356000[0m
[1m[37mmsg: 749 point cloud size: 83040,ts:145.9880256000[0m
[1m[37mmsg: 750 point cloud size: 85920,ts:146.0885763600[0m
[1m[37mmsg: 751 point cloud size: 86400,ts:146.1880296000[0m
[1m[37mmsg: 752 point cloud size: 86400,ts:146.2880326000[0m
[1m[37mmsg: 753 point cloud size: 86400,ts:146.3880206000[0m
[1m[37mmsg: 754 point cloud size: 86400,ts:146.4880226000[0m
[1m[37mmsg: 755 point cloud size: 86400,ts:146.5880356000[0m
[1m[37mmsg: 756 point cloud size: 86400,ts:146.6880286000[0m
[1m[37mmsg: 757 point cloud size: 86400,ts:146.7880236000[0m
[1m[37mmsg: 758 point cloud size: 86400,ts:146.8880196000[0m
[1m[37mmsg: 759 point cloud size: 83040,ts:146.9880236000[0m
[1m[37mmsg: 760 point cloud size: 85920,ts:147.0885613600[0m
[1m[37mmsg: 761 point cloud size: 86400,ts:147.1880106000[0m
[1m[37mmsg: 762 point cloud size: 86400,ts:147.2879986000[0m
[1m[37mmsg: 763 point cloud size: 86400,ts:147.3880066000[0m
[1m[37mmsg: 764 point cloud size: 86400,ts:147.4880076000[0m
[1m[37mmsg: 765 point cloud size: 86400,ts:147.5880066000[0m
[1m[37mmsg: 766 point cloud size: 86400,ts:147.6879956000[0m
[1m[37mmsg: 767 point cloud size: 86400,ts:147.7880076000[0m
[1m[37mmsg: 768 point cloud size: 86400,ts:147.8879866000[0m
[1m[37mmsg: 769 point cloud size: 83040,ts:147.9879906000[0m
[1m[37mmsg: 770 point cloud size: 85920,ts:148.0885603600[0m
[1m[37mmsg: 771 point cloud size: 86400,ts:148.1879796000[0m
[1m[37mmsg: 772 point cloud size: 86400,ts:148.2879886000[0m
[1m[37mmsg: 773 point cloud size: 86400,ts:148.3879866000[0m
[1m[37mmsg: 774 point cloud size: 86400,ts:148.4879896000[0m
[1m[37mmsg: 775 point cloud size: 86400,ts:148.5879776000[0m
[1m[37mmsg: 776 point cloud size: 86400,ts:148.6879806000[0m
[1m[37mmsg: 777 point cloud size: 86400,ts:148.7879916000[0m
[1m[37mmsg: 778 point cloud size: 86400,ts:148.8879886000[0m
[1m[37mmsg: 779 point cloud size: 83040,ts:148.9879736000[0m
[1m[37mmsg: 780 point cloud size: 85920,ts:149.0885463600[0m
[1m[37mmsg: 781 point cloud size: 86400,ts:149.1879816000[0m
[1m[37mmsg: 782 point cloud size: 86400,ts:149.2880106000[0m
[1m[37mmsg: 783 point cloud size: 86400,ts:149.3879716000[0m
[1m[37mmsg: 784 point cloud size: 86400,ts:149.4880166000[0m
[1m[37mmsg: 785 point cloud size: 86400,ts:149.5879786000[0m
[1m[37mmsg: 786 point cloud size: 86400,ts:149.6879666000[0m
[1m[37mmsg: 787 point cloud size: 86400,ts:149.7879796000[0m
[1m[37mmsg: 788 point cloud size: 86400,ts:149.8879756000[0m
[1m[37mmsg: 789 point cloud size: 83040,ts:149.9879716000[0m
[1m[37mmsg: 790 point cloud size: 85920,ts:150.0885343600[0m
[1m[37mmsg: 791 point cloud size: 86400,ts:150.1879656000[0m
[1m[37mmsg: 792 point cloud size: 86400,ts:150.2879596000[0m
[1m[37mmsg: 793 point cloud size: 86400,ts:150.3879576000[0m
[1m[37mmsg: 794 point cloud size: 86400,ts:150.4879606000[0m
[1m[37mmsg: 795 point cloud size: 86400,ts:150.5879496000[0m
[1m[37mmsg: 796 point cloud size: 86400,ts:150.6879506000[0m
[1m[37mmsg: 797 point cloud size: 86400,ts:150.7879646000[0m
[1m[37mmsg: 798 point cloud size: 86400,ts:150.8879406000[0m
[1m[37mmsg: 799 point cloud size: 83040,ts:150.9879456000[0m
[1m[37mmsg: 800 point cloud size: 85920,ts:151.0885023600[0m
[1m[37mmsg: 801 point cloud size: 86400,ts:151.1879466000[0m
[1m[37mmsg: 802 point cloud size: 86400,ts:151.2879386000[0m
[1m[37mmsg: 803 point cloud size: 86400,ts:151.3879396000[0m
[1m[37mmsg: 804 point cloud size: 86400,ts:151.4879526000[0m
[1m[37mmsg: 805 point cloud size: 86400,ts:151.5879526000[0m
[1m[37mmsg: 806 point cloud size: 86400,ts:151.6879336000[0m
[1m[37mmsg: 807 point cloud size: 86400,ts:151.7879386000[0m
[1m[37mmsg: 808 point cloud size: 86400,ts:151.8879396000[0m
[1m[37mmsg: 809 point cloud size: 83040,ts:151.9879356000[0m
[1m[37mmsg: 810 point cloud size: 85920,ts:152.0885053600[0m
[1m[37mmsg: 811 point cloud size: 86400,ts:152.1879346000[0m
[1m[37mmsg: 812 point cloud size: 86400,ts:152.2879376000[0m
[1m[37mmsg: 813 point cloud size: 86400,ts:152.3879336000[0m
[1m[37mmsg: 814 point cloud size: 86400,ts:152.4879276000[0m
[1m[37mmsg: 815 point cloud size: 86400,ts:152.5879226000[0m
[1m[37mmsg: 816 point cloud size: 86400,ts:152.6879186000[0m
[1m[37mmsg: 817 point cloud size: 86400,ts:152.7879206000[0m
[1m[37mmsg: 818 point cloud size: 86400,ts:152.8879086000[0m
[1m[37mmsg: 819 point cloud size: 83040,ts:152.9879126000[0m
[1m[37mmsg: 820 point cloud size: 85920,ts:153.0884733600[0m
[1m[37mmsg: 821 point cloud size: 86400,ts:153.1879236000[0m
[1m[37mmsg: 822 point cloud size: 86400,ts:153.2879036000[0m
[1m[37mmsg: 823 point cloud size: 86400,ts:153.3879096000[0m
[1m[37mmsg: 824 point cloud size: 86400,ts:153.4879126000[0m
[1m[37mmsg: 825 point cloud size: 86400,ts:153.5879086000[0m
[1m[37mmsg: 826 point cloud size: 86400,ts:153.6879146000[0m
[1m[37mmsg: 827 point cloud size: 86400,ts:153.7879066000[0m
[1m[37mmsg: 828 point cloud size: 86400,ts:153.8879086000[0m
[1m[37mmsg: 829 point cloud size: 83040,ts:153.9878966000[0m
[1m[37mmsg: 830 point cloud size: 85920,ts:154.0884533600[0m
[1m[37mmsg: 831 point cloud size: 86400,ts:154.1879036000[0m
[1m[37mmsg: 832 point cloud size: 86400,ts:154.2878886000[0m
[1m[37mmsg: 833 point cloud size: 86400,ts:154.3878996000[0m
[1m[37mmsg: 834 point cloud size: 86400,ts:154.4878946000[0m
[1m[37mmsg: 835 point cloud size: 86400,ts:154.5879026000[0m
[1m[37mmsg: 836 point cloud size: 86400,ts:154.6878906000[0m
[1m[37mmsg: 837 point cloud size: 86400,ts:154.7879046000[0m
[1m[37mmsg: 838 point cloud size: 86400,ts:154.8879006000[0m
[1m[37mmsg: 839 point cloud size: 83040,ts:154.9878846000[0m
[1m[37mmsg: 840 point cloud size: 85920,ts:155.0885043600[0m
[1m[37mmsg: 841 point cloud size: 86400,ts:155.1878886000[0m
[1m[37mmsg: 842 point cloud size: 86400,ts:155.2878846000[0m
[1m[37mmsg: 843 point cloud size: 86400,ts:155.3879236000[0m
[1m[37mmsg: 844 point cloud size: 86400,ts:155.4878896000[0m
[1m[37mmsg: 845 point cloud size: 86400,ts:155.5878776000[0m
[1m[37mmsg: 846 point cloud size: 86400,ts:155.6878716000[0m
[1m[37mmsg: 847 point cloud size: 86400,ts:155.7878766000[0m
[1m[37mmsg: 848 point cloud size: 86400,ts:155.8878686000[0m
[1m[37mmsg: 849 point cloud size: 83040,ts:155.9878696000[0m
[1m[37mmsg: 850 point cloud size: 85920,ts:156.0884323600[0m
[1m[37mmsg: 851 point cloud size: 86400,ts:156.1878546000[0m
[1m[37mmsg: 852 point cloud size: 86400,ts:156.2878576000[0m
[1m[37mmsg: 853 point cloud size: 86400,ts:156.3878656000[0m
[1m[37mmsg: 854 point cloud size: 86400,ts:156.4878516000[0m
[1m[37mmsg: 855 point cloud size: 86400,ts:156.5878536000[0m
[1m[37mmsg: 856 point cloud size: 86400,ts:156.6878596000[0m
[1m[37mmsg: 857 point cloud size: 86400,ts:156.7878486000[0m
[1m[37mmsg: 858 point cloud size: 86400,ts:156.8878516000[0m
[1m[37mmsg: 859 point cloud size: 83040,ts:156.9878856000[0m
[1m[37mmsg: 860 point cloud size: 85920,ts:157.0884043600[0m
[1m[37mmsg: 861 point cloud size: 86400,ts:157.1878476000[0m
[1m[37mmsg: 862 point cloud size: 86400,ts:157.2878566000[0m
[1m[37mmsg: 863 point cloud size: 86400,ts:157.3878566000[0m
[1m[37mmsg: 864 point cloud size: 86400,ts:157.4878236000[0m
[1m[37mmsg: 865 point cloud size: 86400,ts:157.5878536000[0m
[1m[37mmsg: 866 point cloud size: 86400,ts:157.6878396000[0m
[1m[37mmsg: 867 point cloud size: 86400,ts:157.7878416000[0m
[1m[37mmsg: 868 point cloud size: 86400,ts:157.8878416000[0m
[1m[37mmsg: 869 point cloud size: 83040,ts:157.9878356000[0m
[1m[37mmsg: 870 point cloud size: 85920,ts:158.0883963600[0m
[1m[37mmsg: 871 point cloud size: 86400,ts:158.1878386000[0m
[1m[37mmsg: 872 point cloud size: 86400,ts:158.2878376000[0m
[1m[37mmsg: 873 point cloud size: 86400,ts:158.3878186000[0m
[1m[37mmsg: 874 point cloud size: 86400,ts:158.4878266000[0m
[1m[37mmsg: 875 point cloud size: 86400,ts:158.5878206000[0m
[1m[37mmsg: 876 point cloud size: 86400,ts:158.6878276000[0m
[1m[37mmsg: 877 point cloud size: 86400,ts:158.7878386000[0m
[1m[37mmsg: 878 point cloud size: 86400,ts:158.8878156000[0m
[1m[37mmsg: 879 point cloud size: 83040,ts:158.9878176000[0m
[1m[37mmsg: 880 point cloud size: 85920,ts:159.0883753600[0m
[1m[37mmsg: 881 point cloud size: 86400,ts:159.1878106000[0m
[1m[37mmsg: 882 point cloud size: 86400,ts:159.2878156000[0m
[1m[37mmsg: 883 point cloud size: 86400,ts:159.3878006000[0m
[1m[37mmsg: 884 point cloud size: 86400,ts:159.4877926000[0m
[1m[37mmsg: 885 point cloud size: 86400,ts:159.5878056000[0m
[1m[37mmsg: 886 point cloud size: 86400,ts:159.6878256000[0m
[1m[37mmsg: 887 point cloud size: 86400,ts:159.7878006000[0m
[1m[37mmsg: 888 point cloud size: 86400,ts:159.8878066000[0m
[1m[37mmsg: 889 point cloud size: 83040,ts:159.9878056000[0m
[1m[37mmsg: 890 point cloud size: 85920,ts:160.0883633600[0m
[1m[37mmsg: 891 point cloud size: 86400,ts:160.1878426000[0m
[1m[37mmsg: 892 point cloud size: 86400,ts:160.2878086000[0m
[1m[37mmsg: 893 point cloud size: 86400,ts:160.3877846000[0m
[1m[37mmsg: 894 point cloud size: 86400,ts:160.4877876000[0m
[1m[37mmsg: 895 point cloud size: 86400,ts:160.5877936000[0m
[1m[37mmsg: 896 point cloud size: 86400,ts:160.6877976000[0m
[1m[37mmsg: 897 point cloud size: 86400,ts:160.7877896000[0m
[1m[37mmsg: 898 point cloud size: 86400,ts:160.8877886000[0m
[1m[37mmsg: 899 point cloud size: 83040,ts:160.9877956000[0m
[1m[37mmsg: 900 point cloud size: 85920,ts:161.0883353600[0m
[1m[37mmsg: 901 point cloud size: 86400,ts:161.1877866000[0m
[1m[37mmsg: 902 point cloud size: 86400,ts:161.2877706000[0m
[1m[37mmsg: 903 point cloud size: 86400,ts:161.3877776000[0m
[1m[37mmsg: 904 point cloud size: 86400,ts:161.4877796000[0m
[1m[37mmsg: 905 point cloud size: 86400,ts:161.5877736000[0m
[1m[37mmsg: 906 point cloud size: 86400,ts:161.6877616000[0m
[1m[37mmsg: 907 point cloud size: 86400,ts:161.7877636000[0m
[1m[37mmsg: 908 point cloud size: 86400,ts:161.8877666000[0m
[1m[37mmsg: 909 point cloud size: 83040,ts:161.9877486000[0m
[1m[37mmsg: 910 point cloud size: 85920,ts:162.0883133600[0m
[1m[37mmsg: 911 point cloud size: 86400,ts:162.1877826000[0m
[1m[37mmsg: 912 point cloud size: 86400,ts:162.2877606000[0m
[1m[37mmsg: 913 point cloud size: 86400,ts:162.3877516000[0m
[1m[37mmsg: 914 point cloud size: 86400,ts:162.4877646000[0m
[1m[37mmsg: 915 point cloud size: 86400,ts:162.5877666000[0m
[1m[37mmsg: 916 point cloud size: 86400,ts:162.6877576000[0m
[1m[37mmsg: 917 point cloud size: 86400,ts:162.7877286000[0m
[1m[37mmsg: 918 point cloud size: 86400,ts:162.8877576000[0m
[1m[37mmsg: 919 point cloud size: 83040,ts:162.9877476000[0m
[1m[37mmsg: 920 point cloud size: 85920,ts:163.0883093600[0m
[1m[37mmsg: 921 point cloud size: 86400,ts:163.1877446000[0m
[1m[37mmsg: 922 point cloud size: 86400,ts:163.2877566000[0m
[1m[37mmsg: 923 point cloud size: 86400,ts:163.3877336000[0m
[1m[37mmsg: 924 point cloud size: 86400,ts:163.4877396000[0m
[1m[37mmsg: 925 point cloud size: 86400,ts:163.5877506000[0m
[1m[37mmsg: 926 point cloud size: 86400,ts:163.6877356000[0m
[1m[37mmsg: 927 point cloud size: 86400,ts:163.7877466000[0m
[1m[37mmsg: 928 point cloud size: 86400,ts:163.8877406000[0m
[1m[37mmsg: 929 point cloud size: 83040,ts:163.9877266000[0m
[1m[37mmsg: 930 point cloud size: 85920,ts:164.0882943600[0m
[1m[37mmsg: 931 point cloud size: 86400,ts:164.1877376000[0m
[1m[37mmsg: 932 point cloud size: 86400,ts:164.2877416000[0m
[1m[37mmsg: 933 point cloud size: 86400,ts:164.3877216000[0m
[1m[37mmsg: 934 point cloud size: 86400,ts:164.4877236000[0m
[1m[37mmsg: 935 point cloud size: 86400,ts:164.5877266000[0m
[1m[37mmsg: 936 point cloud size: 86400,ts:164.6877116000[0m
[1m[37mmsg: 937 point cloud size: 86400,ts:164.7877336000[0m
[1m[37mmsg: 938 point cloud size: 86400,ts:164.8877046000[0m
[1m[37mmsg: 939 point cloud size: 83040,ts:164.9876936000[0m
[1m[37mmsg: 940 point cloud size: 85920,ts:165.0882623600[0m
[1m[37mmsg: 941 point cloud size: 86400,ts:165.1877036000[0m
[1m[37mmsg: 942 point cloud size: 86400,ts:165.2878036000[0m
[1m[37mmsg: 943 point cloud size: 86400,ts:165.3877036000[0m
[1m[37mmsg: 944 point cloud size: 86400,ts:165.4877426000[0m
[1m[37mmsg: 945 point cloud size: 86400,ts:165.5877076000[0m
[1m[37mmsg: 946 point cloud size: 86400,ts:165.6877116000[0m
[1m[37mmsg: 947 point cloud size: 86400,ts:165.7876976000[0m
[1m[37mmsg: 948 point cloud size: 86400,ts:165.8877046000[0m
[1m[37mmsg: 949 point cloud size: 83040,ts:165.9876886000[0m
[1m[37mmsg: 950 point cloud size: 85920,ts:166.0882503600[0m
[1m[37mmsg: 951 point cloud size: 86400,ts:166.1876986000[0m
[1m[37mmsg: 952 point cloud size: 86400,ts:166.2876976000[0m
[1m[37mmsg: 953 point cloud size: 86400,ts:166.3876996000[0m
[1m[37mmsg: 954 point cloud size: 86400,ts:166.4877076000[0m
[1m[37mmsg: 955 point cloud size: 86400,ts:166.5876956000[0m
[1m[37mmsg: 956 point cloud size: 86400,ts:166.6876826000[0m
[1m[37mmsg: 957 point cloud size: 86400,ts:166.7876886000[0m
[1m[37mmsg: 958 point cloud size: 86400,ts:166.8876716000[0m
[1m[37mmsg: 959 point cloud size: 83040,ts:166.9876776000[0m
[1m[37mmsg: 960 point cloud size: 85920,ts:167.0882303600[0m
[1m[37mmsg: 961 point cloud size: 86400,ts:167.1876846000[0m
[1m[37mmsg: 962 point cloud size: 86400,ts:167.2876796000[0m
[1m[37mmsg: 963 point cloud size: 86400,ts:167.3876836000[0m
[1m[37mmsg: 964 point cloud size: 86400,ts:167.4876966000[0m
[1m[37mmsg: 965 point cloud size: 86400,ts:167.5876676000[0m
[1m[37mmsg: 966 point cloud size: 86400,ts:167.6876706000[0m
[1m[37mmsg: 967 point cloud size: 86400,ts:167.7876806000[0m
[1m[37mmsg: 968 point cloud size: 86400,ts:167.8876666000[0m
[1m[37mmsg: 969 point cloud size: 83040,ts:167.9876646000[0m
[1m[37mmsg: 970 point cloud size: 85920,ts:168.0882143600[0m
[1m[37mmsg: 971 point cloud size: 86400,ts:168.1876826000[0m
[1m[37mmsg: 972 point cloud size: 86400,ts:168.2876576000[0m
[1m[37mmsg: 973 point cloud size: 86400,ts:168.3876586000[0m
[1m[37mmsg: 974 point cloud size: 86400,ts:168.4876636000[0m
[1m[37mmsg: 975 point cloud size: 86400,ts:168.5876526000[0m
[1m[37mmsg: 976 point cloud size: 86400,ts:168.6876526000[0m
[1m[37mmsg: 977 point cloud size: 86400,ts:168.7876546000[0m
[1m[37mmsg: 978 point cloud size: 86400,ts:168.8876456000[0m
[1m[37mmsg: 979 point cloud size: 83040,ts:168.9876496000[0m
[1m[37mmsg: 980 point cloud size: 85920,ts:169.0882053600[0m
[1m[37mmsg: 981 point cloud size: 86400,ts:169.1876616000[0m
[1m[37mmsg: 982 point cloud size: 86400,ts:169.2877086000[0m
[1m[37mmsg: 983 point cloud size: 86400,ts:169.3876596000[0m
[1m[37mmsg: 984 point cloud size: 86400,ts:169.4876446000[0m
[1m[37mmsg: 985 point cloud size: 86400,ts:169.5876376000[0m
[1m[37mmsg: 986 point cloud size: 86400,ts:169.6876376000[0m
[1m[37mmsg: 987 point cloud size: 86400,ts:169.7876266000[0m
[1m[37mmsg: 988 point cloud size: 86400,ts:169.8876306000[0m
[1m[37mmsg: 989 point cloud size: 83040,ts:169.9876356000[0m
[1m[37mmsg: 990 point cloud size: 85920,ts:170.0881863600[0m
[1m[37mmsg: 991 point cloud size: 86400,ts:170.1876276000[0m
[1m[37mmsg: 992 point cloud size: 86400,ts:170.2876306000[0m
[1m[37mmsg: 993 point cloud size: 86400,ts:170.3876296000[0m
[1m[37mmsg: 994 point cloud size: 86400,ts:170.4876156000[0m
[1m[37mmsg: 995 point cloud size: 86400,ts:170.5876216000[0m
[1m[37mmsg: 996 point cloud size: 86400,ts:170.6876596000[0m
[1m[37mmsg: 997 point cloud size: 86400,ts:170.7876096000[0m
[1m[37mmsg: 998 point cloud size: 86400,ts:170.8876126000[0m
[1m[37mmsg: 999 point cloud size: 83040,ts:170.9876376000[0m
[1m[37mmsg: 1000 point cloud size: 85920,ts:171.0881873600[0m
[1m[37mmsg: 1001 point cloud size: 86400,ts:171.1876246000[0m
[1m[37mmsg: 1002 point cloud size: 86400,ts:171.2876476000[0m
[1m[37mmsg: 1003 point cloud size: 86400,ts:171.3876206000[0m
[1m[37mmsg: 1004 point cloud size: 86400,ts:171.4876006000[0m
[1m[37mmsg: 1005 point cloud size: 86400,ts:171.5876056000[0m
[1m[37mmsg: 1006 point cloud size: 86400,ts:171.6876136000[0m
[1m[37mmsg: 1007 point cloud size: 86400,ts:171.7876006000[0m
[1m[37mmsg: 1008 point cloud size: 86400,ts:171.8876106000[0m
[1m[37mmsg: 1009 point cloud size: 83040,ts:171.9875946000[0m
[1m[37mmsg: 1010 point cloud size: 85920,ts:172.0881603600[0m
[1m[37mmsg: 1011 point cloud size: 86400,ts:172.1876016000[0m
[1m[37mmsg: 1012 point cloud size: 86400,ts:172.2876036000[0m
[1m[37mmsg: 1013 point cloud size: 86400,ts:172.3876286000[0m
[1m[37mmsg: 1014 point cloud size: 86400,ts:172.4875926000[0m
[1m[37mmsg: 1015 point cloud size: 86400,ts:172.5875966000[0m
[1m[37mmsg: 1016 point cloud size: 86400,ts:172.6876096000[0m
[1m[37mmsg: 1017 point cloud size: 86400,ts:172.7875976000[0m
[1m[37mmsg: 1018 point cloud size: 86400,ts:172.8876186000[0m
[1m[37mmsg: 1019 point cloud size: 83040,ts:172.9876066000[0m
[1m[37mmsg: 1020 point cloud size: 85920,ts:173.0881523600[0m
[1m[37mmsg: 1021 point cloud size: 86400,ts:173.1875806000[0m
[1m[37mmsg: 1022 point cloud size: 86400,ts:173.2876126000[0m
[1m[37mmsg: 1023 point cloud size: 86400,ts:173.3875756000[0m
[1m[37mmsg: 1024 point cloud size: 86400,ts:173.4876006000[0m
[1m[37mmsg: 1025 point cloud size: 86400,ts:173.5875706000[0m
[1m[37mmsg: 1026 point cloud size: 86400,ts:173.6875716000[0m
[1m[37mmsg: 1027 point cloud size: 86400,ts:173.7875736000[0m
[1m[37mmsg: 1028 point cloud size: 86400,ts:173.8875676000[0m
[1m[37mmsg: 1029 point cloud size: 83040,ts:173.9875686000[0m
[1m[37mmsg: 1030 point cloud size: 85920,ts:174.0881223600[0m
[1m[37mmsg: 1031 point cloud size: 86400,ts:174.1875556000[0m
[1m[37mmsg: 1032 point cloud size: 86400,ts:174.2875606000[0m
[1m[37mmsg: 1033 point cloud size: 86400,ts:174.3875666000[0m
[1m[37mmsg: 1034 point cloud size: 86400,ts:174.4875696000[0m
[1m[37mmsg: 1035 point cloud size: 86400,ts:174.5875726000[0m
[1m[37mmsg: 1036 point cloud size: 86400,ts:174.6875686000[0m
[1m[37mmsg: 1037 point cloud size: 86400,ts:174.7875556000[0m
[1m[37mmsg: 1038 point cloud size: 86400,ts:174.8875486000[0m
[1m[37mmsg: 1039 point cloud size: 83040,ts:174.9875476000[0m
[1m[37mmsg: 1040 point cloud size: 85920,ts:175.0881053600[0m
[1m[37mmsg: 1041 point cloud size: 86400,ts:175.1875586000[0m
[1m[37mmsg: 1042 point cloud size: 86400,ts:175.2875436000[0m
[1m[37mmsg: 1043 point cloud size: 86400,ts:175.3875486000[0m
[1m[37mmsg: 1044 point cloud size: 86400,ts:175.4875406000[0m
[1m[37mmsg: 1045 point cloud size: 86400,ts:175.5875416000[0m
[1m[37mmsg: 1046 point cloud size: 86400,ts:175.6875466000[0m
[1m[37mmsg: 1047 point cloud size: 86400,ts:175.7875496000[0m
[1m[37mmsg: 1048 point cloud size: 86400,ts:175.8875386000[0m
[1m[37mmsg: 1049 point cloud size: 83040,ts:175.9875326000[0m
[1m[37mmsg: 1050 point cloud size: 85920,ts:176.0880973600[0m
[1m[37mmsg: 1051 point cloud size: 86400,ts:176.1875336000[0m
[1m[37mmsg: 1052 point cloud size: 86400,ts:176.2875306000[0m
[1m[37mmsg: 1053 point cloud size: 86400,ts:176.3875506000[0m
[1m[37mmsg: 1054 point cloud size: 86400,ts:176.4875396000[0m
[1m[37mmsg: 1055 point cloud size: 86400,ts:176.5875386000[0m
[1m[37mmsg: 1056 point cloud size: 86400,ts:176.6875296000[0m
[1m[37mmsg: 1057 point cloud size: 86400,ts:176.7875156000[0m
[1m[37mmsg: 1058 point cloud size: 86400,ts:176.8875196000[0m
[1m[37mmsg: 1059 point cloud size: 83040,ts:176.9875266000[0m
[1m[37mmsg: 1060 point cloud size: 85920,ts:177.0880933600[0m
[1m[37mmsg: 1061 point cloud size: 86400,ts:177.1875156000[0m
[1m[37mmsg: 1062 point cloud size: 86400,ts:177.2875256000[0m
[1m[37mmsg: 1063 point cloud size: 86400,ts:177.3875166000[0m
[1m[37mmsg: 1064 point cloud size: 86400,ts:177.4875056000[0m
[1m[37mmsg: 1065 point cloud size: 86400,ts:177.5875076000[0m
[1m[37mmsg: 1066 point cloud size: 86400,ts:177.6875116000[0m
[1m[37mmsg: 1067 point cloud size: 86400,ts:177.7875236000[0m
[1m[37mmsg: 1068 point cloud size: 86400,ts:177.8875086000[0m
[1m[37mmsg: 1069 point cloud size: 83040,ts:177.9875096000[0m
[1m[37mmsg: 1070 point cloud size: 85920,ts:178.0880653600[0m
[1m[37mmsg: 1071 point cloud size: 86400,ts:178.1875026000[0m
[1m[37mmsg: 1072 point cloud size: 86400,ts:178.2875096000[0m
[1m[37mmsg: 1073 point cloud size: 86400,ts:178.3874896000[0m
[1m[37mmsg: 1074 point cloud size: 86400,ts:178.4874966000[0m
[1m[37mmsg: 1075 point cloud size: 86400,ts:178.5875076000[0m
[1m[37mmsg: 1076 point cloud size: 86400,ts:178.6874966000[0m
[1m[37mmsg: 1077 point cloud size: 86400,ts:178.7874906000[0m
[1m[37mmsg: 1078 point cloud size: 86400,ts:178.8874856000[0m
[1m[37mmsg: 1079 point cloud size: 83040,ts:178.9874756000[0m
[1m[37mmsg: 1080 point cloud size: 85920,ts:179.0880543600[0m
[1m[37mmsg: 1081 point cloud size: 86400,ts:179.1875266000[0m
[1m[37mmsg: 1082 point cloud size: 86400,ts:179.2874976000[0m
[1m[37mmsg: 1083 point cloud size: 86400,ts:179.3874676000[0m
[1m[37mmsg: 1084 point cloud size: 86400,ts:179.4874716000[0m
[1m[37mmsg: 1085 point cloud size: 86400,ts:179.5874806000[0m
[1m[37mmsg: 1086 point cloud size: 86400,ts:179.6874606000[0m
[1m[37mmsg: 1087 point cloud size: 86400,ts:179.7874656000[0m
[1m[37mmsg: 1088 point cloud size: 86400,ts:179.8874586000[0m
[1m[37mmsg: 1089 point cloud size: 83040,ts:179.9874736000[0m
[1m[37mmsg: 1090 point cloud size: 85920,ts:180.0880333600[0m
[1m[37mmsg: 1091 point cloud size: 86400,ts:180.1874666000[0m
[1m[37mmsg: 1092 point cloud size: 86400,ts:180.2874636000[0m
[1m[37mmsg: 1093 point cloud size: 86400,ts:180.3874606000[0m
[1m[37mmsg: 1094 point cloud size: 86400,ts:180.4874766000[0m
[1m[37mmsg: 1095 point cloud size: 86400,ts:180.5874596000[0m
[1m[37mmsg: 1096 point cloud size: 86400,ts:180.6874446000[0m
[1m[37mmsg: 1097 point cloud size: 86400,ts:180.7874466000[0m
[1m[37mmsg: 1098 point cloud size: 86400,ts:180.8874466000[0m
[1m[37mmsg: 1099 point cloud size: 83040,ts:180.9874606000[0m
[1m[37mmsg: 1100 point cloud size: 85920,ts:181.0879953600[0m
[1m[37mmsg: 1101 point cloud size: 86400,ts:181.1874446000[0m
[1m[37mmsg: 1102 point cloud size: 86400,ts:181.2874606000[0m
[1m[37mmsg: 1103 point cloud size: 86400,ts:181.3874446000[0m
[1m[37mmsg: 1104 point cloud size: 86400,ts:181.4874426000[0m
[1m[37mmsg: 1105 point cloud size: 86400,ts:181.5874456000[0m
[1m[37mmsg: 1106 point cloud size: 86400,ts:181.6874816000[0m
[1m[37mmsg: 1107 point cloud size: 86400,ts:181.7874786000[0m
[1m[37mmsg: 1108 point cloud size: 86400,ts:181.8874706000[0m
[1m[37mmsg: 1109 point cloud size: 83040,ts:181.9874446000[0m
[1m[37mmsg: 1110 point cloud size: 85920,ts:182.0880413600[0m
[1m[37mmsg: 1111 point cloud size: 86400,ts:182.1874476000[0m
[1m[37mmsg: 1112 point cloud size: 86400,ts:182.2874696000[0m
[1m[37mmsg: 1113 point cloud size: 86400,ts:182.3874416000[0m
[1m[37mmsg: 1114 point cloud size: 86400,ts:182.4874846000[0m
[1m[37mmsg: 1115 point cloud size: 86400,ts:182.5874436000[0m
[1m[37mmsg: 1116 point cloud size: 86400,ts:182.6874236000[0m
[1m[37mmsg: 1117 point cloud size: 86400,ts:182.7874166000[0m
[1m[37mmsg: 1118 point cloud size: 86400,ts:182.8874276000[0m
[1m[37mmsg: 1119 point cloud size: 83040,ts:182.9874386000[0m
[1m[37mmsg: 1120 point cloud size: 85920,ts:183.0879663600[0m
[1m[37mmsg: 1121 point cloud size: 86400,ts:183.1874246000[0m
[1m[37mmsg: 1122 point cloud size: 86400,ts:183.2874346000[0m
[1m[37mmsg: 1123 point cloud size: 86400,ts:183.3874156000[0m
[1m[37mmsg: 1124 point cloud size: 86400,ts:183.4874216000[0m
[1m[37mmsg: 1125 point cloud size: 86400,ts:183.5874116000[0m
[1m[37mmsg: 1126 point cloud size: 86400,ts:183.6873996000[0m
[1m[37mmsg: 1127 point cloud size: 86400,ts:183.7874006000[0m
[1m[37mmsg: 1128 point cloud size: 86400,ts:183.8874066000[0m
[1m[37mmsg: 1129 point cloud size: 83040,ts:183.9873946000[0m
[1m[37mmsg: 1130 point cloud size: 85920,ts:184.0879513600[0m
[1m[37mmsg: 1131 point cloud size: 86400,ts:184.1873996000[0m
[1m[37mmsg: 1132 point cloud size: 86400,ts:184.2874066000[0m
[1m[37mmsg: 1133 point cloud size: 86400,ts:184.3873906000[0m
[1m[37mmsg: 1134 point cloud size: 86400,ts:184.4873936000[0m
[1m[37mmsg: 1135 point cloud size: 86400,ts:184.5873946000[0m
[1m[37mmsg: 1136 point cloud size: 86400,ts:184.6873916000[0m
[1m[37mmsg: 1137 point cloud size: 86400,ts:184.7873846000[0m
[1m[37mmsg: 1138 point cloud size: 86400,ts:184.8873876000[0m
[1m[37mmsg: 1139 point cloud size: 83040,ts:184.9873736000[0m
[1m[37mmsg: 1140 point cloud size: 85920,ts:185.0879323600[0m
[1m[37mmsg: 1141 point cloud size: 86400,ts:185.1873916000[0m
[1m[37mmsg: 1142 point cloud size: 86400,ts:185.2873866000[0m
[1m[37mmsg: 1143 point cloud size: 86400,ts:185.3873886000[0m
[1m[37mmsg: 1144 point cloud size: 86400,ts:185.4873836000[0m
[1m[37mmsg: 1145 point cloud size: 86400,ts:185.5873786000[0m
[1m[37mmsg: 1146 point cloud size: 86400,ts:185.6873746000[0m
[1m[37mmsg: 1147 point cloud size: 86400,ts:185.7873706000[0m
[1m[37mmsg: 1148 point cloud size: 86400,ts:185.8873646000[0m
[1m[37mmsg: 1149 point cloud size: 83040,ts:185.9873626000[0m
[1m[37mmsg: 1150 point cloud size: 85920,ts:186.0879393600[0m
[1m[37mmsg: 1151 point cloud size: 86400,ts:186.1873746000[0m
[1m[37mmsg: 1152 point cloud size: 86400,ts:186.2873726000[0m
[1m[37mmsg: 1153 point cloud size: 86400,ts:186.3873656000[0m
[1m[37mmsg: 1154 point cloud size: 86400,ts:186.4873636000[0m
[1m[37mmsg: 1155 point cloud size: 86400,ts:186.5873476000[0m
[1m[37mmsg: 1156 point cloud size: 86400,ts:186.6873526000[0m
[1m[37mmsg: 1157 point cloud size: 86400,ts:186.7873616000[0m
[1m[37mmsg: 1158 point cloud size: 86400,ts:186.8873496000[0m
[1m[37mmsg: 1159 point cloud size: 83040,ts:186.9873416000[0m
[1m[37mmsg: 1160 point cloud size: 85920,ts:187.0879223600[0m
[1m[37mmsg: 1161 point cloud size: 86400,ts:187.1873726000[0m
[1m[37mmsg: 1162 point cloud size: 86400,ts:187.2873646000[0m
[1m[37mmsg: 1163 point cloud size: 86400,ts:187.3873556000[0m
[1m[37mmsg: 1164 point cloud size: 86400,ts:187.4873646000[0m
[1m[37mmsg: 1165 point cloud size: 86400,ts:187.5873586000[0m
[1m[37mmsg: 1166 point cloud size: 86400,ts:187.6873426000[0m
[1m[37mmsg: 1167 point cloud size: 86400,ts:187.7873406000[0m
[1m[37mmsg: 1168 point cloud size: 86400,ts:187.8873266000[0m
[1m[37mmsg: 1169 point cloud size: 83040,ts:187.9873276000[0m
[1m[37mmsg: 1170 point cloud size: 85920,ts:188.0878933600[0m
[1m[37mmsg: 1171 point cloud size: 86400,ts:188.1873206000[0m
[1m[37mmsg: 1172 point cloud size: 86400,ts:188.2873266000[0m
[1m[37mmsg: 1173 point cloud size: 86400,ts:188.3873336000[0m
[1m[37mmsg: 1174 point cloud size: 86400,ts:188.4873196000[0m
[1m[37mmsg: 1175 point cloud size: 86400,ts:188.5873286000[0m
[1m[37mmsg: 1176 point cloud size: 86400,ts:188.6873226000[0m
[1m[37mmsg: 1177 point cloud size: 86400,ts:188.7873346000[0m
[1m[37mmsg: 1178 point cloud size: 86400,ts:188.8873186000[0m
[1m[37mmsg: 1179 point cloud size: 83040,ts:188.9873206000[0m
[1m[37mmsg: 1180 point cloud size: 85920,ts:189.0878803600[0m
[1m[37mmsg: 1181 point cloud size: 86400,ts:189.1873046000[0m
[1m[37mmsg: 1182 point cloud size: 86400,ts:189.2873146000[0m
[1m[37mmsg: 1183 point cloud size: 86400,ts:189.3873286000[0m
[1m[37mmsg: 1184 point cloud size: 86400,ts:189.4873106000[0m
[1m[37mmsg: 1185 point cloud size: 86400,ts:189.5873106000[0m
[1m[37mmsg: 1186 point cloud size: 86400,ts:189.6873026000[0m
[1m[37mmsg: 1187 point cloud size: 86400,ts:189.7873146000[0m
[1m[37mmsg: 1188 point cloud size: 86400,ts:189.8872926000[0m
[1m[37mmsg: 1189 point cloud size: 83040,ts:189.9872966000[0m
[1m[37mmsg: 1190 point cloud size: 85920,ts:190.0878613600[0m
[1m[37mmsg: 1191 point cloud size: 86400,ts:190.1872906000[0m
[1m[37mmsg: 1192 point cloud size: 86400,ts:190.2873116000[0m
[1m[37mmsg: 1193 point cloud size: 86400,ts:190.3872996000[0m
[1m[37mmsg: 1194 point cloud size: 86400,ts:190.4873066000[0m
[1m[37mmsg: 1195 point cloud size: 86400,ts:190.5872876000[0m
[1m[37mmsg: 1196 point cloud size: 86400,ts:190.6872886000[0m
[1m[37mmsg: 1197 point cloud size: 86400,ts:190.7872926000[0m
[1m[37mmsg: 1198 point cloud size: 86400,ts:190.8873026000[0m
[1m[37mmsg: 1199 point cloud size: 83040,ts:190.9872826000[0m
[1m[37mmsg: 1200 point cloud size: 85920,ts:191.0878423600[0m
[1m[37mmsg: 1201 point cloud size: 86400,ts:191.1872716000[0m
[1m[37mmsg: 1202 point cloud size: 86400,ts:191.2872776000[0m
[1m[37mmsg: 1203 point cloud size: 86400,ts:191.3872816000[0m
[1m[37mmsg: 1204 point cloud size: 86400,ts:191.4872876000[0m
[1m[37mmsg: 1205 point cloud size: 86400,ts:191.5872786000[0m
[1m[37mmsg: 1206 point cloud size: 86400,ts:191.6872806000[0m
[1m[37mmsg: 1207 point cloud size: 86400,ts:191.7872776000[0m
[1m[37mmsg: 1208 point cloud size: 86400,ts:191.8872686000[0m
[1m[37mmsg: 1209 point cloud size: 83040,ts:191.9872676000[0m
[1m[37mmsg: 1210 point cloud size: 85920,ts:192.0878263600[0m
[1m[37mmsg: 1211 point cloud size: 86400,ts:192.1872796000[0m
[1m[37mmsg: 1212 point cloud size: 86400,ts:192.2872596000[0m
[1m[37mmsg: 1213 point cloud size: 86400,ts:192.3872496000[0m
[1m[37mmsg: 1214 point cloud size: 86400,ts:192.4872876000[0m
[1m[37mmsg: 1215 point cloud size: 86400,ts:192.5872796000[0m
[1m[37mmsg: 1216 point cloud size: 86400,ts:192.6872636000[0m
[1m[37mmsg: 1217 point cloud size: 86400,ts:192.7872486000[0m
[1m[37mmsg: 1218 point cloud size: 86400,ts:192.8872536000[0m
[1m[37mmsg: 1219 point cloud size: 83040,ts:192.9872616000[0m
[1m[37mmsg: 1220 point cloud size: 85920,ts:193.0878293600[0m
[1m[37mmsg: 1221 point cloud size: 86400,ts:193.1872536000[0m
[1m[37mmsg: 1222 point cloud size: 86400,ts:193.2872836000[0m
[1m[37mmsg: 1223 point cloud size: 86400,ts:193.3872596000[0m
[1m[37mmsg: 1224 point cloud size: 86400,ts:193.4872576000[0m
[1m[37mmsg: 1225 point cloud size: 86400,ts:193.5872386000[0m
[1m[37mmsg: 1226 point cloud size: 86400,ts:193.6872456000[0m
[1m[37mmsg: 1227 point cloud size: 86400,ts:193.7872596000[0m
[1m[37mmsg: 1228 point cloud size: 86400,ts:193.8872496000[0m
[1m[37mmsg: 1229 point cloud size: 83040,ts:193.9872336000[0m
[1m[37mmsg: 1230 point cloud size: 85920,ts:194.0877933600[0m
[1m[37mmsg: 1231 point cloud size: 86400,ts:194.1872236000[0m
[1m[37mmsg: 1232 point cloud size: 86400,ts:194.2872326000[0m
[1m[37mmsg: 1233 point cloud size: 86400,ts:194.3872396000[0m
[1m[37mmsg: 1234 point cloud size: 86400,ts:194.4872346000[0m
[1m[37mmsg: 1235 point cloud size: 86400,ts:194.5872396000[0m
[1m[37mmsg: 1236 point cloud size: 86400,ts:194.6872336000[0m
[1m[37mmsg: 1237 point cloud size: 86400,ts:194.7872346000[0m
[1m[37mmsg: 1238 point cloud size: 86400,ts:194.8872386000[0m
[1m[37mmsg: 1239 point cloud size: 83040,ts:194.9872196000[0m
[1m[37mmsg: 1240 point cloud size: 85920,ts:195.0877803600[0m
[1m[37mmsg: 1241 point cloud size: 86400,ts:195.1872116000[0m
[1m[37mmsg: 1242 point cloud size: 86400,ts:195.2872376000[0m
[1m[37mmsg: 1243 point cloud size: 86400,ts:195.3872186000[0m
[1m[37mmsg: 1244 point cloud size: 86400,ts:195.4872226000[0m
[1m[37mmsg: 1245 point cloud size: 86400,ts:195.5872116000[0m
[1m[37mmsg: 1246 point cloud size: 86400,ts:195.6871986000[0m
[1m[37mmsg: 1247 point cloud size: 86400,ts:195.7871976000[0m
[1m[37mmsg: 1248 point cloud size: 86400,ts:195.8872046000[0m
[1m[37mmsg: 1249 point cloud size: 83040,ts:195.9872216000[0m
[1m[37mmsg: 1250 point cloud size: 85920,ts:196.0877583600[0m
[1m[37mmsg: 1251 point cloud size: 86400,ts:196.1871996000[0m
[1m[37mmsg: 1252 point cloud size: 86400,ts:196.2871936000[0m
[1m[37mmsg: 1253 point cloud size: 86400,ts:196.3871846000[0m
[1m[37mmsg: 1254 point cloud size: 86400,ts:196.4871856000[0m
[1m[37mmsg: 1255 point cloud size: 86400,ts:196.5871996000[0m
[1m[37mmsg: 1256 point cloud size: 86400,ts:196.6871826000[0m
[1m[37mmsg: 1257 point cloud size: 86400,ts:196.7871946000[0m
[1m[37mmsg: 1258 point cloud size: 86400,ts:196.8871826000[0m
[1m[37mmsg: 1259 point cloud size: 83040,ts:196.9871766000[0m
[1m[37mmsg: 1260 point cloud size: 85920,ts:197.0877363600[0m
[1m[37mmsg: 1261 point cloud size: 86400,ts:197.1871706000[0m
[1m[37mmsg: 1262 point cloud size: 86400,ts:197.2871846000[0m
[1m[37mmsg: 1263 point cloud size: 86400,ts:197.3871916000[0m
[1m[37mmsg: 1264 point cloud size: 86400,ts:197.4871876000[0m
[1m[37mmsg: 1265 point cloud size: 86400,ts:197.5871746000[0m
[1m[37mmsg: 1266 point cloud size: 86400,ts:197.6872176000[0m
[1m[37mmsg: 1267 point cloud size: 86400,ts:197.7871966000[0m
[1m[37mmsg: 1268 point cloud size: 86400,ts:197.8871836000[0m
[1m[37mmsg: 1269 point cloud size: 83040,ts:197.9871996000[0m
[1m[37mmsg: 1270 point cloud size: 85920,ts:198.0877353600[0m
[1m[37mmsg: 1271 point cloud size: 86400,ts:198.1871816000[0m
[1m[37mmsg: 1272 point cloud size: 86400,ts:198.2871696000[0m
[1m[37mmsg: 1273 point cloud size: 86400,ts:198.3871756000[0m
[1m[37mmsg: 1274 point cloud size: 86400,ts:198.4871726000[0m
[1m[37mmsg: 1275 point cloud size: 86400,ts:198.5871706000[0m
[1m[37mmsg: 1276 point cloud size: 86400,ts:198.6871986000[0m
[1m[37mmsg: 1277 point cloud size: 86400,ts:198.7871746000[0m
[1m[37mmsg: 1278 point cloud size: 86400,ts:198.8871626000[0m
[1m[37mmsg: 1279 point cloud size: 83040,ts:198.9871616000[0m
[1m[37mmsg: 1280 point cloud size: 85920,ts:199.0877203600[0m
[1m[37mmsg: 1281 point cloud size: 86400,ts:199.1871556000[0m
[1m[37mmsg: 1282 point cloud size: 86400,ts:199.2871626000[0m
[1m[37mmsg: 1283 point cloud size: 86400,ts:199.3871526000[0m
[1m[37mmsg: 1284 point cloud size: 86400,ts:199.4871446000[0m
[1m[37mmsg: 1285 point cloud size: 86400,ts:199.5871456000[0m
[1m[37mmsg: 1286 point cloud size: 86400,ts:199.6871486000[0m
[1m[37mmsg: 1287 point cloud size: 86400,ts:199.7871346000[0m
[1m[37mmsg: 1288 point cloud size: 86400,ts:199.8871386000[0m
[1m[37mmsg: 1289 point cloud size: 83040,ts:199.9871586000[0m
[1m[37mmsg: 1290 point cloud size: 85920,ts:200.0876973600[0m
[1m[37mmsg: 1291 point cloud size: 86400,ts:200.1871296000[0m
[1m[37mmsg: 1292 point cloud size: 86400,ts:200.2871196000[0m
[1m[37mmsg: 1293 point cloud size: 86400,ts:200.3871276000[0m
[1m[37mmsg: 1294 point cloud size: 86400,ts:200.4871226000[0m
[1m[37mmsg: 1295 point cloud size: 86400,ts:200.5871346000[0m
[1m[37mmsg: 1296 point cloud size: 86400,ts:200.6871206000[0m
[1m[37mmsg: 1297 point cloud size: 86400,ts:200.7871206000[0m
[1m[37mmsg: 1298 point cloud size: 86400,ts:200.8871326000[0m
[1m[37mmsg: 1299 point cloud size: 83040,ts:200.9871156000[0m
[1m[37mmsg: 1300 point cloud size: 85920,ts:201.0876883600[0m
[1m[37mmsg: 1301 point cloud size: 86400,ts:201.1871196000[0m
[1m[37mmsg: 1302 point cloud size: 86400,ts:201.2870986000[0m
[1m[37mmsg: 1303 point cloud size: 86400,ts:201.3871286000[0m
[1m[37mmsg: 1304 point cloud size: 86400,ts:201.4871316000[0m
[1m[37mmsg: 1305 point cloud size: 86400,ts:201.5871196000[0m
[1m[37mmsg: 1306 point cloud size: 86400,ts:201.6870986000[0m
[1m[37mmsg: 1307 point cloud size: 86400,ts:201.7871036000[0m
[1m[37mmsg: 1308 point cloud size: 86400,ts:201.8871066000[0m
[1m[37mmsg: 1309 point cloud size: 83040,ts:201.9871006000[0m
[1m[37mmsg: 1310 point cloud size: 85920,ts:202.0876563600[0m
[1m[37mmsg: 1311 point cloud size: 86400,ts:202.1870826000[0m
[1m[37mmsg: 1312 point cloud size: 86400,ts:202.2870966000[0m
[1m[37mmsg: 1313 point cloud size: 86400,ts:202.3870916000[0m
[1m[37mmsg: 1314 point cloud size: 86400,ts:202.4870956000[0m
[1m[37mmsg: 1315 point cloud size: 86400,ts:202.5871116000[0m
[1m[37mmsg: 1316 point cloud size: 86400,ts:202.6870856000[0m
[1m[37mmsg: 1317 point cloud size: 86400,ts:202.7870876000[0m
[1m[37mmsg: 1318 point cloud size: 86400,ts:202.8870996000[0m
[1m[37mmsg: 1319 point cloud size: 83040,ts:202.9870966000[0m
[1m[37mmsg: 1320 point cloud size: 85920,ts:203.0876493600[0m
[1m[37mmsg: 1321 point cloud size: 86400,ts:203.1871076000[0m
[1m[37mmsg: 1322 point cloud size: 86400,ts:203.2870886000[0m
[1m[37mmsg: 1323 point cloud size: 86400,ts:203.3871026000[0m
[1m[37mmsg: 1324 point cloud size: 86400,ts:203.4870826000[0m
[1m[37mmsg: 1325 point cloud size: 86400,ts:203.5870626000[0m
[1m[37mmsg: 1326 point cloud size: 86400,ts:203.6870716000[0m
[1m[37mmsg: 1327 point cloud size: 86400,ts:203.7870766000[0m
[1m[37mmsg: 1328 point cloud size: 86400,ts:203.8870766000[0m
[1m[37mmsg: 1329 point cloud size: 83040,ts:203.9870686000[0m
[1m[37mmsg: 1330 point cloud size: 85920,ts:204.0876413600[0m
[1m[37mmsg: 1331 point cloud size: 86400,ts:204.1870856000[0m
[1m[37mmsg: 1332 point cloud size: 86400,ts:204.2870826000[0m
[1m[37mmsg: 1333 point cloud size: 86400,ts:204.3870546000[0m
[1m[37mmsg: 1334 point cloud size: 86400,ts:204.4870616000[0m
[1m[37mmsg: 1335 point cloud size: 86400,ts:204.5870586000[0m
[1m[37mmsg: 1336 point cloud size: 86400,ts:204.6870606000[0m
[1m[37mmsg: 1337 point cloud size: 86400,ts:204.7870596000[0m
[1m[37mmsg: 1338 point cloud size: 86400,ts:204.8870676000[0m
[1m[37mmsg: 1339 point cloud size: 83040,ts:204.9870466000[0m
[1m[37mmsg: 1340 point cloud size: 85920,ts:205.0876063600[0m
[1m[37mmsg: 1341 point cloud size: 86400,ts:205.1870456000[0m
[1m[37mmsg: 1342 point cloud size: 86400,ts:205.2870416000[0m
[1m[37mmsg: 1343 point cloud size: 86400,ts:205.3881116000[0m
[1m[37mmsg: 1344 point cloud size: 86400,ts:205.4870456000[0m
[1m[37mmsg: 1345 point cloud size: 86400,ts:205.5870336000[0m
[1m[37mmsg: 1346 point cloud size: 86400,ts:205.6870366000[0m
[1m[37mmsg: 1347 point cloud size: 86400,ts:205.7870406000[0m
[1m[37mmsg: 1348 point cloud size: 86400,ts:205.8870446000[0m
[1m[37mmsg: 1349 point cloud size: 83040,ts:205.9870376000[0m
[1m[37mmsg: 1350 point cloud size: 85920,ts:206.0875833600[0m
[1m[37mmsg: 1351 point cloud size: 86400,ts:206.1870366000[0m
[1m[37mmsg: 1352 point cloud size: 86400,ts:206.2870266000[0m
[1m[37mmsg: 1353 point cloud size: 86400,ts:206.3870356000[0m
[1m[37mmsg: 1354 point cloud size: 86400,ts:206.4870346000[0m
[1m[37mmsg: 1355 point cloud size: 86400,ts:206.5870166000[0m
[1m[37mmsg: 1356 point cloud size: 86400,ts:206.6870386000[0m
[1m[37mmsg: 1357 point cloud size: 86400,ts:206.7870346000[0m
[1m[37mmsg: 1358 point cloud size: 86400,ts:206.8870256000[0m
[1m[37mmsg: 1359 point cloud size: 83040,ts:206.9870206000[0m
[1m[37mmsg: 1360 point cloud size: 85920,ts:207.0875723600[0m
[1m[37mmsg: 1361 point cloud size: 86400,ts:207.1870286000[0m
[1m[37mmsg: 1362 point cloud size: 86400,ts:207.2870066000[0m
[1m[37mmsg: 1363 point cloud size: 86400,ts:207.3870226000[0m
[1m[37mmsg: 1364 point cloud size: 86400,ts:207.4870196000[0m
[1m[37mmsg: 1365 point cloud size: 86400,ts:207.5870036000[0m
[1m[37mmsg: 1366 point cloud size: 86400,ts:207.6870046000[0m
[1m[37mmsg: 1367 point cloud size: 86400,ts:207.7870156000[0m
[1m[37mmsg: 1368 point cloud size: 86400,ts:207.8869976000[0m
[1m[37mmsg: 1369 point cloud size: 83040,ts:207.9869996000[0m
[1m[37mmsg: 1370 point cloud size: 85920,ts:208.0875673600[0m
[1m[37mmsg: 1371 point cloud size: 86400,ts:208.1869916000[0m
[1m[37mmsg: 1372 point cloud size: 86400,ts:208.2869916000[0m
[1m[37mmsg: 1373 point cloud size: 86400,ts:208.3869916000[0m
[1m[37mmsg: 1374 point cloud size: 86400,ts:208.4869986000[0m
[1m[37mmsg: 1375 point cloud size: 86400,ts:208.5869836000[0m
[1m[37mmsg: 1376 point cloud size: 86400,ts:208.6870216000[0m
[1m[37mmsg: 1377 point cloud size: 86400,ts:208.7870296000[0m
[1m[37mmsg: 1378 point cloud size: 86400,ts:208.8869776000[0m
[1m[37mmsg: 1379 point cloud size: 83040,ts:208.9869806000[0m
[1m[37mmsg: 1380 point cloud size: 85920,ts:209.0875683600[0m
[1m[37mmsg: 1381 point cloud size: 86400,ts:209.1869736000[0m
[1m[37mmsg: 1382 point cloud size: 86400,ts:209.2869856000[0m
[1m[37mmsg: 1383 point cloud size: 86400,ts:209.3869736000[0m
[1m[37mmsg: 1384 point cloud size: 86400,ts:209.4869676000[0m
[1m[37mmsg: 1385 point cloud size: 86400,ts:209.5869736000[0m
[1m[37mmsg: 1386 point cloud size: 86400,ts:209.6869736000[0m
[1m[37mmsg: 1387 point cloud size: 86400,ts:209.7869846000[0m
[1m[37mmsg: 1388 point cloud size: 86400,ts:209.8869806000[0m
[1m[37mmsg: 1389 point cloud size: 83040,ts:209.9869856000[0m
[1m[37mmsg: 1390 point cloud size: 85920,ts:210.0875213600[0m
[1m[37mmsg: 1391 point cloud size: 86400,ts:210.1869566000[0m
[1m[37mmsg: 1392 point cloud size: 86400,ts:210.2869736000[0m
[1m[37mmsg: 1393 point cloud size: 86400,ts:210.3869626000[0m
[1m[37mmsg: 1394 point cloud size: 86400,ts:210.4869646000[0m
[1m[37mmsg: 1395 point cloud size: 86400,ts:210.5869526000[0m
[1m[37mmsg: 1396 point cloud size: 86400,ts:210.6869576000[0m
[1m[37mmsg: 1397 point cloud size: 86400,ts:210.7869766000[0m
[1m[37mmsg: 1398 point cloud size: 86400,ts:210.8869676000[0m
[1m[37mmsg: 1399 point cloud size: 83040,ts:210.9869506000[0m
[1m[37mmsg: 1400 point cloud size: 85920,ts:211.0875053600[0m
[1m[37mmsg: 1401 point cloud size: 86400,ts:211.1869566000[0m
[1m[37mmsg: 1402 point cloud size: 86400,ts:211.2869666000[0m
[1m[37mmsg: 1403 point cloud size: 86400,ts:211.3869646000[0m
[1m[37mmsg: 1404 point cloud size: 86400,ts:211.4869576000[0m
[1m[37mmsg: 1405 point cloud size: 86400,ts:211.5869356000[0m
[1m[37mmsg: 1406 point cloud size: 86400,ts:211.6869386000[0m
[1m[37mmsg: 1407 point cloud size: 86400,ts:211.7869266000[0m
[1m[37mmsg: 1408 point cloud size: 86400,ts:211.8869326000[0m
[1m[37mmsg: 1409 point cloud size: 83040,ts:211.9869176000[0m
[1m[37mmsg: 1410 point cloud size: 85920,ts:212.0874873600[0m
[1m[37mmsg: 1411 point cloud size: 86400,ts:212.1869266000[0m
[1m[37mmsg: 1412 point cloud size: 86400,ts:212.2869256000[0m
[1m[37mmsg: 1413 point cloud size: 86400,ts:212.3869336000[0m
[1m[37mmsg: 1414 point cloud size: 86400,ts:212.4869546000[0m
[1m[37mmsg: 1415 point cloud size: 86400,ts:212.5869226000[0m
[1m[37mmsg: 1416 point cloud size: 86400,ts:212.6869236000[0m
[1m[37mmsg: 1417 point cloud size: 86400,ts:212.7869266000[0m
[1m[37mmsg: 1418 point cloud size: 86400,ts:212.8869156000[0m
[1m[37mmsg: 1419 point cloud size: 83040,ts:212.9869256000[0m
[1m[37mmsg: 1420 point cloud size: 85920,ts:213.0874813600[0m
[1m[37mmsg: 1421 point cloud size: 86400,ts:213.1869096000[0m
[1m[37mmsg: 1422 point cloud size: 86400,ts:213.2869106000[0m
[1m[37mmsg: 1423 point cloud size: 86400,ts:213.3869226000[0m
[1m[37mmsg: 1424 point cloud size: 86400,ts:213.4869096000[0m
[1m[37mmsg: 1425 point cloud size: 86400,ts:213.5869056000[0m
[1m[37mmsg: 1426 point cloud size: 86400,ts:213.6869116000[0m
[1m[37mmsg: 1427 point cloud size: 86400,ts:213.7869016000[0m
[1m[37mmsg: 1428 point cloud size: 86400,ts:213.8868966000[0m
[1m[37mmsg: 1429 point cloud size: 83040,ts:213.9869216000[0m
[1m[37mmsg: 1430 point cloud size: 85920,ts:214.0874583600[0m
[1m[37mmsg: 1431 point cloud size: 86400,ts:214.1869006000[0m
[1m[37mmsg: 1432 point cloud size: 86400,ts:214.2868986000[0m
[1m[37mmsg: 1433 point cloud size: 86400,ts:214.3869016000[0m
[1m[37mmsg: 1434 point cloud size: 86400,ts:214.4868986000[0m
[1m[37mmsg: 1435 point cloud size: 86400,ts:214.5868916000[0m
[1m[37mmsg: 1436 point cloud size: 86400,ts:214.6868936000[0m
[1m[37mmsg: 1437 point cloud size: 86400,ts:214.7868816000[0m
[1m[37mmsg: 1438 point cloud size: 86400,ts:214.8868846000[0m
[1m[37mmsg: 1439 point cloud size: 83040,ts:214.9868886000[0m
[1m[37mmsg: 1440 point cloud size: 85920,ts:215.0874453600[0m
[1m[37mmsg: 1441 point cloud size: 86400,ts:215.1868776000[0m
[1m[37mmsg: 1442 point cloud size: 86400,ts:215.2868836000[0m
[1m[37mmsg: 1443 point cloud size: 86400,ts:215.3868906000[0m
[1m[37mmsg: 1444 point cloud size: 86400,ts:215.4868776000[0m
[1m[37mmsg: 1445 point cloud size: 86400,ts:215.5868806000[0m
[1m[37mmsg: 1446 point cloud size: 86400,ts:215.6868846000[0m
[1m[37mmsg: 1447 point cloud size: 86400,ts:215.7868836000[0m
[1m[37mmsg: 1448 point cloud size: 86400,ts:215.8868786000[0m
[1m[37mmsg: 1449 point cloud size: 83040,ts:215.9868566000[0m
[1m[37mmsg: 1450 point cloud size: 85920,ts:216.0874493600[0m
[1m[37mmsg: 1451 point cloud size: 86400,ts:216.1868716000[0m
[1m[37mmsg: 1452 point cloud size: 86400,ts:216.2868696000[0m
[1m[37mmsg: 1453 point cloud size: 86400,ts:216.3868676000[0m
[1m[37mmsg: 1454 point cloud size: 86400,ts:216.4868586000[0m
[1m[37mmsg: 1455 point cloud size: 86400,ts:216.5868666000[0m
[1m[37mmsg: 1456 point cloud size: 86400,ts:216.6868726000[0m
[1m[37mmsg: 1457 point cloud size: 86400,ts:216.7868686000[0m
[1m[37mmsg: 1458 point cloud size: 86400,ts:216.8868576000[0m
[1m[37mmsg: 1459 point cloud size: 83040,ts:216.9868556000[0m
[1m[37mmsg: 1460 point cloud size: 85920,ts:217.0874153600[0m
[1m[37mmsg: 1461 point cloud size: 86400,ts:217.1868536000[0m
[1m[37mmsg: 1462 point cloud size: 86400,ts:217.2868486000[0m
[1m[37mmsg: 1463 point cloud size: 86400,ts:217.3868546000[0m
[1m[37mmsg: 1464 point cloud size: 86400,ts:217.4868506000[0m
[1m[37mmsg: 1465 point cloud size: 86400,ts:217.5868376000[0m
[1m[37mmsg: 1466 point cloud size: 86400,ts:217.6868596000[0m
[1m[37mmsg: 1467 point cloud size: 86400,ts:217.7868366000[0m
[1m[37mmsg: 1468 point cloud size: 86400,ts:217.8868446000[0m
[1m[37mmsg: 1469 point cloud size: 83040,ts:217.9868246000[0m
[1m[37mmsg: 1470 point cloud size: 85920,ts:218.0873983600[0m
[1m[37mmsg: 1471 point cloud size: 86400,ts:218.1868326000[0m
[1m[37mmsg: 1472 point cloud size: 86400,ts:218.2868386000[0m
[1m[37mmsg: 1473 point cloud size: 86400,ts:218.3868226000[0m
[1m[37mmsg: 1474 point cloud size: 86400,ts:218.4868246000[0m
[1m[37mmsg: 1475 point cloud size: 86400,ts:218.5868286000[0m
[1m[37mmsg: 1476 point cloud size: 86400,ts:218.6868496000[0m
[1m[37mmsg: 1477 point cloud size: 86400,ts:218.7868646000[0m
[1m[37mmsg: 1478 point cloud size: 86400,ts:218.8868286000[0m
[1m[37mmsg: 1479 point cloud size: 83040,ts:218.9868136000[0m
[1m[37mmsg: 1480 point cloud size: 85920,ts:219.0873613600[0m
[1m[37mmsg: 1481 point cloud size: 86400,ts:219.1868126000[0m
[1m[37mmsg: 1482 point cloud size: 86400,ts:219.2868446000[0m
[1m[37mmsg: 1483 point cloud size: 86400,ts:219.3868046000[0m
[1m[37mmsg: 1484 point cloud size: 86400,ts:219.4868326000[0m
[1m[37mmsg: 1485 point cloud size: 86400,ts:219.5868186000[0m
[1m[37mmsg: 1486 point cloud size: 86400,ts:219.6868066000[0m
[1m[37mmsg: 1487 point cloud size: 86400,ts:219.7868116000[0m
[1m[37mmsg: 1488 point cloud size: 86400,ts:219.8868266000[0m
[1m[37mmsg: 1489 point cloud size: 83040,ts:219.9868136000[0m
[1m[37mmsg: 1490 point cloud size: 85920,ts:220.0873813600[0m
[1m[37mmsg: 1491 point cloud size: 86400,ts:220.1868196000[0m
[1m[37mmsg: 1492 point cloud size: 86400,ts:220.2868056000[0m
[1m[37mmsg: 1493 point cloud size: 86400,ts:220.3868016000[0m
[1m[37mmsg: 1494 point cloud size: 86400,ts:220.4868016000[0m
[1m[37mmsg: 1495 point cloud size: 86400,ts:220.5867986000[0m
[1m[37mmsg: 1496 point cloud size: 86400,ts:220.6867856000[0m
[1m[37mmsg: 1497 point cloud size: 86400,ts:220.7867876000[0m
[1m[37mmsg: 1498 point cloud size: 86400,ts:220.8867946000[0m
[1m[37mmsg: 1499 point cloud size: 83040,ts:220.9868036000[0m
[1m[37mmsg: 1500 point cloud size: 85920,ts:221.0873553600[0m
[1m[37mmsg: 1501 point cloud size: 86400,ts:221.1867876000[0m
[1m[37mmsg: 1502 point cloud size: 86400,ts:221.2867966000[0m
[1m[37mmsg: 1503 point cloud size: 86400,ts:221.3867826000[0m
[1m[37mmsg: 1504 point cloud size: 86400,ts:221.4868136000[0m
[1m[37mmsg: 1505 point cloud size: 86400,ts:221.5867876000[0m
[1m[37mmsg: 1506 point cloud size: 86400,ts:221.6867926000[0m
[1m[37mmsg: 1507 point cloud size: 86400,ts:221.7867706000[0m
[1m[37mmsg: 1508 point cloud size: 86400,ts:221.8867726000[0m
[1m[37mmsg: 1509 point cloud size: 83040,ts:221.9867446000[0m
[1m[37mmsg: 1510 point cloud size: 85920,ts:222.0873313600[0m
[1m[37mmsg: 1511 point cloud size: 86400,ts:222.1867656000[0m
[1m[37mmsg: 1512 point cloud size: 86400,ts:222.2867596000[0m
[1m[37mmsg: 1513 point cloud size: 86400,ts:222.3867766000[0m
[1m[37mmsg: 1514 point cloud size: 86400,ts:222.4867606000[0m
[1m[37mmsg: 1515 point cloud size: 86400,ts:222.5867736000[0m
[1m[37mmsg: 1516 point cloud size: 86400,ts:222.6867586000[0m
[1m[37mmsg: 1517 point cloud size: 86400,ts:222.7867606000[0m
[1m[37mmsg: 1518 point cloud size: 86400,ts:222.8867556000[0m
[1m[37mmsg: 1519 point cloud size: 83040,ts:222.9867486000[0m
[1m[37mmsg: 1520 point cloud size: 85920,ts:223.0873083600[0m
[1m[37mmsg: 1521 point cloud size: 86400,ts:223.1867576000[0m
[1m[37mmsg: 1522 point cloud size: 86400,ts:223.2867546000[0m
[1m[37mmsg: 1523 point cloud size: 86400,ts:223.3867456000[0m
[1m[37mmsg: 1524 point cloud size: 86400,ts:223.4867496000[0m
[1m[37mmsg: 1525 point cloud size: 86400,ts:223.5867516000[0m
[1m[37mmsg: 1526 point cloud size: 86400,ts:223.6867366000[0m
[1m[37mmsg: 1527 point cloud size: 86400,ts:223.7867436000[0m
[1m[37mmsg: 1528 point cloud size: 86400,ts:223.8867426000[0m
[1m[37mmsg: 1529 point cloud size: 83040,ts:223.9867296000[0m
[1m[37mmsg: 1530 point cloud size: 85920,ts:224.0873073600[0m
[1m[37mmsg: 1531 point cloud size: 86400,ts:224.1869396000[0m
[1m[37mmsg: 1532 point cloud size: 86400,ts:224.2867206000[0m
[1m[37mmsg: 1533 point cloud size: 86400,ts:224.3867386000[0m
[1m[37mmsg: 1534 point cloud size: 86400,ts:224.4867276000[0m
[1m[37mmsg: 1535 point cloud size: 86400,ts:224.5867806000[0m
[1m[37mmsg: 1536 point cloud size: 86400,ts:224.6867166000[0m
[1m[37mmsg: 1537 point cloud size: 86400,ts:224.7867726000[0m
[1m[37mmsg: 1538 point cloud size: 86400,ts:224.8867806000[0m
[1m[37mmsg: 1539 point cloud size: 83040,ts:224.9867296000[0m
[1m[37mmsg: 1540 point cloud size: 85920,ts:225.0872663600[0m
[1m[37mmsg: 1541 point cloud size: 86400,ts:225.1867206000[0m
[1m[37mmsg: 1542 point cloud size: 86400,ts:225.2867176000[0m
[1m[37mmsg: 1543 point cloud size: 86400,ts:225.3867176000[0m
[1m[37mmsg: 1544 point cloud size: 86400,ts:225.4867246000[0m
[1m[37mmsg: 1545 point cloud size: 86400,ts:225.5867106000[0m
[1m[37mmsg: 1546 point cloud size: 86400,ts:225.6867056000[0m
[1m[37mmsg: 1547 point cloud size: 86400,ts:225.7867086000[0m
[1m[37mmsg: 1548 point cloud size: 86400,ts:225.8867046000[0m
[1m[37mmsg: 1549 point cloud size: 83040,ts:225.9867076000[0m
[1m[37mmsg: 1550 point cloud size: 85920,ts:226.0872653600[0m
[1m[37mmsg: 1551 point cloud size: 86400,ts:226.1867136000[0m
[1m[37mmsg: 1552 point cloud size: 86400,ts:226.2867046000[0m
[1m[37mmsg: 1553 point cloud size: 86400,ts:226.3867026000[0m
[1m[37mmsg: 1554 point cloud size: 86400,ts:226.4867056000[0m
[1m[37mmsg: 1555 point cloud size: 86400,ts:226.5867146000[0m
[1m[37mmsg: 1556 point cloud size: 86400,ts:226.6867086000[0m
[1m[37mmsg: 1557 point cloud size: 86400,ts:226.7867066000[0m
[1m[37mmsg: 1558 point cloud size: 86400,ts:226.8867006000[0m
[1m[37mmsg: 1559 point cloud size: 83040,ts:226.9867016000[0m
[1m[37mmsg: 1560 point cloud size: 85920,ts:227.0872563600[0m
[1m[37mmsg: 1561 point cloud size: 86400,ts:227.1866946000[0m
[1m[37mmsg: 1562 point cloud size: 86400,ts:227.2866996000[0m
[1m[37mmsg: 1563 point cloud size: 86400,ts:227.3866836000[0m
[1m[37mmsg: 1564 point cloud size: 86400,ts:227.4866846000[0m
[1m[37mmsg: 1565 point cloud size: 86400,ts:227.5866756000[0m
[1m[37mmsg: 1566 point cloud size: 86400,ts:227.6866776000[0m
[1m[37mmsg: 1567 point cloud size: 86400,ts:227.7866726000[0m
[1m[37mmsg: 1568 point cloud size: 86400,ts:227.8866886000[0m
[1m[37mmsg: 1569 point cloud size: 83040,ts:227.9866736000[0m
[1m[37mmsg: 1570 point cloud size: 85920,ts:228.0872263600[0m
[1m[37mmsg: 1571 point cloud size: 86400,ts:228.1866786000[0m
[1m[37mmsg: 1572 point cloud size: 86400,ts:228.2866846000[0m
[1m[37mmsg: 1573 point cloud size: 86400,ts:228.3866766000[0m
[1m[37mmsg: 1574 point cloud size: 86400,ts:228.4866676000[0m
[1m[37mmsg: 1575 point cloud size: 86400,ts:228.5866526000[0m
[1m[37mmsg: 1576 point cloud size: 86400,ts:228.6866626000[0m
[1m[37mmsg: 1577 point cloud size: 86400,ts:228.7866616000[0m
[1m[37mmsg: 1578 point cloud size: 86400,ts:228.8866716000[0m
[1m[37mmsg: 1579 point cloud size: 83040,ts:228.9866566000[0m
[1m[37mmsg: 1580 point cloud size: 85920,ts:229.0872123600[0m
[1m[37mmsg: 1581 point cloud size: 86400,ts:229.1867076000[0m
[1m[37mmsg: 1582 point cloud size: 86400,ts:229.2866646000[0m
[1m[37mmsg: 1583 point cloud size: 86400,ts:229.3866356000[0m
[1m[37mmsg: 1584 point cloud size: 86400,ts:229.4866576000[0m
[1m[37mmsg: 1585 point cloud size: 86400,ts:229.5866606000[0m
[1m[37mmsg: 1586 point cloud size: 86400,ts:229.6866416000[0m
[1m[37mmsg: 1587 point cloud size: 86400,ts:229.7866446000[0m
[1m[37mmsg: 1588 point cloud size: 86400,ts:229.8866316000[0m
[1m[37mmsg: 1589 point cloud size: 83040,ts:229.9866346000[0m
[1m[37mmsg: 1590 point cloud size: 85920,ts:230.0871953600[0m
[1m[37mmsg: 1591 point cloud size: 86400,ts:230.1866386000[0m
[1m[37mmsg: 1592 point cloud size: 86400,ts:230.2866466000[0m
[1m[37mmsg: 1593 point cloud size: 86400,ts:230.3866856000[0m
[1m[37mmsg: 1594 point cloud size: 86400,ts:230.4866356000[0m
[1m[37mmsg: 1595 point cloud size: 86400,ts:230.5866396000[0m
[1m[37mmsg: 1596 point cloud size: 86400,ts:230.6866256000[0m
[1m[37mmsg: 1597 point cloud size: 86400,ts:230.7866406000[0m
[1m[37mmsg: 1598 point cloud size: 86400,ts:230.8866176000[0m
[1m[37mmsg: 1599 point cloud size: 83040,ts:230.9866196000[0m
[1m[37mmsg: 1600 point cloud size: 85920,ts:231.0871743600[0m
[1m[37mmsg: 1601 point cloud size: 86400,ts:231.1866296000[0m
[1m[37mmsg: 1602 point cloud size: 86400,ts:231.2866176000[0m
[1m[37mmsg: 1603 point cloud size: 86400,ts:231.3866186000[0m
[1m[37mmsg: 1604 point cloud size: 86400,ts:231.4866216000[0m
[1m[37mmsg: 1605 point cloud size: 86400,ts:231.5866146000[0m
[1m[37mmsg: 1606 point cloud size: 86400,ts:231.6866206000[0m
[1m[37mmsg: 1607 point cloud size: 86400,ts:231.7866166000[0m
[1m[37mmsg: 1608 point cloud size: 86400,ts:231.8866076000[0m
[1m[37mmsg: 1609 point cloud size: 83040,ts:231.9866266000[0m
[1m[37mmsg: 1610 point cloud size: 85920,ts:232.0871703600[0m
[1m[37mmsg: 1611 point cloud size: 86400,ts:232.1866136000[0m
[1m[37mmsg: 1612 point cloud size: 86400,ts:232.2866006000[0m
[1m[37mmsg: 1613 point cloud size: 86400,ts:232.3866126000[0m
[1m[37mmsg: 1614 point cloud size: 86400,ts:232.4866136000[0m
[1m[37mmsg: 1615 point cloud size: 86400,ts:232.5865946000[0m
[1m[37mmsg: 1616 point cloud size: 86400,ts:232.6866116000[0m
[1m[37mmsg: 1617 point cloud size: 86400,ts:232.7866136000[0m
[1m[37mmsg: 1618 point cloud size: 86400,ts:232.8865996000[0m
[1m[37mmsg: 1619 point cloud size: 83040,ts:232.9865916000[0m
[1m[37mmsg: 1620 point cloud size: 85920,ts:233.0871483600[0m
[1m[37mmsg: 1621 point cloud size: 86400,ts:233.1865786000[0m
[1m[37mmsg: 1622 point cloud size: 86400,ts:233.2865866000[0m
[1m[37mmsg: 1623 point cloud size: 86400,ts:233.3865936000[0m
[1m[37mmsg: 1624 point cloud size: 86400,ts:233.4865786000[0m
[1m[37mmsg: 1625 point cloud size: 86400,ts:233.5865796000[0m
[1m[37mmsg: 1626 point cloud size: 86400,ts:233.6865786000[0m
[1m[37mmsg: 1627 point cloud size: 86400,ts:233.7865816000[0m
[1m[37mmsg: 1628 point cloud size: 86400,ts:233.8865766000[0m
[1m[37mmsg: 1629 point cloud size: 83040,ts:233.9865786000[0m
[1m[37mmsg: 1630 point cloud size: 85920,ts:234.0871303600[0m
[1m[37mmsg: 1631 point cloud size: 86400,ts:234.1865976000[0m
[1m[37mmsg: 1632 point cloud size: 86400,ts:234.2865716000[0m
[1m[37mmsg: 1633 point cloud size: 86400,ts:234.3865676000[0m
[1m[37mmsg: 1634 point cloud size: 86400,ts:234.4865746000[0m
[1m[37mmsg: 1635 point cloud size: 86400,ts:234.5865586000[0m
[1m[37mmsg: 1636 point cloud size: 86400,ts:234.6865596000[0m
[1m[37mmsg: 1637 point cloud size: 86400,ts:234.7865476000[0m
[1m[37mmsg: 1638 point cloud size: 86400,ts:234.8865546000[0m
[1m[37mmsg: 1639 point cloud size: 83040,ts:234.9865586000[0m
[1m[37mmsg: 1640 point cloud size: 85920,ts:235.0873433600[0m
[1m[37mmsg: 1641 point cloud size: 86400,ts:235.1865556000[0m
[1m[37mmsg: 1642 point cloud size: 86400,ts:235.2865516000[0m
[1m[37mmsg: 1643 point cloud size: 86400,ts:235.3865556000[0m
[1m[37mmsg: 1644 point cloud size: 86400,ts:235.4865436000[0m
[1m[37mmsg: 1645 point cloud size: 86400,ts:235.5865396000[0m
[1m[37mmsg: 1646 point cloud size: 86400,ts:235.6865556000[0m
[1m[37mmsg: 1647 point cloud size: 86400,ts:235.7865486000[0m
[1m[37mmsg: 1648 point cloud size: 86400,ts:235.8865626000[0m
[1m[37mmsg: 1649 point cloud size: 83040,ts:235.9865396000[0m
[1m[37mmsg: 1650 point cloud size: 85920,ts:236.0871143600[0m
[1m[37mmsg: 1651 point cloud size: 86400,ts:236.1865286000[0m
[1m[37mmsg: 1652 point cloud size: 86400,ts:236.2865356000[0m
[1m[37mmsg: 1653 point cloud size: 86400,ts:236.3865406000[0m
[1m[37mmsg: 1654 point cloud size: 86400,ts:236.4865136000[0m
[1m[37mmsg: 1655 point cloud size: 86400,ts:236.5865276000[0m
[1m[37mmsg: 1656 point cloud size: 86400,ts:236.6865366000[0m
[1m[37mmsg: 1657 point cloud size: 86400,ts:236.7865196000[0m
[1m[37mmsg: 1658 point cloud size: 86400,ts:236.8865416000[0m
[1m[37mmsg: 1659 point cloud size: 83040,ts:236.9865316000[0m
[1m[37mmsg: 1660 point cloud size: 85920,ts:237.0870733600[0m
[1m[37mmsg: 1661 point cloud size: 86400,ts:237.1865226000[0m
[1m[37mmsg: 1662 point cloud size: 86400,ts:237.2865106000[0m
[1m[37mmsg: 1663 point cloud size: 86400,ts:237.3865126000[0m
[1m[37mmsg: 1664 point cloud size: 86400,ts:237.4865416000[0m
[1m[37mmsg: 1665 point cloud size: 86400,ts:237.5865026000[0m
[1m[37mmsg: 1666 point cloud size: 86400,ts:237.6865046000[0m
[1m[37mmsg: 1667 point cloud size: 86400,ts:237.7864956000[0m
[1m[37mmsg: 1668 point cloud size: 86400,ts:237.8864976000[0m
[1m[37mmsg: 1669 point cloud size: 83040,ts:237.9864996000[0m
[1m[37mmsg: 1670 point cloud size: 85920,ts:238.0870553600[0m
[1m[37mmsg: 1671 point cloud size: 86400,ts:238.1864896000[0m
[1m[37mmsg: 1672 point cloud size: 86400,ts:238.2864936000[0m
[1m[37mmsg: 1673 point cloud size: 86400,ts:238.3865026000[0m
[1m[37mmsg: 1674 point cloud size: 86400,ts:238.4864836000[0m
[1m[37mmsg: 1675 point cloud size: 86400,ts:238.5864886000[0m
[1m[37mmsg: 1676 point cloud size: 86400,ts:238.6864896000[0m
[1m[37mmsg: 1677 point cloud size: 86400,ts:238.7864826000[0m
[1m[37mmsg: 1678 point cloud size: 86400,ts:238.8864786000[0m
[1m[37mmsg: 1679 point cloud size: 83040,ts:238.9864826000[0m
[1m[37mmsg: 1680 point cloud size: 85920,ts:239.0870313600[0m
[1m[37mmsg: 1681 point cloud size: 86400,ts:239.1864716000[0m
[1m[37mmsg: 1682 point cloud size: 86400,ts:239.2864736000[0m
[1m[37mmsg: 1683 point cloud size: 86400,ts:239.3864616000[0m
[1m[37mmsg: 1684 point cloud size: 86400,ts:239.4864646000[0m
[1m[37mmsg: 1685 point cloud size: 86400,ts:239.5864686000[0m
[1m[37mmsg: 1686 point cloud size: 86400,ts:239.6864536000[0m
[1m[37mmsg: 1687 point cloud size: 86400,ts:239.7864736000[0m
[1m[37mmsg: 1688 point cloud size: 86400,ts:239.8864806000[0m
[1m[37mmsg: 1689 point cloud size: 83040,ts:239.9864816000[0m
[1m[37mmsg: 1690 point cloud size: 85920,ts:240.0870353600[0m
[1m[37mmsg: 1691 point cloud size: 86400,ts:240.1864536000[0m
[1m[37mmsg: 1692 point cloud size: 86400,ts:240.2864576000[0m
[1m[37mmsg: 1693 point cloud size: 86400,ts:240.3864606000[0m
[1m[37mmsg: 1694 point cloud size: 86400,ts:240.4864626000[0m
[1m[37mmsg: 1695 point cloud size: 86400,ts:240.5864576000[0m
[1m[37mmsg: 1696 point cloud size: 86400,ts:240.6864516000[0m
[1m[37mmsg: 1697 point cloud size: 86400,ts:240.7864386000[0m
[1m[37mmsg: 1698 point cloud size: 86400,ts:240.8864706000[0m
[1m[37mmsg: 1699 point cloud size: 83040,ts:240.9864656000[0m
[1m[37mmsg: 1700 point cloud size: 85920,ts:241.0869993600[0m
[1m[37mmsg: 1701 point cloud size: 86400,ts:241.1864396000[0m
[1m[37mmsg: 1702 point cloud size: 86400,ts:241.2864396000[0m
[1m[37mmsg: 1703 point cloud size: 86400,ts:241.3864266000[0m
[1m[37mmsg: 1704 point cloud size: 86400,ts:241.4864536000[0m
[1m[37mmsg: 1705 point cloud size: 86400,ts:241.5864346000[0m
[1m[37mmsg: 1706 point cloud size: 86400,ts:241.6864406000[0m
[1m[37mmsg: 1707 point cloud size: 86400,ts:241.7864236000[0m
[1m[37mmsg: 1708 point cloud size: 86400,ts:241.8864266000[0m
[1m[37mmsg: 1709 point cloud size: 83040,ts:241.9864296000[0m
[1m[37mmsg: 1710 point cloud size: 85920,ts:242.0869943600[0m
[1m[37mmsg: 1711 point cloud size: 86400,ts:242.1864236000[0m
[1m[37mmsg: 1712 point cloud size: 86400,ts:242.2864286000[0m
[1m[37mmsg: 1713 point cloud size: 86400,ts:242.3864146000[0m
[1m[37mmsg: 1714 point cloud size: 86400,ts:242.4864126000[0m
[1m[37mmsg: 1715 point cloud size: 86400,ts:242.5864056000[0m
[1m[37mmsg: 1716 point cloud size: 86400,ts:242.6864436000[0m
[1m[37mmsg: 1717 point cloud size: 86400,ts:242.7864186000[0m
[1m[37mmsg: 1718 point cloud size: 86400,ts:242.8864136000[0m
[1m[37mmsg: 1719 point cloud size: 83040,ts:242.9863966000[0m
[1m[37mmsg: 1720 point cloud size: 85920,ts:243.0869803600[0m
[1m[37mmsg: 1721 point cloud size: 86400,ts:243.1864106000[0m
[1m[37mmsg: 1722 point cloud size: 86400,ts:243.2863966000[0m
[1m[37mmsg: 1723 point cloud size: 86400,ts:243.3863976000[0m
[1m[37mmsg: 1724 point cloud size: 86400,ts:243.4864016000[0m
[1m[37mmsg: 1725 point cloud size: 86400,ts:243.5864016000[0m
[1m[37mmsg: 1726 point cloud size: 86400,ts:243.6863886000[0m
[1m[37mmsg: 1727 point cloud size: 86400,ts:243.7864046000[0m
[1m[37mmsg: 1728 point cloud size: 86400,ts:243.8863946000[0m
[1m[37mmsg: 1729 point cloud size: 83040,ts:243.9863926000[0m
[1m[37mmsg: 1730 point cloud size: 85920,ts:244.0869383600[0m
[1m[37mmsg: 1731 point cloud size: 86400,ts:244.1863926000[0m
[1m[37mmsg: 1732 point cloud size: 86400,ts:244.2863916000[0m
[1m[37mmsg: 1733 point cloud size: 86400,ts:244.3863896000[0m
[1m[37mmsg: 1734 point cloud size: 86400,ts:244.4863976000[0m
[1m[37mmsg: 1735 point cloud size: 86400,ts:244.5863976000[0m
[1m[37mmsg: 1736 point cloud size: 86400,ts:244.6864016000[0m
[1m[37mmsg: 1737 point cloud size: 86400,ts:244.7864006000[0m
[1m[37mmsg: 1738 point cloud size: 86400,ts:244.8864026000[0m
[1m[37mmsg: 1739 point cloud size: 83040,ts:244.9863706000[0m
[1m[37mmsg: 1740 point cloud size: 85920,ts:245.0869403600[0m
[1m[37mmsg: 1741 point cloud size: 86400,ts:245.1863766000[0m
[1m[37mmsg: 1742 point cloud size: 86400,ts:245.2863826000[0m
[1m[37mmsg: 1743 point cloud size: 86400,ts:245.3863856000[0m
[1m[37mmsg: 1744 point cloud size: 86400,ts:245.4863726000[0m
[1m[37mmsg: 1745 point cloud size: 86400,ts:245.5864046000[0m
[1m[37mmsg: 1746 point cloud size: 86400,ts:245.6863706000[0m
[1m[37mmsg: 1747 point cloud size: 86400,ts:245.7863666000[0m
[1m[37mmsg: 1748 point cloud size: 86400,ts:245.8863536000[0m
[1m[37mmsg: 1749 point cloud size: 83040,ts:245.9863546000[0m
[1m[37mmsg: 1750 point cloud size: 85920,ts:246.0869303600[0m
[1m[37mmsg: 1751 point cloud size: 86400,ts:246.1863636000[0m
[1m[37mmsg: 1752 point cloud size: 86400,ts:246.2863826000[0m
[1m[37mmsg: 1753 point cloud size: 86400,ts:246.3863786000[0m
[1m[37mmsg: 1754 point cloud size: 86400,ts:246.4863666000[0m
[1m[37mmsg: 1755 point cloud size: 86400,ts:246.5863606000[0m
[1m[37mmsg: 1756 point cloud size: 86400,ts:246.6863476000[0m
[1m[37mmsg: 1757 point cloud size: 86400,ts:246.7863496000[0m
[1m[37mmsg: 1758 point cloud size: 86400,ts:246.8863566000[0m
[1m[37mmsg: 1759 point cloud size: 83040,ts:246.9863416000[0m
[1m[37mmsg: 1760 point cloud size: 85920,ts:247.0869083600[0m
[1m[37mmsg: 1761 point cloud size: 86400,ts:247.1863486000[0m
[1m[37mmsg: 1762 point cloud size: 86400,ts:247.2863506000[0m
[1m[37mmsg: 1763 point cloud size: 86400,ts:247.3863376000[0m
[1m[37mmsg: 1764 point cloud size: 86400,ts:247.4863456000[0m
[1m[37mmsg: 1765 point cloud size: 86400,ts:247.5863436000[0m
[1m[37mmsg: 1766 point cloud size: 86400,ts:247.6863316000[0m
[1m[37mmsg: 1767 point cloud size: 86400,ts:247.7863296000[0m
[1m[37mmsg: 1768 point cloud size: 86400,ts:247.8863416000[0m
[1m[37mmsg: 1769 point cloud size: 83040,ts:247.9863216000[0m
[1m[37mmsg: 1770 point cloud size: 85920,ts:248.0868783600[0m
[1m[37mmsg: 1771 point cloud size: 86400,ts:248.1863286000[0m
[1m[37mmsg: 1772 point cloud size: 86400,ts:248.2863156000[0m
[1m[37mmsg: 1773 point cloud size: 86400,ts:248.3863196000[0m
[1m[37mmsg: 1774 point cloud size: 86400,ts:248.4863216000[0m
[1m[37mmsg: 1775 point cloud size: 86400,ts:248.5863306000[0m
[1m[37mmsg: 1776 point cloud size: 86400,ts:248.6863286000[0m
[1m[37mmsg: 1777 point cloud size: 86400,ts:248.7863296000[0m
[1m[37mmsg: 1778 point cloud size: 86400,ts:248.8863326000[0m
[1m[37mmsg: 1779 point cloud size: 83040,ts:248.9863206000[0m
[1m[37mmsg: 1780 point cloud size: 85920,ts:249.0868873600[0m
[1m[37mmsg: 1781 point cloud size: 86400,ts:249.1863266000[0m
[1m[37mmsg: 1782 point cloud size: 86400,ts:249.2863276000[0m
[1m[37mmsg: 1783 point cloud size: 86400,ts:249.3863166000[0m
[1m[37mmsg: 1784 point cloud size: 86400,ts:249.4863226000[0m
[1m[37mmsg: 1785 point cloud size: 86400,ts:249.5863046000[0m
[1m[37mmsg: 1786 point cloud size: 86400,ts:249.6863146000[0m
[1m[37mmsg: 1787 point cloud size: 86400,ts:249.7863096000[0m
[1m[37mmsg: 1788 point cloud size: 86400,ts:249.8863226000[0m
[1m[37mmsg: 1789 point cloud size: 83040,ts:249.9863066000[0m
[1m[37mmsg: 1790 point cloud size: 85920,ts:250.0868523600[0m
[1m[37mmsg: 1791 point cloud size: 86400,ts:250.1863076000[0m
[1m[37mmsg: 1792 point cloud size: 86400,ts:250.2862916000[0m
[1m[37mmsg: 1793 point cloud size: 86400,ts:250.3863056000[0m
[1m[37mmsg: 1794 point cloud size: 86400,ts:250.4862836000[0m
[1m[37mmsg: 1795 point cloud size: 86400,ts:250.5862946000[0m
[1m[37mmsg: 1796 point cloud size: 86400,ts:250.6862946000[0m
[1m[37mmsg: 1797 point cloud size: 86400,ts:250.7862996000[0m
[1m[37mmsg: 1798 point cloud size: 86400,ts:250.8862946000[0m
[1m[37mmsg: 1799 point cloud size: 83040,ts:250.9862986000[0m
[1m[37mmsg: 1800 point cloud size: 85920,ts:251.0868473600[0m
[1m[37mmsg: 1801 point cloud size: 86400,ts:251.1862886000[0m
[1m[37mmsg: 1802 point cloud size: 86400,ts:251.2862836000[0m
[1m[37mmsg: 1803 point cloud size: 86400,ts:251.3862796000[0m
[1m[37mmsg: 1804 point cloud size: 86400,ts:251.4862836000[0m
[1m[37mmsg: 1805 point cloud size: 86400,ts:251.5862776000[0m
[1m[37mmsg: 1806 point cloud size: 86400,ts:251.6862896000[0m
[1m[37mmsg: 1807 point cloud size: 86400,ts:251.7862996000[0m
[1m[37mmsg: 1808 point cloud size: 86400,ts:251.8862906000[0m
[1m[37mmsg: 1809 point cloud size: 83040,ts:251.9862746000[0m
[1m[37mmsg: 1810 point cloud size: 85920,ts:252.0868393600[0m
[1m[37mmsg: 1811 point cloud size: 86400,ts:252.1862746000[0m
[1m[37mmsg: 1812 point cloud size: 86400,ts:252.2862896000[0m
[1m[37mmsg: 1813 point cloud size: 86400,ts:252.3862656000[0m
[1m[37mmsg: 1814 point cloud size: 86400,ts:252.4862736000[0m
[1m[37mmsg: 1815 point cloud size: 86400,ts:252.5862856000[0m
[1m[37mmsg: 1816 point cloud size: 86400,ts:252.6862616000[0m
[1m[37mmsg: 1817 point cloud size: 86400,ts:252.7862676000[0m
[1m[37mmsg: 1818 point cloud size: 86400,ts:252.8862536000[0m
[1m[37mmsg: 1819 point cloud size: 83040,ts:252.9862586000[0m
[1m[37mmsg: 1820 point cloud size: 85920,ts:253.0868113600[0m
[1m[37mmsg: 1821 point cloud size: 86400,ts:253.1862486000[0m
[1m[37mmsg: 1822 point cloud size: 86400,ts:253.2862636000[0m
[1m[37mmsg: 1823 point cloud size: 86400,ts:253.3862546000[0m
[1m[37mmsg: 1824 point cloud size: 86400,ts:253.4862476000[0m
[1m[37mmsg: 1825 point cloud size: 86400,ts:253.5862536000[0m
[1m[37mmsg: 1826 point cloud size: 86400,ts:253.6862646000[0m
[1m[37mmsg: 1827 point cloud size: 86400,ts:253.7862556000[0m
[1m[37mmsg: 1828 point cloud size: 86400,ts:253.8862516000[0m
[1m[37mmsg: 1829 point cloud size: 83040,ts:253.9862476000[0m
[1m[37mmsg: 1830 point cloud size: 85920,ts:254.0867963600[0m
[1m[37mmsg: 1831 point cloud size: 86400,ts:254.1862486000[0m
[1m[37mmsg: 1832 point cloud size: 86400,ts:254.2862446000[0m
[1m[37mmsg: 1833 point cloud size: 86400,ts:254.3862406000[0m
[1m[37mmsg: 1834 point cloud size: 86400,ts:254.4862436000[0m
[1m[37mmsg: 1835 point cloud size: 86400,ts:254.5862516000[0m
[1m[37mmsg: 1836 point cloud size: 86400,ts:254.6862406000[0m
[1m[37mmsg: 1837 point cloud size: 86400,ts:254.7862356000[0m
[1m[37mmsg: 1838 point cloud size: 86400,ts:254.8862466000[0m
[1m[37mmsg: 1839 point cloud size: 83040,ts:254.9862486000[0m
[1m[37mmsg: 1840 point cloud size: 85920,ts:255.0867783600[0m
[1m[37mmsg: 1841 point cloud size: 86400,ts:255.1862326000[0m
[1m[37mmsg: 1842 point cloud size: 86400,ts:255.2862176000[0m
[1m[37mmsg: 1843 point cloud size: 86400,ts:255.3862246000[0m
[1m[37mmsg: 1844 point cloud size: 86400,ts:255.4862306000[0m
[1m[37mmsg: 1845 point cloud size: 86400,ts:255.5862096000[0m
[1m[37mmsg: 1846 point cloud size: 86400,ts:255.6862176000[0m
[1m[37mmsg: 1847 point cloud size: 86400,ts:255.7862306000[0m
[1m[37mmsg: 1848 point cloud size: 86400,ts:255.8862086000[0m
[1m[37mmsg: 1849 point cloud size: 83040,ts:255.9862096000[0m
[1m[37mmsg: 1850 point cloud size: 85920,ts:256.0867633600[0m
[1m[37mmsg: 1851 point cloud size: 86400,ts:256.1861956000[0m
[1m[37mmsg: 1852 point cloud size: 86400,ts:256.2861976000[0m
[1m[37mmsg: 1853 point cloud size: 86400,ts:256.3864616000[0m
[1m[37mmsg: 1854 point cloud size: 86400,ts:256.4861966000[0m
[1m[37mmsg: 1855 point cloud size: 86400,ts:256.5861936000[0m
[1m[37mmsg: 1856 point cloud size: 86400,ts:256.6862036000[0m
[1m[37mmsg: 1857 point cloud size: 86400,ts:256.7861876000[0m
[1m[37mmsg: 1858 point cloud size: 86400,ts:256.8862006000[0m
[1m[37mmsg: 1859 point cloud size: 83040,ts:256.9861956000[0m
[1m[37mmsg: 1860 point cloud size: 85920,ts:257.0867493600[0m
[1m[37mmsg: 1861 point cloud size: 86400,ts:257.1862106000[0m
[1m[37mmsg: 1862 point cloud size: 86400,ts:257.2862196000[0m
[1m[37mmsg: 1863 point cloud size: 86400,ts:257.3861936000[0m
[1m[37mmsg: 1864 point cloud size: 86400,ts:257.4861966000[0m
[1m[37mmsg: 1865 point cloud size: 86400,ts:257.5861846000[0m
[1m[37mmsg: 1866 point cloud size: 86400,ts:257.6861846000[0m
[1m[37mmsg: 1867 point cloud size: 86400,ts:257.7862036000[0m
[1m[37mmsg: 1868 point cloud size: 86400,ts:257.8861926000[0m
[1m[37mmsg: 1869 point cloud size: 83040,ts:257.9861786000[0m
[1m[37mmsg: 1870 point cloud size: 85920,ts:258.0867363600[0m
[1m[37mmsg: 1871 point cloud size: 86400,ts:258.1861906000[0m
[1m[37mmsg: 1872 point cloud size: 86400,ts:258.2861786000[0m
[1m[37mmsg: 1873 point cloud size: 86400,ts:258.3861786000[0m
[1m[37mmsg: 1874 point cloud size: 86400,ts:258.4861656000[0m
[1m[37mmsg: 1875 point cloud size: 86400,ts:258.5861636000[0m
[1m[37mmsg: 1876 point cloud size: 86400,ts:258.6861756000[0m
[1m[37mmsg: 1877 point cloud size: 86400,ts:258.7862046000[0m
[1m[37mmsg: 1878 point cloud size: 86400,ts:258.8861426000[0m
[1m[37mmsg: 1879 point cloud size: 83040,ts:258.9861616000[0m
[1m[37mmsg: 1880 point cloud size: 85920,ts:259.0867333600[0m
[1m[37mmsg: 1881 point cloud size: 86400,ts:259.1861766000[0m
[1m[37mmsg: 1882 point cloud size: 86400,ts:259.2861536000[0m
[1m[37mmsg: 1883 point cloud size: 86400,ts:259.3861616000[0m
[1m[37mmsg: 1884 point cloud size: 86400,ts:259.4861696000[0m
[1m[37mmsg: 1885 point cloud size: 86400,ts:259.5861456000[0m
[1m[37mmsg: 1886 point cloud size: 86400,ts:259.6861516000[0m
[1m[37mmsg: 1887 point cloud size: 86400,ts:259.7861586000[0m
[1m[37mmsg: 1888 point cloud size: 86400,ts:259.8861456000[0m
[1m[37mmsg: 1889 point cloud size: 83040,ts:259.9861416000[0m
[1m[37mmsg: 1890 point cloud size: 85920,ts:260.0866953600[0m
[1m[37mmsg: 1891 point cloud size: 86400,ts:260.1861576000[0m
[1m[37mmsg: 1892 point cloud size: 86400,ts:260.2861426000[0m
[1m[37mmsg: 1893 point cloud size: 86400,ts:260.3861496000[0m
[1m[37mmsg: 1894 point cloud size: 86400,ts:260.4861346000[0m
[1m[37mmsg: 1895 point cloud size: 86400,ts:260.5861376000[0m
[1m[37mmsg: 1896 point cloud size: 86400,ts:260.6861346000[0m
[1m[37mmsg: 1897 point cloud size: 86400,ts:260.7861466000[0m
[1m[37mmsg: 1898 point cloud size: 86400,ts:260.8861476000[0m
[1m[37mmsg: 1899 point cloud size: 83040,ts:260.9861306000[0m
[1m[37mmsg: 1900 point cloud size: 85920,ts:261.0866773600[0m
[1m[37mmsg: 1901 point cloud size: 86400,ts:261.1861326000[0m
[1m[37mmsg: 1902 point cloud size: 86400,ts:261.2861216000[0m
[1m[37mmsg: 1903 point cloud size: 86400,ts:261.3861286000[0m
[1m[37mmsg: 1904 point cloud size: 86400,ts:261.4861306000[0m
[1m[37mmsg: 1905 point cloud size: 86400,ts:261.5861156000[0m
[1m[37mmsg: 1906 point cloud size: 86400,ts:261.6861176000[0m
[1m[37mmsg: 1907 point cloud size: 86400,ts:261.7861286000[0m
[1m[37mmsg: 1908 point cloud size: 86400,ts:261.8861286000[0m
[1m[37mmsg: 1909 point cloud size: 83040,ts:261.9861156000[0m
[1m[37mmsg: 1910 point cloud size: 85920,ts:262.0866663600[0m
[1m[37mmsg: 1911 point cloud size: 86400,ts:262.1861066000[0m
[1m[37mmsg: 1912 point cloud size: 86400,ts:262.2861056000[0m
[1m[37mmsg: 1913 point cloud size: 86400,ts:262.3860956000[0m
[1m[37mmsg: 1914 point cloud size: 86400,ts:262.4861116000[0m
[1m[37mmsg: 1915 point cloud size: 86400,ts:262.5861086000[0m
[1m[37mmsg: 1916 point cloud size: 86400,ts:262.6861036000[0m
[1m[37mmsg: 1917 point cloud size: 86400,ts:262.7861096000[0m
[1m[37mmsg: 1918 point cloud size: 86400,ts:262.8861016000[0m
[1m[37mmsg: 1919 point cloud size: 83040,ts:262.9861366000[0m
[1m[37mmsg: 1920 point cloud size: 85920,ts:263.0866503600[0m
[1m[37mmsg: 1921 point cloud size: 86400,ts:263.1861066000[0m
[1m[37mmsg: 1922 point cloud size: 86400,ts:263.2860986000[0m
[1m[37mmsg: 1923 point cloud size: 86400,ts:263.3860756000[0m
[1m[37mmsg: 1924 point cloud size: 86400,ts:263.4860836000[0m
[1m[37mmsg: 1925 point cloud size: 86400,ts:263.5860996000[0m
[1m[37mmsg: 1926 point cloud size: 86400,ts:263.6860876000[0m
[1m[37mmsg: 1927 point cloud size: 86400,ts:263.7860846000[0m
[1m[37mmsg: 1928 point cloud size: 86400,ts:263.8860846000[0m
[1m[37mmsg: 1929 point cloud size: 83040,ts:263.9860706000[0m
[1m[37mmsg: 1930 point cloud size: 85920,ts:264.0866443600[0m
[1m[37mmsg: 1931 point cloud size: 86400,ts:264.1860826000[0m
[1m[37mmsg: 1932 point cloud size: 86400,ts:264.2860776000[0m
[1m[37mmsg: 1933 point cloud size: 86400,ts:264.3860596000[0m
[1m[37mmsg: 1934 point cloud size: 86400,ts:264.4860636000[0m
[1m[37mmsg: 1935 point cloud size: 86400,ts:264.5860666000[0m
[1m[37mmsg: 1936 point cloud size: 86400,ts:264.6860716000[0m
[1m[37mmsg: 1937 point cloud size: 86400,ts:264.7860596000[0m
[1m[37mmsg: 1938 point cloud size: 86400,ts:264.8860626000[0m
[1m[37mmsg: 1939 point cloud size: 83040,ts:264.9860626000[0m
[1m[37mmsg: 1940 point cloud size: 85920,ts:265.0866323600[0m
[1m[37mmsg: 1941 point cloud size: 86400,ts:265.1860556000[0m
[1m[37mmsg: 1942 point cloud size: 86400,ts:265.2860726000[0m
[1m[37mmsg: 1943 point cloud size: 86400,ts:265.3860596000[0m
[1m[37mmsg: 1944 point cloud size: 86400,ts:265.4860746000[0m
[1m[37mmsg: 1945 point cloud size: 86400,ts:265.5860576000[0m
[1m[37mmsg: 1946 point cloud size: 86400,ts:265.6860556000[0m
[1m[37mmsg: 1947 point cloud size: 86400,ts:265.7860406000[0m
[1m[37mmsg: 1948 point cloud size: 86400,ts:265.8860466000[0m
[1m[37mmsg: 1949 point cloud size: 83040,ts:265.9860606000[0m
[1m[37mmsg: 1950 point cloud size: 85920,ts:266.0865983600[0m
[1m[37mmsg: 1951 point cloud size: 86400,ts:266.1860536000[0m
[1m[37mmsg: 1952 point cloud size: 86400,ts:266.2860536000[0m
[1m[37mmsg: 1953 point cloud size: 86400,ts:266.3860446000[0m
[1m[37mmsg: 1954 point cloud size: 86400,ts:266.4860416000[0m
[1m[37mmsg: 1955 point cloud size: 86400,ts:266.5860356000[0m
[1m[37mmsg: 1956 point cloud size: 86400,ts:266.6860406000[0m
[1m[37mmsg: 1957 point cloud size: 86400,ts:266.7860286000[0m
[1m[37mmsg: 1958 point cloud size: 86400,ts:266.8860276000[0m
[1m[37mmsg: 1959 point cloud size: 83040,ts:266.9860396000[0m
[1m[37mmsg: 1960 point cloud size: 85920,ts:267.0865963600[0m
[1m[37mmsg: 1961 point cloud size: 86400,ts:267.1860306000[0m
[1m[37mmsg: 1962 point cloud size: 86400,ts:267.2860286000[0m
[1m[37mmsg: 1963 point cloud size: 86400,ts:267.3860186000[0m
[1m[37mmsg: 1964 point cloud size: 86400,ts:267.4860346000[0m
[1m[37mmsg: 1965 point cloud size: 86400,ts:267.5860206000[0m
[1m[37mmsg: 1966 point cloud size: 86400,ts:267.6860436000[0m
[1m[37mmsg: 1967 point cloud size: 86400,ts:267.7860336000[0m
[1m[37mmsg: 1968 point cloud size: 86400,ts:267.8860346000[0m
[1m[37mmsg: 1969 point cloud size: 83040,ts:267.9860316000[0m
[1m[37mmsg: 1970 point cloud size: 85920,ts:268.0865763600[0m
[1m[37mmsg: 1971 point cloud size: 86400,ts:268.1860176000[0m
[1m[37mmsg: 1972 point cloud size: 86400,ts:268.2860196000[0m
[1m[37mmsg: 1973 point cloud size: 86400,ts:268.3860186000[0m
[1m[37mmsg: 1974 point cloud size: 86400,ts:268.4860266000[0m
[1m[37mmsg: 1975 point cloud size: 86400,ts:268.5860146000[0m
[1m[37mmsg: 1976 point cloud size: 86400,ts:268.6859946000[0m
[1m[37mmsg: 1977 point cloud size: 86400,ts:268.7859996000[0m
[1m[37mmsg: 1978 point cloud size: 86400,ts:268.8860076000[0m
[1m[37mmsg: 1979 point cloud size: 83040,ts:268.9860056000[0m
[1m[37mmsg: 1980 point cloud size: 85920,ts:269.0865643600[0m
[1m[37mmsg: 1981 point cloud size: 86400,ts:269.1859836000[0m
[1m[37mmsg: 1982 point cloud size: 86400,ts:269.2859836000[0m
[1m[37mmsg: 1983 point cloud size: 86400,ts:269.3859866000[0m
[1m[37mmsg: 1984 point cloud size: 86400,ts:269.4859926000[0m
[1m[37mmsg: 1985 point cloud size: 86400,ts:269.5859906000[0m
[1m[37mmsg: 1986 point cloud size: 86400,ts:269.6859786000[0m
[1m[37mmsg: 1987 point cloud size: 86400,ts:269.7859876000[0m
[1m[37mmsg: 1988 point cloud size: 86400,ts:269.8859876000[0m
[1m[37mmsg: 1989 point cloud size: 83040,ts:269.9859926000[0m
[1m[37mmsg: 1990 point cloud size: 85920,ts:270.0865543600[0m
[1m[37mmsg: 1991 point cloud size: 86400,ts:270.1859836000[0m
[1m[37mmsg: 1992 point cloud size: 86400,ts:270.2859816000[0m
[1m[37mmsg: 1993 point cloud size: 86400,ts:270.3859676000[0m
[1m[37mmsg: 1994 point cloud size: 86400,ts:270.4859706000[0m
[1m[37mmsg: 1995 point cloud size: 86400,ts:270.5859816000[0m
[1m[37mmsg: 1996 point cloud size: 86400,ts:270.6859716000[0m
[1m[37mmsg: 1997 point cloud size: 86400,ts:270.7859636000[0m
[1m[37mmsg: 1998 point cloud size: 86400,ts:270.8859706000[0m
[1m[37mmsg: 1999 point cloud size: 83040,ts:270.9859636000[0m
[1m[37mmsg: 2000 point cloud size: 85920,ts:271.0865283600[0m
[1m[37mmsg: 2001 point cloud size: 86400,ts:271.1859666000[0m
[1m[37mmsg: 2002 point cloud size: 86400,ts:271.2859706000[0m
[1m[37mmsg: 2003 point cloud size: 86400,ts:271.3859536000[0m
[1m[37mmsg: 2004 point cloud size: 86400,ts:271.4859556000[0m
[1m[37mmsg: 2005 point cloud size: 86400,ts:271.5859616000[0m
[1m[37mmsg: 2006 point cloud size: 86400,ts:271.6859446000[0m
[1m[37mmsg: 2007 point cloud size: 86400,ts:271.7859506000[0m
[1m[37mmsg: 2008 point cloud size: 86400,ts:271.8859516000[0m
[1m[37mmsg: 2009 point cloud size: 83040,ts:271.9859456000[0m
[1m[37mmsg: 2010 point cloud size: 85920,ts:272.0865193600[0m
[1m[37mmsg: 2011 point cloud size: 86400,ts:272.1859426000[0m
[1m[37mmsg: 2012 point cloud size: 86400,ts:272.2859486000[0m
[1m[37mmsg: 2013 point cloud size: 86400,ts:272.3859406000[0m
[1m[37mmsg: 2014 point cloud size: 86400,ts:272.4859406000[0m
[1m[37mmsg: 2015 point cloud size: 86400,ts:272.5859386000[0m
[1m[37mmsg: 2016 point cloud size: 86400,ts:272.6859306000[0m
[1m[37mmsg: 2017 point cloud size: 86400,ts:272.7859436000[0m
[1m[37mmsg: 2018 point cloud size: 86400,ts:272.8859506000[0m
[1m[37mmsg: 2019 point cloud size: 83040,ts:272.9859406000[0m
[1m[37mmsg: 2020 point cloud size: 85920,ts:273.0864903600[0m
[1m[37mmsg: 2021 point cloud size: 86400,ts:273.1859526000[0m
[1m[37mmsg: 2022 point cloud size: 86400,ts:273.2859376000[0m
[1m[37mmsg: 2023 point cloud size: 86400,ts:273.3859406000[0m
[1m[37mmsg: 2024 point cloud size: 86400,ts:273.4859266000[0m
[1m[37mmsg: 2025 point cloud size: 86400,ts:273.5859276000[0m
[1m[37mmsg: 2026 point cloud size: 86400,ts:273.6859226000[0m
[1m[37mmsg: 2027 point cloud size: 86400,ts:273.7858966000[0m
[1m[37mmsg: 2028 point cloud size: 86400,ts:273.8859216000[0m
[1m[37mmsg: 2029 point cloud size: 83040,ts:273.9859076000[0m
[1m[37mmsg: 2030 point cloud size: 85920,ts:274.0864763600[0m
[1m[37mmsg: 2031 point cloud size: 86400,ts:274.1859096000[0m
[1m[37mmsg: 2032 point cloud size: 86400,ts:274.2858986000[0m
[1m[37mmsg: 2033 point cloud size: 86400,ts:274.3859076000[0m
[1m[37mmsg: 2034 point cloud size: 86400,ts:274.4859056000[0m
[1m[37mmsg: 2035 point cloud size: 86400,ts:274.5859016000[0m
[1m[37mmsg: 2036 point cloud size: 86400,ts:274.6859076000[0m
[1m[37mmsg: 2037 point cloud size: 86400,ts:274.7859086000[0m
[1m[37mmsg: 2038 point cloud size: 86400,ts:274.8859046000[0m
[1m[37mmsg: 2039 point cloud size: 83040,ts:274.9858926000[0m
[1m[37mmsg: 2040 point cloud size: 85920,ts:275.0864703600[0m
[1m[37mmsg: 2041 point cloud size: 86400,ts:275.1859046000[0m
[1m[37mmsg: 2042 point cloud size: 86400,ts:275.2859116000[0m
[1m[37mmsg: 2043 point cloud size: 86400,ts:275.3858996000[0m
[1m[37mmsg: 2044 point cloud size: 86400,ts:275.4859066000[0m
[1m[37mmsg: 2045 point cloud size: 86400,ts:275.5859086000[0m
[1m[37mmsg: 2046 point cloud size: 86400,ts:275.6858866000[0m
[1m[37mmsg: 2047 point cloud size: 86400,ts:275.7858876000[0m
[1m[37mmsg: 2048 point cloud size: 86400,ts:275.8858966000[0m
[1m[37mmsg: 2049 point cloud size: 83040,ts:275.9858856000[0m
[1m[37mmsg: 2050 point cloud size: 85920,ts:276.0864283600[0m
[1m[37mmsg: 2051 point cloud size: 86400,ts:276.1858726000[0m
[1m[37mmsg: 2052 point cloud size: 86400,ts:276.2858836000[0m
[1m[37mmsg: 2053 point cloud size: 86400,ts:276.3858756000[0m
[1m[37mmsg: 2054 point cloud size: 86400,ts:276.4858826000[0m
[1m[37mmsg: 2055 point cloud size: 86400,ts:276.5858716000[0m
[1m[37mmsg: 2056 point cloud size: 86400,ts:276.6858556000[0m
[1m[37mmsg: 2057 point cloud size: 86400,ts:276.7858756000[0m
[1m[37mmsg: 2058 point cloud size: 86400,ts:276.8859156000[0m
[1m[37mmsg: 2059 point cloud size: 83040,ts:276.9858816000[0m
[1m[37mmsg: 2060 point cloud size: 85920,ts:277.0864253600[0m
[1m[37mmsg: 2061 point cloud size: 86400,ts:277.1858676000[0m
[1m[37mmsg: 2062 point cloud size: 86400,ts:277.2858646000[0m
[1m[37mmsg: 2063 point cloud size: 86400,ts:277.3858866000[0m
[1m[37mmsg: 2064 point cloud size: 86400,ts:277.4858616000[0m
[1m[37mmsg: 2065 point cloud size: 86400,ts:277.5858796000[0m
[1m[37mmsg: 2066 point cloud size: 86400,ts:277.6859076000[0m
[1m[37mmsg: 2067 point cloud size: 86400,ts:277.7858496000[0m
[1m[37mmsg: 2068 point cloud size: 86400,ts:277.8858676000[0m
[1m[37mmsg: 2069 point cloud size: 83040,ts:277.9858386000[0m
[1m[37mmsg: 2070 point cloud size: 85920,ts:278.0864053600[0m
[1m[37mmsg: 2071 point cloud size: 86400,ts:278.1859426000[0m
[1m[37mmsg: 2072 point cloud size: 86400,ts:278.2858476000[0m
[1m[37mmsg: 2073 point cloud size: 86400,ts:278.3858376000[0m
[1m[37mmsg: 2074 point cloud size: 86400,ts:278.4858716000[0m
[1m[37mmsg: 2075 point cloud size: 86400,ts:278.5858466000[0m
[1m[37mmsg: 2076 point cloud size: 86400,ts:278.6859006000[0m
[1m[37mmsg: 2077 point cloud size: 86400,ts:278.7858476000[0m
[1m[37mmsg: 2078 point cloud size: 86400,ts:278.8858216000[0m
[1m[37mmsg: 2079 point cloud size: 83040,ts:278.9858416000[0m
[1m[37mmsg: 2080 point cloud size: 85920,ts:279.0863783600[0m
[1m[37mmsg: 2081 point cloud size: 86400,ts:279.1858446000[0m
[1m[37mmsg: 2082 point cloud size: 86400,ts:279.2858286000[0m
[1m[37mmsg: 2083 point cloud size: 86400,ts:279.3858396000[0m
[1m[37mmsg: 2084 point cloud size: 86400,ts:279.4858466000[0m
[1m[37mmsg: 2085 point cloud size: 86400,ts:279.5858366000[0m
[1m[37mmsg: 2086 point cloud size: 86400,ts:279.6858266000[0m
[1m[37mmsg: 2087 point cloud size: 86400,ts:279.7858046000[0m
[1m[37mmsg: 2088 point cloud size: 86400,ts:279.8858046000[0m
[1m[37mmsg: 2089 point cloud size: 83040,ts:279.9858106000[0m
[1m[37mmsg: 2090 point cloud size: 85920,ts:280.0863873600[0m
[1m[37mmsg: 2091 point cloud size: 86400,ts:280.1858256000[0m
[1m[37mmsg: 2092 point cloud size: 86400,ts:280.2858066000[0m
[1m[37mmsg: 2093 point cloud size: 86400,ts:280.3858096000[0m
[1m[37mmsg: 2094 point cloud size: 86400,ts:280.4858226000[0m
[1m[37mmsg: 2095 point cloud size: 86400,ts:280.5857966000[0m
[1m[37mmsg: 2096 point cloud size: 86400,ts:280.6858026000[0m
[1m[37mmsg: 2097 point cloud size: 86400,ts:280.7857906000[0m
[1m[37mmsg: 2098 point cloud size: 86400,ts:280.8858086000[0m
[1m[37mmsg: 2099 point cloud size: 83040,ts:280.9857926000[0m
[1m[37mmsg: 2100 point cloud size: 85920,ts:281.0863503600[0m
[1m[37mmsg: 2101 point cloud size: 86400,ts:281.1857976000[0m
[1m[37mmsg: 2102 point cloud size: 86400,ts:281.2857856000[0m
[1m[37mmsg: 2103 point cloud size: 86400,ts:281.3857926000[0m
[1m[37mmsg: 2104 point cloud size: 86400,ts:281.4857966000[0m
[1m[37mmsg: 2105 point cloud size: 86400,ts:281.5857826000[0m
[1m[37mmsg: 2106 point cloud size: 86400,ts:281.6857846000[0m
[1m[37mmsg: 2107 point cloud size: 86400,ts:281.7857896000[0m
[1m[37mmsg: 2108 point cloud size: 86400,ts:281.8857866000[0m
[1m[37mmsg: 2109 point cloud size: 83040,ts:281.9857626000[0m
[1m[37mmsg: 2110 point cloud size: 85920,ts:282.0863303600[0m
[1m[37mmsg: 2111 point cloud size: 86400,ts:282.1857706000[0m
[1m[37mmsg: 2112 point cloud size: 86400,ts:282.2857776000[0m
[1m[37mmsg: 2113 point cloud size: 86400,ts:282.3857746000[0m
[1m[37mmsg: 2114 point cloud size: 86400,ts:282.4857646000[0m
[1m[37mmsg: 2115 point cloud size: 86400,ts:282.5857626000[0m
[1m[37mmsg: 2116 point cloud size: 86400,ts:282.6857646000[0m
[1m[37mmsg: 2117 point cloud size: 86400,ts:282.7857766000[0m
[1m[37mmsg: 2118 point cloud size: 86400,ts:282.8857586000[0m
[1m[37mmsg: 2119 point cloud size: 83040,ts:282.9857586000[0m
[1m[37mmsg: 2120 point cloud size: 85920,ts:283.0863153600[0m
[1m[37mmsg: 2121 point cloud size: 86400,ts:283.1857506000[0m
[1m[37mmsg: 2122 point cloud size: 86400,ts:283.2857576000[0m
[1m[37mmsg: 2123 point cloud size: 86400,ts:283.3857586000[0m
[1m[37mmsg: 2124 point cloud size: 86400,ts:283.4857516000[0m
[1m[37mmsg: 2125 point cloud size: 86400,ts:283.5857476000[0m
[1m[37mmsg: 2126 point cloud size: 86400,ts:283.6857506000[0m
[1m[37mmsg: 2127 point cloud size: 86400,ts:283.7857546000[0m
[1m[37mmsg: 2128 point cloud size: 86400,ts:283.8857746000[0m
[1m[37mmsg: 2129 point cloud size: 83040,ts:283.9857746000[0m
[1m[37mmsg: 2130 point cloud size: 85920,ts:284.0863033600[0m
[1m[37mmsg: 2131 point cloud size: 86400,ts:284.1857406000[0m
[1m[37mmsg: 2132 point cloud size: 86400,ts:284.2857456000[0m
[1m[37mmsg: 2133 point cloud size: 86400,ts:284.3857486000[0m
[1m[37mmsg: 2134 point cloud size: 86400,ts:284.4857536000[0m
[1m[37mmsg: 2135 point cloud size: 86400,ts:284.5857416000[0m
[1m[37mmsg: 2136 point cloud size: 86400,ts:284.6857366000[0m
[1m[37mmsg: 2137 point cloud size: 86400,ts:284.7857306000[0m
[1m[37mmsg: 2138 point cloud size: 86400,ts:284.8857226000[0m
[1m[37mmsg: 2139 point cloud size: 83040,ts:284.9857356000[0m
[1m[37mmsg: 2140 point cloud size: 85920,ts:285.0862903600[0m
[1m[37mmsg: 2141 point cloud size: 86400,ts:285.1857236000[0m
[1m[37mmsg: 2142 point cloud size: 86400,ts:285.2857206000[0m
[1m[37mmsg: 2143 point cloud size: 86400,ts:285.3857706000[0m
[1m[37mmsg: 2144 point cloud size: 86400,ts:285.4857466000[0m
[1m[37mmsg: 2145 point cloud size: 86400,ts:285.5857176000[0m
[1m[37mmsg: 2146 point cloud size: 86400,ts:285.6857266000[0m
[1m[37mmsg: 2147 point cloud size: 86400,ts:285.7857296000[0m
[1m[37mmsg: 2148 point cloud size: 86400,ts:285.8857186000[0m
[1m[37mmsg: 2149 point cloud size: 83040,ts:285.9857196000[0m
[1m[37mmsg: 2150 point cloud size: 85920,ts:286.0862703600[0m
[1m[37mmsg: 2151 point cloud size: 86400,ts:286.1857056000[0m
[1m[37mmsg: 2152 point cloud size: 86400,ts:286.2857156000[0m
[1m[37mmsg: 2153 point cloud size: 86400,ts:286.3857096000[0m
[1m[37mmsg: 2154 point cloud size: 86400,ts:286.4857176000[0m
[1m[37mmsg: 2155 point cloud size: 86400,ts:286.5856976000[0m
[1m[37mmsg: 2156 point cloud size: 86400,ts:286.6857046000[0m
[1m[37mmsg: 2157 point cloud size: 86400,ts:286.7857076000[0m
[1m[37mmsg: 2158 point cloud size: 86400,ts:286.8856876000[0m
[1m[37mmsg: 2159 point cloud size: 83040,ts:286.9857026000[0m
[1m[37mmsg: 2160 point cloud size: 85920,ts:287.0862583600[0m
[1m[37mmsg: 2161 point cloud size: 86400,ts:287.1856946000[0m
[1m[37mmsg: 2162 point cloud size: 86400,ts:287.2856966000[0m
[1m[37mmsg: 2163 point cloud size: 86400,ts:287.3856816000[0m
[1m[37mmsg: 2164 point cloud size: 86400,ts:287.4856846000[0m
[1m[37mmsg: 2165 point cloud size: 86400,ts:287.5856836000[0m
[1m[37mmsg: 2166 point cloud size: 86400,ts:287.6856966000[0m
[1m[37mmsg: 2167 point cloud size: 86400,ts:287.7856926000[0m
[1m[37mmsg: 2168 point cloud size: 86400,ts:287.8856806000[0m
[1m[37mmsg: 2169 point cloud size: 83040,ts:287.9856856000[0m
[1m[37mmsg: 2170 point cloud size: 85920,ts:288.0862393600[0m
[1m[37mmsg: 2171 point cloud size: 86400,ts:288.1856726000[0m
[1m[37mmsg: 2172 point cloud size: 86400,ts:288.2856726000[0m
[1m[37mmsg: 2173 point cloud size: 86400,ts:288.3856766000[0m
[1m[37mmsg: 2174 point cloud size: 86400,ts:288.4856786000[0m
[1m[37mmsg: 2175 point cloud size: 86400,ts:288.5856746000[0m
[1m[37mmsg: 2176 point cloud size: 86400,ts:288.6856746000[0m
[1m[37mmsg: 2177 point cloud size: 86400,ts:288.7856616000[0m
[1m[37mmsg: 2178 point cloud size: 86400,ts:288.8856676000[0m
[1m[37mmsg: 2179 point cloud size: 83040,ts:288.9856696000[0m
[1m[37mmsg: 2180 point cloud size: 85920,ts:289.0862203600[0m
[1m[37mmsg: 2181 point cloud size: 86400,ts:289.1856546000[0m
[1m[37mmsg: 2182 point cloud size: 86400,ts:289.2856466000[0m
[1m[37mmsg: 2183 point cloud size: 86400,ts:289.3856766000[0m
[1m[37mmsg: 2184 point cloud size: 86400,ts:289.4856666000[0m
[1m[37mmsg: 2185 point cloud size: 86400,ts:289.5856576000[0m
[1m[37mmsg: 2186 point cloud size: 86400,ts:289.6856646000[0m
[1m[37mmsg: 2187 point cloud size: 86400,ts:289.7856436000[0m
[1m[37mmsg: 2188 point cloud size: 86400,ts:289.8856626000[0m
[1m[37mmsg: 2189 point cloud size: 83040,ts:289.9856526000[0m
[1m[37mmsg: 2190 point cloud size: 85920,ts:290.0862163600[0m
[1m[37mmsg: 2191 point cloud size: 86400,ts:290.1856426000[0m
[1m[37mmsg: 2192 point cloud size: 86400,ts:290.2856436000[0m
[1m[37mmsg: 2193 point cloud size: 86400,ts:290.3856446000[0m
[1m[37mmsg: 2194 point cloud size: 86400,ts:290.4856636000[0m
[1m[37mmsg: 2195 point cloud size: 86400,ts:290.5856556000[0m
[1m[37mmsg: 2196 point cloud size: 86400,ts:290.6856416000[0m
[1m[37mmsg: 2197 point cloud size: 86400,ts:290.7856496000[0m
[1m[37mmsg: 2198 point cloud size: 86400,ts:290.8856346000[0m
[1m[37mmsg: 2199 point cloud size: 83040,ts:290.9856456000[0m
[1m[37mmsg: 2200 point cloud size: 85920,ts:291.0861863600[0m
[1m[37mmsg: 2201 point cloud size: 86400,ts:291.1856206000[0m
[1m[37mmsg: 2202 point cloud size: 86400,ts:291.2856236000[0m
[1m[37mmsg: 2203 point cloud size: 86400,ts:291.3856316000[0m
[1m[37mmsg: 2204 point cloud size: 86400,ts:291.4856406000[0m
[1m[37mmsg: 2205 point cloud size: 86400,ts:291.5856216000[0m
[1m[37mmsg: 2206 point cloud size: 86400,ts:291.6856256000[0m
[1m[37mmsg: 2207 point cloud size: 86400,ts:291.7856236000[0m
[1m[37mmsg: 2208 point cloud size: 86400,ts:291.8856116000[0m
[1m[37mmsg: 2209 point cloud size: 83040,ts:291.9856166000[0m
[1m[37mmsg: 2210 point cloud size: 85920,ts:292.0861643600[0m
[1m[37mmsg: 2211 point cloud size: 86400,ts:292.1856096000[0m
[1m[37mmsg: 2212 point cloud size: 86400,ts:292.2856176000[0m
[1m[37mmsg: 2213 point cloud size: 86400,ts:292.3855906000[0m
[1m[37mmsg: 2214 point cloud size: 86400,ts:292.4856016000[0m
[1m[37mmsg: 2215 point cloud size: 86400,ts:292.5856036000[0m
[1m[37mmsg: 2216 point cloud size: 86400,ts:292.6856076000[0m
[1m[37mmsg: 2217 point cloud size: 86400,ts:292.7855956000[0m
[1m[37mmsg: 2218 point cloud size: 86400,ts:292.8855976000[0m
[1m[37mmsg: 2219 point cloud size: 83040,ts:292.9856016000[0m
[1m[37mmsg: 2220 point cloud size: 85920,ts:293.0861603600[0m
[1m[37mmsg: 2221 point cloud size: 86400,ts:293.1855896000[0m
[1m[37mmsg: 2222 point cloud size: 86400,ts:293.2855956000[0m
[1m[37mmsg: 2223 point cloud size: 86400,ts:293.3855826000[0m
[1m[37mmsg: 2224 point cloud size: 86400,ts:293.4855876000[0m
[1m[37mmsg: 2225 point cloud size: 86400,ts:293.5855896000[0m
[1m[37mmsg: 2226 point cloud size: 86400,ts:293.6855706000[0m
[1m[37mmsg: 2227 point cloud size: 86400,ts:293.7855846000[0m
[1m[37mmsg: 2228 point cloud size: 86400,ts:293.8855826000[0m
[1m[37mmsg: 2229 point cloud size: 83040,ts:293.9855856000[0m
[1m[37mmsg: 2230 point cloud size: 85920,ts:294.0861473600[0m
[1m[37mmsg: 2231 point cloud size: 86400,ts:294.1855816000[0m
[1m[37mmsg: 2232 point cloud size: 86400,ts:294.2855736000[0m
[1m[37mmsg: 2233 point cloud size: 86400,ts:294.3855686000[0m
[1m[37mmsg: 2234 point cloud size: 86400,ts:294.4855676000[0m
[1m[37mmsg: 2235 point cloud size: 86400,ts:294.5855716000[0m
[1m[37mmsg: 2236 point cloud size: 86400,ts:294.6856086000[0m
[1m[37mmsg: 2237 point cloud size: 86400,ts:294.7855666000[0m
[1m[37mmsg: 2238 point cloud size: 86400,ts:294.8855806000[0m
[1m[37mmsg: 2239 point cloud size: 83040,ts:294.9855656000[0m
[1m[37mmsg: 2240 point cloud size: 85920,ts:295.0861303600[0m
[1m[37mmsg: 2241 point cloud size: 86400,ts:295.1855626000[0m
[1m[37mmsg: 2242 point cloud size: 86400,ts:295.2855476000[0m
[1m[37mmsg: 2243 point cloud size: 86400,ts:295.3855606000[0m
[1m[37mmsg: 2244 point cloud size: 86400,ts:295.4855556000[0m
[1m[37mmsg: 2245 point cloud size: 86400,ts:295.5855636000[0m
[1m[37mmsg: 2246 point cloud size: 86400,ts:295.6855656000[0m
[1m[37mmsg: 2247 point cloud size: 86400,ts:295.7855446000[0m
[1m[37mmsg: 2248 point cloud size: 86400,ts:295.8855526000[0m
[1m[37mmsg: 2249 point cloud size: 83040,ts:295.9855376000[0m
[1m[37mmsg: 2250 point cloud size: 85920,ts:296.0861333600[0m
[1m[37mmsg: 2251 point cloud size: 86400,ts:296.1855446000[0m
[1m[37mmsg: 2252 point cloud size: 86400,ts:296.2855316000[0m
[1m[37mmsg: 2253 point cloud size: 86400,ts:296.3855396000[0m
[1m[37mmsg: 2254 point cloud size: 86400,ts:296.4855396000[0m
[1m[37mmsg: 2255 point cloud size: 86400,ts:296.5855436000[0m
[1m[37mmsg: 2256 point cloud size: 86400,ts:296.6855306000[0m
[1m[37mmsg: 2257 point cloud size: 86400,ts:296.7855386000[0m
[1m[37mmsg: 2258 point cloud size: 86400,ts:296.8855266000[0m
[1m[37mmsg: 2259 point cloud size: 83040,ts:296.9855216000[0m
[1m[37mmsg: 2260 point cloud size: 85920,ts:297.0860933600[0m
[1m[37mmsg: 2261 point cloud size: 86400,ts:297.1855106000[0m
[1m[37mmsg: 2262 point cloud size: 86400,ts:297.2855126000[0m
[1m[37mmsg: 2263 point cloud size: 86400,ts:297.3855276000[0m
[1m[37mmsg: 2264 point cloud size: 86400,ts:297.4855166000[0m
[1m[37mmsg: 2265 point cloud size: 86400,ts:297.5855206000[0m
[1m[37mmsg: 2266 point cloud size: 86400,ts:297.6855156000[0m
[1m[37mmsg: 2267 point cloud size: 86400,ts:297.7855206000[0m
[1m[37mmsg: 2268 point cloud size: 86400,ts:297.8855186000[0m
[1m[37mmsg: 2269 point cloud size: 83040,ts:297.9855036000[0m
[1m[37mmsg: 2270 point cloud size: 85920,ts:298.0860733600[0m
[1m[37mmsg: 2271 point cloud size: 86400,ts:298.1855146000[0m
[1m[37mmsg: 2272 point cloud size: 86400,ts:298.2855116000[0m
[1m[37mmsg: 2273 point cloud size: 86400,ts:298.3855146000[0m
[1m[37mmsg: 2274 point cloud size: 86400,ts:298.4855296000[0m
[1m[37mmsg: 2275 point cloud size: 86400,ts:298.5855056000[0m
[1m[37mmsg: 2276 point cloud size: 86400,ts:298.6855006000[0m
[1m[37mmsg: 2277 point cloud size: 86400,ts:298.7855556000[0m
[1m[37mmsg: 2278 point cloud size: 86400,ts:298.8855006000[0m
[1m[37mmsg: 2279 point cloud size: 83040,ts:298.9854946000[0m
[1m[37mmsg: 2280 point cloud size: 85920,ts:299.0860583600[0m
[1m[37mmsg: 2281 point cloud size: 86400,ts:299.1854986000[0m
[1m[37mmsg: 2282 point cloud size: 86400,ts:299.2854826000[0m
[1m[37mmsg: 2283 point cloud size: 86400,ts:299.3854866000[0m
[1m[37mmsg: 2284 point cloud size: 86400,ts:299.4855046000[0m
[1m[37mmsg: 2285 point cloud size: 86400,ts:299.5854906000[0m
[1m[37mmsg: 2286 point cloud size: 86400,ts:299.6854756000[0m
[1m[37mmsg: 2287 point cloud size: 86400,ts:299.7854806000[0m
[1m[37mmsg: 2288 point cloud size: 86400,ts:299.8854836000[0m
[1m[37mmsg: 2289 point cloud size: 83040,ts:299.9854916000[0m
[1m[37mmsg: 2290 point cloud size: 85920,ts:300.0860323600[0m
[1m[37mmsg: 2291 point cloud size: 86400,ts:300.1855066000[0m
[1m[37mmsg: 2292 point cloud size: 86400,ts:300.2854816000[0m
[1m[37mmsg: 2293 point cloud size: 86400,ts:300.3854766000[0m
[1m[37mmsg: 2294 point cloud size: 86400,ts:300.4855036000[0m
[1m[37mmsg: 2295 point cloud size: 86400,ts:300.5854606000[0m
[1m[37mmsg: 2296 point cloud size: 86400,ts:300.6854686000[0m
[1m[37mmsg: 2297 point cloud size: 86400,ts:300.7854626000[0m
[1m[37mmsg: 2298 point cloud size: 86400,ts:300.8854726000[0m
[1m[37mmsg: 2299 point cloud size: 83040,ts:300.9854746000[0m
[1m[37mmsg: 2300 point cloud size: 85920,ts:301.0860333600[0m
[1m[37mmsg: 2301 point cloud size: 86400,ts:301.1854656000[0m
[1m[37mmsg: 2302 point cloud size: 86400,ts:301.2854476000[0m
[1m[37mmsg: 2303 point cloud size: 86400,ts:301.3854786000[0m
[1m[37mmsg: 2304 point cloud size: 86400,ts:301.4854676000[0m
[1m[37mmsg: 2305 point cloud size: 86400,ts:301.5854616000[0m
[1m[37mmsg: 2306 point cloud size: 86400,ts:301.6854746000[0m
[1m[37mmsg: 2307 point cloud size: 86400,ts:301.7854566000[0m
[1m[37mmsg: 2308 point cloud size: 86400,ts:301.8854646000[0m
[1m[37mmsg: 2309 point cloud size: 83040,ts:301.9854586000[0m
[1m[37mmsg: 2310 point cloud size: 85920,ts:302.0859973600[0m
[1m[37mmsg: 2311 point cloud size: 86400,ts:302.1854546000[0m
[1m[37mmsg: 2312 point cloud size: 86400,ts:302.2854356000[0m
[1m[37mmsg: 2313 point cloud size: 86400,ts:302.3854456000[0m
[1m[37mmsg: 2314 point cloud size: 86400,ts:302.4854486000[0m
[1m[37mmsg: 2315 point cloud size: 86400,ts:302.5854336000[0m
[1m[37mmsg: 2316 point cloud size: 86400,ts:302.6854346000[0m
[1m[37mmsg: 2317 point cloud size: 86400,ts:302.7854296000[0m
[1m[37mmsg: 2318 point cloud size: 86400,ts:302.8854466000[0m
[1m[37mmsg: 2319 point cloud size: 83040,ts:302.9854316000[0m
[1m[37mmsg: 2320 point cloud size: 85920,ts:303.0859853600[0m
[1m[37mmsg: 2321 point cloud size: 86400,ts:303.1854286000[0m
[1m[37mmsg: 2322 point cloud size: 86400,ts:303.2854226000[0m
[1m[37mmsg: 2323 point cloud size: 86400,ts:303.3854196000[0m
[1m[37mmsg: 2324 point cloud size: 86400,ts:303.4854266000[0m
[1m[37mmsg: 2325 point cloud size: 86400,ts:303.5854286000[0m
[1m[37mmsg: 2326 point cloud size: 86400,ts:303.6854206000[0m
[1m[37mmsg: 2327 point cloud size: 86400,ts:303.7853996000[0m
[1m[37mmsg: 2328 point cloud size: 86400,ts:303.8854376000[0m
[1m[37mmsg: 2329 point cloud size: 83040,ts:303.9854126000[0m
[1m[37mmsg: 2330 point cloud size: 85920,ts:304.0859863600[0m
[1m[37mmsg: 2331 point cloud size: 86400,ts:304.1854296000[0m
[1m[37mmsg: 2332 point cloud size: 86400,ts:304.2853966000[0m
[1m[37mmsg: 2333 point cloud size: 86400,ts:304.3854016000[0m
[1m[37mmsg: 2334 point cloud size: 86400,ts:304.4854126000[0m
[1m[37mmsg: 2335 point cloud size: 86400,ts:304.5854026000[0m
[1m[37mmsg: 2336 point cloud size: 86400,ts:304.6854066000[0m
[1m[37mmsg: 2337 point cloud size: 86400,ts:304.7854066000[0m
[1m[37mmsg: 2338 point cloud size: 86400,ts:304.8854086000[0m
[1m[37mmsg: 2339 point cloud size: 83040,ts:304.9853976000[0m
[1m[37mmsg: 2340 point cloud size: 85920,ts:305.0859533600[0m
[1m[37mmsg: 2341 point cloud size: 86400,ts:305.1854036000[0m
[1m[37mmsg: 2342 point cloud size: 86400,ts:305.2853836000[0m
[1m[37mmsg: 2343 point cloud size: 86400,ts:305.3853886000[0m
[1m[37mmsg: 2344 point cloud size: 86400,ts:305.4854136000[0m
[1m[37mmsg: 2345 point cloud size: 86400,ts:305.5854046000[0m
[1m[37mmsg: 2346 point cloud size: 86400,ts:305.6853926000[0m
[1m[37mmsg: 2347 point cloud size: 86400,ts:305.7853846000[0m
[1m[37mmsg: 2348 point cloud size: 86400,ts:305.8853836000[0m
[1m[37mmsg: 2349 point cloud size: 83040,ts:305.9853926000[0m
[1m[37mmsg: 2350 point cloud size: 85920,ts:306.0859493600[0m
[1m[37mmsg: 2351 point cloud size: 86400,ts:306.1853836000[0m
[1m[37mmsg: 2352 point cloud size: 86400,ts:306.2853666000[0m
[1m[37mmsg: 2353 point cloud size: 86400,ts:306.3853726000[0m
[1m[37mmsg: 2354 point cloud size: 86400,ts:306.4853776000[0m
[1m[37mmsg: 2355 point cloud size: 86400,ts:306.5853626000[0m
[1m[37mmsg: 2356 point cloud size: 86400,ts:306.6853806000[0m
[1m[37mmsg: 2357 point cloud size: 86400,ts:306.7853976000[0m
[1m[37mmsg: 2358 point cloud size: 86400,ts:306.8853686000[0m
[1m[37mmsg: 2359 point cloud size: 83040,ts:306.9853766000[0m
[1m[37mmsg: 2360 point cloud size: 85920,ts:307.0859493600[0m
[1m[37mmsg: 2361 point cloud size: 86400,ts:307.1853536000[0m
[1m[37mmsg: 2362 point cloud size: 86400,ts:307.2853766000[0m
[1m[37mmsg: 2363 point cloud size: 86400,ts:307.3853726000[0m
[1m[37mmsg: 2364 point cloud size: 86400,ts:307.4853836000[0m
[1m[37mmsg: 2365 point cloud size: 86400,ts:307.5853496000[0m
[1m[37mmsg: 2366 point cloud size: 86400,ts:307.6853646000[0m
[1m[37mmsg: 2367 point cloud size: 86400,ts:307.7853686000[0m
[1m[37mmsg: 2368 point cloud size: 86400,ts:307.8853536000[0m
[1m[37mmsg: 2369 point cloud size: 83040,ts:307.9853496000[0m
[1m[37mmsg: 2370 point cloud size: 85920,ts:308.0859183600[0m
[1m[37mmsg: 2371 point cloud size: 86400,ts:308.1853606000[0m
[1m[37mmsg: 2372 point cloud size: 86400,ts:308.2853456000[0m
[1m[37mmsg: 2373 point cloud size: 86400,ts:308.3853476000[0m
[1m[37mmsg: 2374 point cloud size: 86400,ts:308.4853476000[0m
[1m[37mmsg: 2375 point cloud size: 86400,ts:308.5853486000[0m
[1m[37mmsg: 2376 point cloud size: 86400,ts:308.6853396000[0m
[1m[37mmsg: 2377 point cloud size: 86400,ts:308.7853456000[0m
[1m[37mmsg: 2378 point cloud size: 86400,ts:308.8853936000[0m
[1m[37mmsg: 2379 point cloud size: 83040,ts:308.9853466000[0m
[1m[37mmsg: 2380 point cloud size: 85920,ts:309.0858953600[0m
[1m[37mmsg: 2381 point cloud size: 86400,ts:309.1853566000[0m
[1m[37mmsg: 2382 point cloud size: 86400,ts:309.2853366000[0m
[1m[37mmsg: 2383 point cloud size: 86400,ts:309.3853536000[0m
[1m[37mmsg: 2384 point cloud size: 86400,ts:309.4853756000[0m
[1m[37mmsg: 2385 point cloud size: 86400,ts:309.5853416000[0m
[1m[37mmsg: 2386 point cloud size: 86400,ts:309.6853486000[0m
[1m[37mmsg: 2387 point cloud size: 86400,ts:309.7853076000[0m
[1m[37mmsg: 2388 point cloud size: 86400,ts:309.8853156000[0m
[1m[37mmsg: 2389 point cloud size: 83040,ts:309.9853116000[0m
[1m[37mmsg: 2390 point cloud size: 85920,ts:310.0858933600[0m
[1m[37mmsg: 2391 point cloud size: 86400,ts:310.1853226000[0m
[1m[37mmsg: 2392 point cloud size: 86400,ts:310.2853056000[0m
[1m[37mmsg: 2393 point cloud size: 86400,ts:310.3853386000[0m
[1m[37mmsg: 2394 point cloud size: 86400,ts:310.4852786000[0m
[1m[37mmsg: 2395 point cloud size: 86400,ts:310.5853056000[0m
[1m[37mmsg: 2396 point cloud size: 86400,ts:310.6853136000[0m
[1m[37mmsg: 2397 point cloud size: 86400,ts:310.7853236000[0m
[1m[37mmsg: 2398 point cloud size: 86400,ts:310.8853066000[0m
[1m[37mmsg: 2399 point cloud size: 83040,ts:310.9853406000[0m
[1m[37mmsg: 2400 point cloud size: 85920,ts:311.0858583600[0m
[1m[37mmsg: 2401 point cloud size: 86400,ts:311.1853056000[0m
[1m[37mmsg: 2402 point cloud size: 86400,ts:311.2852926000[0m
[1m[37mmsg: 2403 point cloud size: 86400,ts:311.3852926000[0m
[1m[37mmsg: 2404 point cloud size: 86400,ts:311.4852856000[0m
[1m[37mmsg: 2405 point cloud size: 86400,ts:311.5852886000[0m
[1m[37mmsg: 2406 point cloud size: 86400,ts:311.6852916000[0m
[1m[37mmsg: 2407 point cloud size: 86400,ts:311.7852896000[0m
[1m[37mmsg: 2408 point cloud size: 86400,ts:311.8852886000[0m
[1m[37mmsg: 2409 point cloud size: 83040,ts:311.9852876000[0m
[1m[37mmsg: 2410 point cloud size: 85920,ts:312.0858453600[0m
[1m[37mmsg: 2411 point cloud size: 86400,ts:312.1852786000[0m
[1m[37mmsg: 2412 point cloud size: 86400,ts:312.2852826000[0m
[1m[37mmsg: 2413 point cloud size: 86400,ts:312.3852696000[0m
[1m[37mmsg: 2414 point cloud size: 86400,ts:312.4852666000[0m
[1m[37mmsg: 2415 point cloud size: 86400,ts:312.5852706000[0m
[1m[37mmsg: 2416 point cloud size: 86400,ts:312.6852716000[0m
[1m[37mmsg: 2417 point cloud size: 86400,ts:312.7852766000[0m
[1m[37mmsg: 2418 point cloud size: 86400,ts:312.8852626000[0m
[1m[37mmsg: 2419 point cloud size: 83040,ts:312.9852676000[0m
[1m[37mmsg: 2420 point cloud size: 85920,ts:313.0858283600[0m
[1m[37mmsg: 2421 point cloud size: 86400,ts:313.1852576000[0m
[1m[37mmsg: 2422 point cloud size: 86400,ts:313.2852616000[0m
[1m[37mmsg: 2423 point cloud size: 86400,ts:313.3852636000[0m
[1m[37mmsg: 2424 point cloud size: 86400,ts:313.4852526000[0m
[1m[37mmsg: 2425 point cloud size: 86400,ts:313.5852536000[0m
[1m[37mmsg: 2426 point cloud size: 86400,ts:313.6852556000[0m
[1m[37mmsg: 2427 point cloud size: 86400,ts:313.7852596000[0m
[1m[37mmsg: 2428 point cloud size: 86400,ts:313.8852436000[0m
[1m[37mmsg: 2429 point cloud size: 83040,ts:313.9852446000[0m
[1m[37mmsg: 2430 point cloud size: 85920,ts:314.0858063600[0m
[1m[37mmsg: 2431 point cloud size: 86400,ts:314.1852386000[0m
[1m[37mmsg: 2432 point cloud size: 86400,ts:314.2852406000[0m
[1m[37mmsg: 2433 point cloud size: 86400,ts:314.3852556000[0m
[1m[37mmsg: 2434 point cloud size: 86400,ts:314.4852466000[0m
[1m[37mmsg: 2435 point cloud size: 86400,ts:314.5852366000[0m
[1m[37mmsg: 2436 point cloud size: 86400,ts:314.6852386000[0m
[1m[37mmsg: 2437 point cloud size: 86400,ts:314.7852326000[0m
[1m[37mmsg: 2438 point cloud size: 86400,ts:314.8852346000[0m
[1m[37mmsg: 2439 point cloud size: 83040,ts:314.9852356000[0m
[1m[37mmsg: 2440 point cloud size: 85920,ts:315.0857933600[0m
[1m[37mmsg: 2441 point cloud size: 86400,ts:315.1852276000[0m
[1m[37mmsg: 2442 point cloud size: 86400,ts:315.2852306000[0m
[1m[37mmsg: 2443 point cloud size: 86400,ts:315.3852346000[0m
[1m[37mmsg: 2444 point cloud size: 86400,ts:315.4852306000[0m
[1m[37mmsg: 2445 point cloud size: 86400,ts:315.5852386000[0m
[1m[37mmsg: 2446 point cloud size: 86400,ts:315.6852236000[0m
[1m[37mmsg: 2447 point cloud size: 86400,ts:315.7852266000[0m
[1m[37mmsg: 2448 point cloud size: 86400,ts:315.8852196000[0m
[1m[37mmsg: 2449 point cloud size: 83040,ts:315.9852206000[0m
[1m[37mmsg: 2450 point cloud size: 85920,ts:316.0857793600[0m
[1m[37mmsg: 2451 point cloud size: 86400,ts:316.1852056000[0m
[1m[37mmsg: 2452 point cloud size: 86400,ts:316.2852246000[0m
[1m[37mmsg: 2453 point cloud size: 86400,ts:316.3852316000[0m
[1m[37mmsg: 2454 point cloud size: 86400,ts:316.4852016000[0m
[1m[37mmsg: 2455 point cloud size: 86400,ts:316.5852146000[0m
[1m[37mmsg: 2456 point cloud size: 86400,ts:316.6852126000[0m
[1m[37mmsg: 2457 point cloud size: 86400,ts:316.7851986000[0m
[1m[37mmsg: 2458 point cloud size: 86400,ts:316.8852016000[0m
[1m[37mmsg: 2459 point cloud size: 83040,ts:316.9852066000[0m
[1m[37mmsg: 2460 point cloud size: 85920,ts:317.0857663600[0m
[1m[37mmsg: 2461 point cloud size: 86400,ts:317.1851956000[0m
[1m[37mmsg: 2462 point cloud size: 86400,ts:317.2852026000[0m
[1m[37mmsg: 2463 point cloud size: 86400,ts:317.3852056000[0m
[1m[37mmsg: 2464 point cloud size: 86400,ts:317.4851906000[0m
[1m[37mmsg: 2465 point cloud size: 86400,ts:317.5851896000[0m
[1m[37mmsg: 2466 point cloud size: 86400,ts:317.6851986000[0m
[1m[37mmsg: 2467 point cloud size: 86400,ts:317.7851766000[0m
[1m[37mmsg: 2468 point cloud size: 86400,ts:317.8851926000[0m
[1m[37mmsg: 2469 point cloud size: 83040,ts:317.9851716000[0m
[1m[37mmsg: 2470 point cloud size: 85920,ts:318.0857353600[0m
[1m[37mmsg: 2471 point cloud size: 86400,ts:318.1851766000[0m
[1m[37mmsg: 2472 point cloud size: 86400,ts:318.2851646000[0m
[1m[37mmsg: 2473 point cloud size: 86400,ts:318.3851726000[0m
[1m[37mmsg: 2474 point cloud size: 86400,ts:318.4851566000[0m
[1m[37mmsg: 2475 point cloud size: 86400,ts:318.5851606000[0m
[1m[37mmsg: 2476 point cloud size: 86400,ts:318.6851656000[0m
[1m[37mmsg: 2477 point cloud size: 86400,ts:318.7851886000[0m
[1m[37mmsg: 2478 point cloud size: 86400,ts:318.8851746000[0m
[1m[37mmsg: 2479 point cloud size: 83040,ts:318.9851546000[0m
[1m[37mmsg: 2480 point cloud size: 85920,ts:319.0857143600[0m
[1m[37mmsg: 2481 point cloud size: 86400,ts:319.1851436000[0m
[1m[37mmsg: 2482 point cloud size: 86400,ts:319.2851886000[0m
[1m[37mmsg: 2483 point cloud size: 86400,ts:319.3851646000[0m
[1m[37mmsg: 2484 point cloud size: 86400,ts:319.4851366000[0m
[1m[37mmsg: 2485 point cloud size: 86400,ts:319.5851546000[0m
[1m[37mmsg: 2486 point cloud size: 86400,ts:319.6851486000[0m
[1m[37mmsg: 2487 point cloud size: 86400,ts:319.7851606000[0m
[1m[37mmsg: 2488 point cloud size: 86400,ts:319.8851476000[0m
[1m[37mmsg: 2489 point cloud size: 83040,ts:319.9851546000[0m
[1m[37mmsg: 2490 point cloud size: 85920,ts:320.0857153600[0m
[1m[37mmsg: 2491 point cloud size: 86400,ts:320.1851416000[0m
[1m[37mmsg: 2492 point cloud size: 86400,ts:320.2851476000[0m
[1m[37mmsg: 2493 point cloud size: 86400,ts:320.3851246000[0m
[1m[37mmsg: 2494 point cloud size: 86400,ts:320.4851386000[0m
[1m[37mmsg: 2495 point cloud size: 86400,ts:320.5851216000[0m
[1m[37mmsg: 2496 point cloud size: 86400,ts:320.6851456000[0m
[1m[37mmsg: 2497 point cloud size: 86400,ts:320.7851296000[0m
[1m[37mmsg: 2498 point cloud size: 86400,ts:320.8851416000[0m
[1m[37mmsg: 2499 point cloud size: 83040,ts:320.9851426000[0m
[1m[37mmsg: 2500 point cloud size: 85920,ts:321.0856923600[0m
[1m[37mmsg: 2501 point cloud size: 86400,ts:321.1851526000[0m
[1m[37mmsg: 2502 point cloud size: 86400,ts:321.2851566000[0m
[1m[37mmsg: 2503 point cloud size: 86400,ts:321.3851436000[0m
[1m[37mmsg: 2504 point cloud size: 86400,ts:321.4851666000[0m
[1m[37mmsg: 2505 point cloud size: 86400,ts:321.5851506000[0m
[1m[37mmsg: 2506 point cloud size: 86400,ts:321.6851246000[0m
[1m[37mmsg: 2507 point cloud size: 86400,ts:321.7851166000[0m
[1m[37mmsg: 2508 point cloud size: 86400,ts:321.8851306000[0m
[1m[37mmsg: 2509 point cloud size: 83040,ts:321.9851606000[0m
[1m[37mmsg: 2510 point cloud size: 85920,ts:322.0857013600[0m
[1m[37mmsg: 2511 point cloud size: 86400,ts:322.1851186000[0m
[1m[37mmsg: 2512 point cloud size: 86400,ts:322.2851326000[0m
[1m[37mmsg: 2513 point cloud size: 86400,ts:322.3851136000[0m
[1m[37mmsg: 2514 point cloud size: 86400,ts:322.4851296000[0m
[1m[37mmsg: 2515 point cloud size: 86400,ts:322.5851196000[0m
[1m[37mmsg: 2516 point cloud size: 86400,ts:322.6851056000[0m
[1m[37mmsg: 2517 point cloud size: 86400,ts:322.7851176000[0m
[1m[37mmsg: 2518 point cloud size: 86400,ts:322.8851596000[0m
[1m[37mmsg: 2519 point cloud size: 83040,ts:322.9851116000[0m
[1m[37mmsg: 2520 point cloud size: 85920,ts:323.0856563600[0m
[1m[37mmsg: 2521 point cloud size: 86400,ts:323.1850916000[0m
[1m[37mmsg: 2522 point cloud size: 86400,ts:323.2851306000[0m
[1m[37mmsg: 2523 point cloud size: 86400,ts:323.3851236000[0m
[1m[37mmsg: 2524 point cloud size: 86400,ts:323.4851136000[0m
[1m[37mmsg: 2525 point cloud size: 86400,ts:323.5851016000[0m
[1m[37mmsg: 2526 point cloud size: 86400,ts:323.6851196000[0m
[1m[37mmsg: 2527 point cloud size: 86400,ts:323.7850856000[0m
[1m[37mmsg: 2528 point cloud size: 86400,ts:323.8850926000[0m
[1m[37mmsg: 2529 point cloud size: 83040,ts:323.9851016000[0m
[1m[37mmsg: 2530 point cloud size: 85920,ts:324.0856433600[0m
[1m[37mmsg: 2531 point cloud size: 86400,ts:324.1850926000[0m
[1m[37mmsg: 2532 point cloud size: 86400,ts:324.2850956000[0m
[1m[37mmsg: 2533 point cloud size: 86400,ts:324.3850766000[0m
[1m[37mmsg: 2534 point cloud size: 86400,ts:324.4850906000[0m
[1m[37mmsg: 2535 point cloud size: 86400,ts:324.5850776000[0m
[1m[37mmsg: 2536 point cloud size: 86400,ts:324.6850906000[0m
[1m[37mmsg: 2537 point cloud size: 86400,ts:324.7850826000[0m
[1m[37mmsg: 2538 point cloud size: 86400,ts:324.8850916000[0m
[1m[37mmsg: 2539 point cloud size: 83040,ts:324.9850906000[0m
[1m[37mmsg: 2540 point cloud size: 85920,ts:325.0856183600[0m
[1m[37mmsg: 2541 point cloud size: 86400,ts:325.1850686000[0m
[1m[37mmsg: 2542 point cloud size: 86400,ts:325.2850496000[0m
[1m[37mmsg: 2543 point cloud size: 86400,ts:325.3850686000[0m
[1m[37mmsg: 2544 point cloud size: 86400,ts:325.4850946000[0m
[1m[37mmsg: 2545 point cloud size: 86400,ts:325.5850606000[0m
[1m[37mmsg: 2546 point cloud size: 86400,ts:325.6850526000[0m
[1m[37mmsg: 2547 point cloud size: 86400,ts:325.7850526000[0m
[1m[37mmsg: 2548 point cloud size: 86400,ts:325.8850556000[0m
[1m[37mmsg: 2549 point cloud size: 83040,ts:325.9850526000[0m
[1m[37mmsg: 2550 point cloud size: 85920,ts:326.0856143600[0m
[1m[37mmsg: 2551 point cloud size: 86400,ts:326.1850456000[0m
[1m[37mmsg: 2552 point cloud size: 86400,ts:326.2850496000[0m
[1m[37mmsg: 2553 point cloud size: 86400,ts:326.3850446000[0m
[1m[37mmsg: 2554 point cloud size: 86400,ts:326.4850396000[0m
[1m[37mmsg: 2555 point cloud size: 86400,ts:326.5850456000[0m
[1m[37mmsg: 2556 point cloud size: 86400,ts:326.6850506000[0m
[1m[37mmsg: 2557 point cloud size: 86400,ts:326.7850356000[0m
[1m[37mmsg: 2558 point cloud size: 86400,ts:326.8850426000[0m
[1m[37mmsg: 2559 point cloud size: 83040,ts:326.9850556000[0m
[1m[37mmsg: 2560 point cloud size: 85920,ts:327.0856073600[0m
[1m[37mmsg: 2561 point cloud size: 86400,ts:327.1850856000[0m
[1m[37mmsg: 2562 point cloud size: 86400,ts:327.2850266000[0m
[1m[37mmsg: 2563 point cloud size: 86400,ts:327.3850586000[0m
[1m[37mmsg: 2564 point cloud size: 86400,ts:327.4850256000[0m
[1m[37mmsg: 2565 point cloud size: 86400,ts:327.5850336000[0m
[1m[37mmsg: 2566 point cloud size: 86400,ts:327.6850506000[0m
[1m[37mmsg: 2567 point cloud size: 86400,ts:327.7850336000[0m
[1m[37mmsg: 2568 point cloud size: 86400,ts:327.8850346000[0m
[1m[37mmsg: 2569 point cloud size: 83040,ts:327.9850246000[0m
[1m[37mmsg: 2570 point cloud size: 85920,ts:328.0855923600[0m
[1m[37mmsg: 2571 point cloud size: 86400,ts:328.1850416000[0m
[1m[37mmsg: 2572 point cloud size: 86400,ts:328.2850246000[0m
[1m[37mmsg: 2573 point cloud size: 86400,ts:328.3850096000[0m
[1m[37mmsg: 2574 point cloud size: 86400,ts:328.4850216000[0m
[1m[37mmsg: 2575 point cloud size: 86400,ts:328.5850156000[0m
[1m[37mmsg: 2576 point cloud size: 86400,ts:328.6850096000[0m
[1m[37mmsg: 2577 point cloud size: 86400,ts:328.7850286000[0m
[1m[37mmsg: 2578 point cloud size: 86400,ts:328.8850066000[0m
[1m[37mmsg: 2579 point cloud size: 83040,ts:328.9850176000[0m
[1m[37mmsg: 2580 point cloud size: 85920,ts:329.0855653600[0m
[1m[37mmsg: 2581 point cloud size: 86400,ts:329.1850146000[0m
[1m[37mmsg: 2582 point cloud size: 86400,ts:329.2849906000[0m
[1m[37mmsg: 2583 point cloud size: 86400,ts:329.3849966000[0m
[1m[37mmsg: 2584 point cloud size: 86400,ts:329.4849946000[0m
[1m[37mmsg: 2585 point cloud size: 86400,ts:329.5849976000[0m
[1m[37mmsg: 2586 point cloud size: 86400,ts:329.6849866000[0m
[1m[37mmsg: 2587 point cloud size: 86400,ts:329.7850056000[0m
[1m[37mmsg: 2588 point cloud size: 86400,ts:329.8849786000[0m
[1m[37mmsg: 2589 point cloud size: 83040,ts:329.9849876000[0m
[1m[37mmsg: 2590 point cloud size: 85920,ts:330.0855363600[0m
[1m[37mmsg: 2591 point cloud size: 86400,ts:330.1850066000[0m
[1m[37mmsg: 2592 point cloud size: 86400,ts:330.2849706000[0m
[1m[37mmsg: 2593 point cloud size: 86400,ts:330.3849836000[0m
[1m[37mmsg: 2594 point cloud size: 86400,ts:330.4849756000[0m
[1m[37mmsg: 2595 point cloud size: 86400,ts:330.5849886000[0m
[1m[37mmsg: 2596 point cloud size: 86400,ts:330.6850286000[0m
[1m[37mmsg: 2597 point cloud size: 86400,ts:330.7849756000[0m
[1m[37mmsg: 2598 point cloud size: 86400,ts:330.8850026000[0m
[1m[37mmsg: 2599 point cloud size: 83040,ts:330.9849826000[0m
[1m[37mmsg: 2600 point cloud size: 85920,ts:331.0855623600[0m
[1m[37mmsg: 2601 point cloud size: 86400,ts:331.1849776000[0m
[1m[37mmsg: 2602 point cloud size: 86400,ts:331.2849616000[0m
[1m[37mmsg: 2603 point cloud size: 86400,ts:331.3849546000[0m
[1m[37mmsg: 2604 point cloud size: 86400,ts:331.4849616000[0m
[1m[37mmsg: 2605 point cloud size: 86400,ts:331.5849546000[0m
[1m[37mmsg: 2606 point cloud size: 86400,ts:331.6849546000[0m
[1m[37mmsg: 2607 point cloud size: 86400,ts:331.7849516000[0m
[1m[37mmsg: 2608 point cloud size: 86400,ts:331.8849736000[0m
[1m[37mmsg: 2609 point cloud size: 83040,ts:331.9849536000[0m
[1m[37mmsg: 2610 point cloud size: 85920,ts:332.0855093600[0m
[1m[37mmsg: 2611 point cloud size: 86400,ts:332.1849556000[0m
[1m[37mmsg: 2612 point cloud size: 86400,ts:332.2849396000[0m
[1m[37mmsg: 2613 point cloud size: 86400,ts:332.3850016000[0m
[1m[37mmsg: 2614 point cloud size: 86400,ts:332.4849756000[0m
[1m[37mmsg: 2615 point cloud size: 86400,ts:332.5849396000[0m
[1m[37mmsg: 2616 point cloud size: 86400,ts:332.6849516000[0m
[1m[37mmsg: 2617 point cloud size: 86400,ts:332.7849436000[0m
[1m[37mmsg: 2618 point cloud size: 86400,ts:332.8849566000[0m
[1m[37mmsg: 2619 point cloud size: 83040,ts:332.9849466000[0m
[1m[37mmsg: 2620 point cloud size: 85920,ts:333.0856413600[0m
[1m[37mmsg: 2621 point cloud size: 86400,ts:333.1849386000[0m
[1m[37mmsg: 2622 point cloud size: 86400,ts:333.2849216000[0m
[1m[37mmsg: 2623 point cloud size: 86400,ts:333.3849316000[0m
[1m[37mmsg: 2624 point cloud size: 86400,ts:333.4849286000[0m
[1m[37mmsg: 2625 point cloud size: 86400,ts:333.5849146000[0m
[1m[37mmsg: 2626 point cloud size: 86400,ts:333.6849296000[0m
[1m[37mmsg: 2627 point cloud size: 86400,ts:333.7849346000[0m
[1m[37mmsg: 2628 point cloud size: 86400,ts:333.8849426000[0m
[1m[37mmsg: 2629 point cloud size: 83040,ts:333.9849216000[0m
[1m[37mmsg: 2630 point cloud size: 85920,ts:334.0855233600[0m
[1m[37mmsg: 2631 point cloud size: 86400,ts:334.1849446000[0m
[1m[37mmsg: 2632 point cloud size: 86400,ts:334.2849256000[0m
[1m[37mmsg: 2633 point cloud size: 86400,ts:334.3849006000[0m
[1m[37mmsg: 2634 point cloud size: 86400,ts:334.4848976000[0m
[1m[37mmsg: 2635 point cloud size: 86400,ts:334.5849016000[0m
[1m[37mmsg: 2636 point cloud size: 86400,ts:334.6849016000[0m
[1m[37mmsg: 2637 point cloud size: 86400,ts:334.7848936000[0m
[1m[37mmsg: 2638 point cloud size: 86400,ts:334.8848986000[0m
[1m[37mmsg: 2639 point cloud size: 83040,ts:334.9848826000[0m
[1m[37mmsg: 2640 point cloud size: 85920,ts:335.0854433600[0m
[1m[37mmsg: 2641 point cloud size: 86400,ts:335.1848846000[0m
[1m[37mmsg: 2642 point cloud size: 86400,ts:335.2848746000[0m
[1m[37mmsg: 2643 point cloud size: 86400,ts:335.3848846000[0m
[1m[37mmsg: 2644 point cloud size: 86400,ts:335.4848836000[0m
[1m[37mmsg: 2645 point cloud size: 86400,ts:335.5848646000[0m
[1m[37mmsg: 2646 point cloud size: 86400,ts:335.6848756000[0m
[1m[37mmsg: 2647 point cloud size: 86400,ts:335.7848766000[0m
[1m[37mmsg: 2648 point cloud size: 86400,ts:335.8849146000[0m
[1m[37mmsg: 2649 point cloud size: 83040,ts:335.9848706000[0m
[1m[37mmsg: 2650 point cloud size: 85920,ts:336.0854263600[0m
[1m[37mmsg: 2651 point cloud size: 86400,ts:336.1848626000[0m
[1m[37mmsg: 2652 point cloud size: 86400,ts:336.2848606000[0m
[1m[37mmsg: 2653 point cloud size: 86400,ts:336.3848656000[0m
[1m[37mmsg: 2654 point cloud size: 86400,ts:336.4848626000[0m
[1m[37mmsg: 2655 point cloud size: 86400,ts:336.5848926000[0m
[1m[37mmsg: 2656 point cloud size: 86400,ts:336.6848696000[0m
[1m[37mmsg: 2657 point cloud size: 86400,ts:336.7848586000[0m
[1m[37mmsg: 2658 point cloud size: 86400,ts:336.8848596000[0m
[1m[37mmsg: 2659 point cloud size: 83040,ts:336.9848606000[0m
[1m[37mmsg: 2660 point cloud size: 85920,ts:337.0854403600[0m
[1m[37mmsg: 2661 point cloud size: 86400,ts:337.1848646000[0m
[1m[37mmsg: 2662 point cloud size: 86400,ts:337.2848626000[0m
[1m[37mmsg: 2663 point cloud size: 86400,ts:337.3848666000[0m
[1m[37mmsg: 2664 point cloud size: 86400,ts:337.4848686000[0m
[1m[37mmsg: 2665 point cloud size: 86400,ts:337.5848496000[0m
[1m[37mmsg: 2666 point cloud size: 86400,ts:337.6848826000[0m
[1m[37mmsg: 2667 point cloud size: 86400,ts:337.7848756000[0m
[1m[37mmsg: 2668 point cloud size: 86400,ts:337.8849046000[0m
[1m[37mmsg: 2669 point cloud size: 83040,ts:337.9848466000[0m
[1m[37mmsg: 2670 point cloud size: 85920,ts:338.0854093600[0m
[1m[37mmsg: 2671 point cloud size: 86400,ts:338.1848956000[0m
[1m[37mmsg: 2672 point cloud size: 86400,ts:338.2848476000[0m
[1m[37mmsg: 2673 point cloud size: 86400,ts:338.3848466000[0m
[1m[37mmsg: 2674 point cloud size: 86400,ts:338.4848576000[0m
[1m[37mmsg: 2675 point cloud size: 86400,ts:338.5848366000[0m
[1m[37mmsg: 2676 point cloud size: 86400,ts:338.6848376000[0m
[1m[37mmsg: 2677 point cloud size: 86400,ts:338.7848696000[0m
[1m[37mmsg: 2678 point cloud size: 86400,ts:338.8848486000[0m
[1m[37mmsg: 2679 point cloud size: 83040,ts:338.9848746000[0m
[1m[37mmsg: 2680 point cloud size: 85920,ts:339.0853923600[0m
[1m[37mmsg: 2681 point cloud size: 86400,ts:339.1848436000[0m
[1m[37mmsg: 2682 point cloud size: 86400,ts:339.2848266000[0m
[1m[37mmsg: 2683 point cloud size: 86400,ts:339.3848386000[0m
[1m[37mmsg: 2684 point cloud size: 86400,ts:339.4848336000[0m
[1m[37mmsg: 2685 point cloud size: 86400,ts:339.5848526000[0m
[1m[37mmsg: 2686 point cloud size: 86400,ts:339.6848316000[0m
[1m[37mmsg: 2687 point cloud size: 86400,ts:339.7848356000[0m
[1m[37mmsg: 2688 point cloud size: 86400,ts:339.8848336000[0m
[1m[37mmsg: 2689 point cloud size: 83040,ts:339.9848226000[0m
[1m[37mmsg: 2690 point cloud size: 85920,ts:340.0853733600[0m
[1m[37mmsg: 2691 point cloud size: 86400,ts:340.1848176000[0m
[1m[37mmsg: 2692 point cloud size: 86400,ts:340.2848186000[0m
[1m[37mmsg: 2693 point cloud size: 86400,ts:340.3848176000[0m
[1m[37mmsg: 2694 point cloud size: 86400,ts:340.4848166000[0m
[1m[37mmsg: 2695 point cloud size: 86400,ts:340.5848266000[0m
[1m[37mmsg: 2696 point cloud size: 86400,ts:340.6848076000[0m
[1m[37mmsg: 2697 point cloud size: 86400,ts:340.7848116000[0m
[1m[37mmsg: 2698 point cloud size: 86400,ts:340.8848166000[0m
[1m[37mmsg: 2699 point cloud size: 83040,ts:340.9848526000[0m
[1m[37mmsg: 2700 point cloud size: 85920,ts:341.0853653600[0m
[1m[37mmsg: 2701 point cloud size: 86400,ts:341.1847896000[0m
[1m[37mmsg: 2702 point cloud size: 86400,ts:341.2847966000[0m
[1m[37mmsg: 2703 point cloud size: 86400,ts:341.3847976000[0m
[1m[37mmsg: 2704 point cloud size: 86400,ts:341.4847956000[0m
[1m[37mmsg: 2705 point cloud size: 86400,ts:341.5848006000[0m
[1m[37mmsg: 2706 point cloud size: 86400,ts:341.6848136000[0m
[1m[37mmsg: 2707 point cloud size: 86400,ts:341.7847906000[0m
[1m[37mmsg: 2708 point cloud size: 86400,ts:341.8847816000[0m
[1m[37mmsg: 2709 point cloud size: 83040,ts:341.9848156000[0m
[1m[37mmsg: 2710 point cloud size: 85920,ts:342.0853253600[0m
[1m[37mmsg: 2711 point cloud size: 86400,ts:342.1847816000[0m
[1m[37mmsg: 2712 point cloud size: 86400,ts:342.2847816000[0m
[1m[37mmsg: 2713 point cloud size: 86400,ts:342.3847876000[0m
[1m[37mmsg: 2714 point cloud size: 86400,ts:342.4847646000[0m
[1m[37mmsg: 2715 point cloud size: 86400,ts:342.5847686000[0m
[1m[37mmsg: 2716 point cloud size: 86400,ts:342.6847776000[0m
[1m[37mmsg: 2717 point cloud size: 86400,ts:342.7847646000[0m
[1m[37mmsg: 2718 point cloud size: 86400,ts:342.8847726000[0m
[1m[37mmsg: 2719 point cloud size: 83040,ts:342.9847736000[0m
[1m[37mmsg: 2720 point cloud size: 85920,ts:343.0853393600[0m
[1m[37mmsg: 2721 point cloud size: 86400,ts:343.1847896000[0m
[1m[37mmsg: 2722 point cloud size: 86400,ts:343.2847846000[0m
[1m[37mmsg: 2723 point cloud size: 86400,ts:343.3847726000[0m
[1m[37mmsg: 2724 point cloud size: 86400,ts:343.4847736000[0m
[1m[37mmsg: 2725 point cloud size: 86400,ts:343.5847586000[0m
[1m[37mmsg: 2726 point cloud size: 86400,ts:343.6847626000[0m
[1m[37mmsg: 2727 point cloud size: 86400,ts:343.7847616000[0m
[1m[37mmsg: 2728 point cloud size: 86400,ts:343.8847516000[0m
[1m[37mmsg: 2729 point cloud size: 83040,ts:343.9847646000[0m
[1m[37mmsg: 2730 point cloud size: 85920,ts:344.0853163600[0m
[1m[37mmsg: 2731 point cloud size: 86400,ts:344.1847526000[0m
[1m[37mmsg: 2732 point cloud size: 86400,ts:344.2847516000[0m
[1m[37mmsg: 2733 point cloud size: 86400,ts:344.3847466000[0m
[1m[37mmsg: 2734 point cloud size: 86400,ts:344.4847526000[0m
[1m[37mmsg: 2735 point cloud size: 86400,ts:344.5847416000[0m
[1m[37mmsg: 2736 point cloud size: 86400,ts:344.6847506000[0m
[1m[37mmsg: 2737 point cloud size: 86400,ts:344.7847516000[0m
[1m[37mmsg: 2738 point cloud size: 86400,ts:344.8847366000[0m
[1m[37mmsg: 2739 point cloud size: 83040,ts:344.9847456000[0m
[1m[37mmsg: 2740 point cloud size: 85920,ts:345.0852943600[0m
[1m[37mmsg: 2741 point cloud size: 86400,ts:345.1847276000[0m
[1m[37mmsg: 2742 point cloud size: 86400,ts:345.2847386000[0m
[1m[37mmsg: 2743 point cloud size: 86400,ts:345.3847236000[0m
[1m[37mmsg: 2744 point cloud size: 86400,ts:345.4847206000[0m
[1m[37mmsg: 2745 point cloud size: 86400,ts:345.5847266000[0m
[1m[37mmsg: 2746 point cloud size: 86400,ts:345.6847306000[0m
[1m[37mmsg: 2747 point cloud size: 86400,ts:345.7847396000[0m
[1m[37mmsg: 2748 point cloud size: 86400,ts:345.8847216000[0m
[1m[37mmsg: 2749 point cloud size: 83040,ts:345.9847266000[0m
[1m[37mmsg: 2750 point cloud size: 85920,ts:346.0852783600[0m
[1m[37mmsg: 2751 point cloud size: 86400,ts:346.1847156000[0m
[1m[37mmsg: 2752 point cloud size: 86400,ts:346.2847106000[0m
[1m[37mmsg: 2753 point cloud size: 86400,ts:346.3847256000[0m
[1m[37mmsg: 2754 point cloud size: 86400,ts:346.4846996000[0m
[1m[37mmsg: 2755 point cloud size: 86400,ts:346.5847226000[0m
[1m[37mmsg: 2756 point cloud size: 86400,ts:346.6847126000[0m
[1m[37mmsg: 2757 point cloud size: 86400,ts:346.7846966000[0m
[1m[37mmsg: 2758 point cloud size: 86400,ts:346.8847046000[0m
[1m[37mmsg: 2759 point cloud size: 83040,ts:346.9847076000[0m
[1m[37mmsg: 2760 point cloud size: 85920,ts:347.0852603600[0m
[1m[37mmsg: 2761 point cloud size: 86400,ts:347.1846946000[0m
[1m[37mmsg: 2762 point cloud size: 86400,ts:347.2846966000[0m
[1m[37mmsg: 2763 point cloud size: 86400,ts:347.3846966000[0m
[1m[37mmsg: 2764 point cloud size: 86400,ts:347.4846836000[0m
[1m[37mmsg: 2765 point cloud size: 86400,ts:347.5846886000[0m
[1m[37mmsg: 2766 point cloud size: 86400,ts:347.6846946000[0m
[1m[37mmsg: 2767 point cloud size: 86400,ts:347.7846836000[0m
[1m[37mmsg: 2768 point cloud size: 86400,ts:347.8846836000[0m
[1m[37mmsg: 2769 point cloud size: 83040,ts:347.9847156000[0m
[1m[37mmsg: 2770 point cloud size: 85920,ts:348.0852443600[0m
[1m[37mmsg: 2771 point cloud size: 86400,ts:348.1846816000[0m
[1m[37mmsg: 2772 point cloud size: 86400,ts:348.2846856000[0m
[1m[37mmsg: 2773 point cloud size: 86400,ts:348.3846916000[0m
[1m[37mmsg: 2774 point cloud size: 86400,ts:348.4846916000[0m
[1m[37mmsg: 2775 point cloud size: 86400,ts:348.5847006000[0m
[1m[37mmsg: 2776 point cloud size: 86400,ts:348.6846826000[0m
[1m[37mmsg: 2777 point cloud size: 86400,ts:348.7846646000[0m
[1m[37mmsg: 2778 point cloud size: 86400,ts:348.8846696000[0m
[1m[37mmsg: 2779 point cloud size: 83040,ts:348.9846876000[0m
[1m[37mmsg: 2780 point cloud size: 85920,ts:349.0852283600[0m
[1m[37mmsg: 2781 point cloud size: 86400,ts:349.1846746000[0m
[1m[37mmsg: 2782 point cloud size: 86400,ts:349.2846696000[0m
[1m[37mmsg: 2783 point cloud size: 86400,ts:349.3846576000[0m
[1m[37mmsg: 2784 point cloud size: 86400,ts:349.4846706000[0m
[1m[37mmsg: 2785 point cloud size: 86400,ts:349.5846806000[0m
[1m[37mmsg: 2786 point cloud size: 86400,ts:349.6846606000[0m
[1m[37mmsg: 2787 point cloud size: 86400,ts:349.7846526000[0m
[1m[37mmsg: 2788 point cloud size: 86400,ts:349.8846596000[0m
[1m[37mmsg: 2789 point cloud size: 83040,ts:349.9846596000[0m
[1m[37mmsg: 2790 point cloud size: 85920,ts:350.0852213600[0m
[1m[37mmsg: 2791 point cloud size: 86400,ts:350.1846466000[0m
[1m[37mmsg: 2792 point cloud size: 86400,ts:350.2846506000[0m
[1m[37mmsg: 2793 point cloud size: 86400,ts:350.3846346000[0m
[1m[37mmsg: 2794 point cloud size: 86400,ts:350.4846416000[0m
[1m[37mmsg: 2795 point cloud size: 86400,ts:350.5846476000[0m
[1m[37mmsg: 2796 point cloud size: 86400,ts:350.6846506000[0m
[1m[37mmsg: 2797 point cloud size: 86400,ts:350.7846346000[0m
[1m[37mmsg: 2798 point cloud size: 86400,ts:350.8846386000[0m
[1m[37mmsg: 2799 point cloud size: 83040,ts:350.9846506000[0m
[1m[37mmsg: 2800 point cloud size: 85920,ts:351.0852003600[0m
[1m[37mmsg: 2801 point cloud size: 86400,ts:351.1846526000[0m
[1m[37mmsg: 2802 point cloud size: 86400,ts:351.2846326000[0m
[1m[37mmsg: 2803 point cloud size: 86400,ts:351.3846526000[0m
[1m[37mmsg: 2804 point cloud size: 86400,ts:351.4846216000[0m
[1m[37mmsg: 2805 point cloud size: 86400,ts:351.5846276000[0m
[1m[37mmsg: 2806 point cloud size: 86400,ts:351.6846316000[0m
[1m[37mmsg: 2807 point cloud size: 86400,ts:351.7846336000[0m
[1m[37mmsg: 2808 point cloud size: 86400,ts:351.8846326000[0m
[1m[37mmsg: 2809 point cloud size: 83040,ts:351.9846276000[0m
[1m[37mmsg: 2810 point cloud size: 85920,ts:352.0851813600[0m
[1m[37mmsg: 2811 point cloud size: 86400,ts:352.1846176000[0m
[1m[37mmsg: 2812 point cloud size: 86400,ts:352.2846216000[0m
[1m[37mmsg: 2813 point cloud size: 86400,ts:352.3846066000[0m
[1m[37mmsg: 2814 point cloud size: 86400,ts:352.4846096000[0m
[1m[37mmsg: 2815 point cloud size: 86400,ts:352.5846136000[0m
[1m[37mmsg: 2816 point cloud size: 86400,ts:352.6846206000[0m
[1m[37mmsg: 2817 point cloud size: 86400,ts:352.7846156000[0m
[1m[37mmsg: 2818 point cloud size: 86400,ts:352.8846066000[0m
[1m[37mmsg: 2819 point cloud size: 83040,ts:352.9846076000[0m
[1m[37mmsg: 2820 point cloud size: 85920,ts:353.0851643600[0m
[1m[37mmsg: 2821 point cloud size: 86400,ts:353.1845966000[0m
[1m[37mmsg: 2822 point cloud size: 86400,ts:353.2846056000[0m
[1m[37mmsg: 2823 point cloud size: 86400,ts:353.3846056000[0m
[1m[37mmsg: 2824 point cloud size: 86400,ts:353.4845926000[0m
[1m[37mmsg: 2825 point cloud size: 86400,ts:353.5845926000[0m
[1m[37mmsg: 2826 point cloud size: 86400,ts:353.6845956000[0m
[1m[37mmsg: 2827 point cloud size: 86400,ts:353.7846176000[0m
[1m[37mmsg: 2828 point cloud size: 86400,ts:353.8845906000[0m
[1m[37mmsg: 2829 point cloud size: 83040,ts:353.9845916000[0m
[1m[37mmsg: 2830 point cloud size: 85920,ts:354.0851533600[0m
[1m[37mmsg: 2831 point cloud size: 86400,ts:354.1845996000[0m
[1m[37mmsg: 2832 point cloud size: 86400,ts:354.2845886000[0m
[1m[37mmsg: 2833 point cloud size: 86400,ts:354.3845726000[0m
[1m[37mmsg: 2834 point cloud size: 86400,ts:354.4845726000[0m
[1m[37mmsg: 2835 point cloud size: 86400,ts:354.5845936000[0m
[1m[37mmsg: 2836 point cloud size: 86400,ts:354.6845986000[0m
[1m[37mmsg: 2837 point cloud size: 86400,ts:354.7845656000[0m
[1m[37mmsg: 2838 point cloud size: 86400,ts:354.8845796000[0m
[1m[37mmsg: 2839 point cloud size: 83040,ts:354.9845676000[0m
[1m[37mmsg: 2840 point cloud size: 85920,ts:355.0851213600[0m
[1m[37mmsg: 2841 point cloud size: 86400,ts:355.1845686000[0m
[1m[37mmsg: 2842 point cloud size: 86400,ts:355.2845806000[0m
[1m[37mmsg: 2843 point cloud size: 86400,ts:355.3845666000[0m
[1m[37mmsg: 2844 point cloud size: 86400,ts:355.4845616000[0m
[1m[37mmsg: 2845 point cloud size: 86400,ts:355.5845676000[0m
[1m[37mmsg: 2846 point cloud size: 86400,ts:355.6845586000[0m
[1m[37mmsg: 2847 point cloud size: 86400,ts:355.7845536000[0m
[1m[37mmsg: 2848 point cloud size: 86400,ts:355.8845626000[0m
[1m[37mmsg: 2849 point cloud size: 83040,ts:355.9845416000[0m
[1m[37mmsg: 2850 point cloud size: 85920,ts:356.0851223600[0m
[1m[37mmsg: 2851 point cloud size: 86400,ts:356.1845476000[0m
[1m[37mmsg: 2852 point cloud size: 86400,ts:356.2845426000[0m
[1m[37mmsg: 2853 point cloud size: 86400,ts:356.3845376000[0m
[1m[37mmsg: 2854 point cloud size: 86400,ts:356.4845436000[0m
[1m[37mmsg: 2855 point cloud size: 86400,ts:356.5845596000[0m
[1m[37mmsg: 2856 point cloud size: 86400,ts:356.6845336000[0m
[1m[37mmsg: 2857 point cloud size: 86400,ts:356.7845346000[0m
[1m[37mmsg: 2858 point cloud size: 86400,ts:356.8845306000[0m
[1m[37mmsg: 2859 point cloud size: 83040,ts:356.9845276000[0m
[1m[37mmsg: 2860 point cloud size: 85920,ts:357.0850853600[0m
[1m[37mmsg: 2861 point cloud size: 86400,ts:357.1845296000[0m
[1m[37mmsg: 2862 point cloud size: 86400,ts:357.2845186000[0m
[1m[37mmsg: 2863 point cloud size: 86400,ts:357.3845256000[0m
[1m[37mmsg: 2864 point cloud size: 86400,ts:357.4845236000[0m
[1m[37mmsg: 2865 point cloud size: 86400,ts:357.5844976000[0m
[1m[37mmsg: 2866 point cloud size: 86400,ts:357.6845146000[0m
[1m[37mmsg: 2867 point cloud size: 86400,ts:357.7845176000[0m
[1m[37mmsg: 2868 point cloud size: 86400,ts:357.8845136000[0m
[1m[37mmsg: 2869 point cloud size: 83040,ts:357.9845076000[0m
[1m[37mmsg: 2870 point cloud size: 85920,ts:358.0850803600[0m
[1m[37mmsg: 2871 point cloud size: 86400,ts:358.1845086000[0m
[1m[37mmsg: 2872 point cloud size: 86400,ts:358.2845046000[0m
[1m[37mmsg: 2873 point cloud size: 86400,ts:358.3845056000[0m
[1m[37mmsg: 2874 point cloud size: 86400,ts:358.4845066000[0m
[1m[37mmsg: 2875 point cloud size: 86400,ts:358.5845166000[0m
[1m[37mmsg: 2876 point cloud size: 86400,ts:358.6845306000[0m
[1m[37mmsg: 2877 point cloud size: 86400,ts:358.7845026000[0m
[1m[37mmsg: 2878 point cloud size: 86400,ts:358.8845296000[0m
[1m[37mmsg: 2879 point cloud size: 83040,ts:358.9845146000[0m
[1m[37mmsg: 2880 point cloud size: 85920,ts:359.0850543600[0m
[1m[37mmsg: 2881 point cloud size: 86400,ts:359.1845016000[0m
[1m[37mmsg: 2882 point cloud size: 86400,ts:359.2844846000[0m
[1m[37mmsg: 2883 point cloud size: 86400,ts:359.3845226000[0m
[1m[37mmsg: 2884 point cloud size: 86400,ts:359.4844946000[0m
[1m[37mmsg: 2885 point cloud size: 86400,ts:359.5844916000[0m
[1m[37mmsg: 2886 point cloud size: 86400,ts:359.6844866000[0m
[1m[37mmsg: 2887 point cloud size: 86400,ts:359.7845016000[0m
[1m[37mmsg: 2888 point cloud size: 86400,ts:359.8844886000[0m
[1m[37mmsg: 2889 point cloud size: 83040,ts:359.9844866000[0m
[1m[37mmsg: 2890 point cloud size: 85920,ts:360.0850373600[0m
[1m[37mmsg: 2891 point cloud size: 86400,ts:360.1844906000[0m
[1m[37mmsg: 2892 point cloud size: 86400,ts:360.2844996000[0m
[1m[37mmsg: 2893 point cloud size: 86400,ts:360.3844936000[0m
[1m[37mmsg: 2894 point cloud size: 86400,ts:360.4844846000[0m
[1m[37mmsg: 2895 point cloud size: 86400,ts:360.5844826000[0m
[1m[37mmsg: 2896 point cloud size: 86400,ts:360.6844676000[0m
[1m[37mmsg: 2897 point cloud size: 86400,ts:360.7844736000[0m
[1m[37mmsg: 2898 point cloud size: 86400,ts:360.8844856000[0m
[1m[37mmsg: 2899 point cloud size: 83040,ts:360.9844866000[0m
[1m[37mmsg: 2900 point cloud size: 85920,ts:361.0850363600[0m
[1m[37mmsg: 2901 point cloud size: 86400,ts:361.1844756000[0m
[1m[37mmsg: 2902 point cloud size: 86400,ts:361.2844966000[0m
[1m[37mmsg: 2903 point cloud size: 86400,ts:361.3844556000[0m
[1m[37mmsg: 2904 point cloud size: 86400,ts:361.4844676000[0m
[1m[37mmsg: 2905 point cloud size: 86400,ts:361.5844646000[0m
[1m[37mmsg: 2906 point cloud size: 86400,ts:361.6844806000[0m
[1m[37mmsg: 2907 point cloud size: 86400,ts:361.7844686000[0m
[1m[37mmsg: 2908 point cloud size: 86400,ts:361.8844576000[0m
[1m[37mmsg: 2909 point cloud size: 83040,ts:361.9844486000[0m
[1m[37mmsg: 2910 point cloud size: 85920,ts:362.0850113600[0m
[1m[37mmsg: 2911 point cloud size: 86400,ts:362.1844526000[0m
[1m[37mmsg: 2912 point cloud size: 86400,ts:362.2844546000[0m
[1m[37mmsg: 2913 point cloud size: 86400,ts:362.3844506000[0m
[1m[37mmsg: 2914 point cloud size: 86400,ts:362.4844436000[0m
[1m[37mmsg: 2915 point cloud size: 86400,ts:362.5844366000[0m
[1m[37mmsg: 2916 point cloud size: 86400,ts:362.6844356000[0m
[1m[37mmsg: 2917 point cloud size: 86400,ts:362.7844496000[0m
[1m[37mmsg: 2918 point cloud size: 86400,ts:362.8844496000[0m
[1m[37mmsg: 2919 point cloud size: 83040,ts:362.9844436000[0m
[1m[37mmsg: 2920 point cloud size: 85920,ts:363.0850003600[0m
[1m[37mmsg: 2921 point cloud size: 86400,ts:363.1844416000[0m
[1m[37mmsg: 2922 point cloud size: 86400,ts:363.2844596000[0m
[1m[37mmsg: 2923 point cloud size: 86400,ts:363.3844316000[0m
[1m[37mmsg: 2924 point cloud size: 86400,ts:363.4844266000[0m
[1m[37mmsg: 2925 point cloud size: 86400,ts:363.5844406000[0m
[1m[37mmsg: 2926 point cloud size: 86400,ts:363.6844286000[0m
[1m[37mmsg: 2927 point cloud size: 86400,ts:363.7844456000[0m
[1m[37mmsg: 2928 point cloud size: 86400,ts:363.8844356000[0m
[1m[37mmsg: 2929 point cloud size: 83040,ts:363.9844126000[0m
[1m[37mmsg: 2930 point cloud size: 85920,ts:364.0849763600[0m
[1m[37mmsg: 2931 point cloud size: 86400,ts:364.1844306000[0m
[1m[37mmsg: 2932 point cloud size: 86400,ts:364.2844296000[0m
[1m[37mmsg: 2933 point cloud size: 86400,ts:364.3844196000[0m
[1m[37mmsg: 2934 point cloud size: 86400,ts:364.4844106000[0m
[1m[37mmsg: 2935 point cloud size: 86400,ts:364.5844446000[0m
[1m[37mmsg: 2936 point cloud size: 86400,ts:364.6844216000[0m
[1m[37mmsg: 2937 point cloud size: 86400,ts:364.7844266000[0m
[1m[37mmsg: 2938 point cloud size: 86400,ts:364.8844196000[0m
[1m[37mmsg: 2939 point cloud size: 83040,ts:364.9844076000[0m
[1m[37mmsg: 2940 point cloud size: 85920,ts:365.0849943600[0m
[1m[37mmsg: 2941 point cloud size: 86400,ts:365.1844166000[0m
[1m[37mmsg: 2942 point cloud size: 86400,ts:365.2844286000[0m
[1m[37mmsg: 2943 point cloud size: 86400,ts:365.3844026000[0m
[1m[37mmsg: 2944 point cloud size: 86400,ts:365.4844026000[0m
[1m[37mmsg: 2945 point cloud size: 86400,ts:365.5844096000[0m
[1m[37mmsg: 2946 point cloud size: 86400,ts:365.6844106000[0m
[1m[37mmsg: 2947 point cloud size: 86400,ts:365.7843926000[0m
[1m[37mmsg: 2948 point cloud size: 86400,ts:365.8843836000[0m
[1m[37mmsg: 2949 point cloud size: 83040,ts:365.9843786000[0m
[1m[37mmsg: 2950 point cloud size: 85920,ts:366.0849453600[0m
[1m[37mmsg: 2951 point cloud size: 86400,ts:366.1843906000[0m
[1m[37mmsg: 2952 point cloud size: 86400,ts:366.2844006000[0m
[1m[37mmsg: 2953 point cloud size: 86400,ts:366.3843866000[0m
[1m[37mmsg: 2954 point cloud size: 86400,ts:366.4843916000[0m
[1m[37mmsg: 2955 point cloud size: 86400,ts:366.5843736000[0m
[1m[37mmsg: 2956 point cloud size: 86400,ts:366.6843776000[0m
[1m[37mmsg: 2957 point cloud size: 86400,ts:366.7843986000[0m
[1m[37mmsg: 2958 point cloud size: 86400,ts:366.8843716000[0m
[1m[37mmsg: 2959 point cloud size: 83040,ts:366.9843796000[0m
[1m[37mmsg: 2960 point cloud size: 85920,ts:367.0849363600[0m
[1m[37mmsg: 2961 point cloud size: 86400,ts:367.1843796000[0m
[1m[37mmsg: 2962 point cloud size: 86400,ts:367.2843846000[0m
[1m[37mmsg: 2963 point cloud size: 86400,ts:367.3843726000[0m
[1m[37mmsg: 2964 point cloud size: 86400,ts:367.4843486000[0m
[1m[37mmsg: 2965 point cloud size: 86400,ts:367.5843706000[0m
[1m[37mmsg: 2966 point cloud size: 86400,ts:367.6843596000[0m
[1m[37mmsg: 2967 point cloud size: 86400,ts:367.7843616000[0m
[1m[37mmsg: 2968 point cloud size: 86400,ts:367.8843536000[0m
[1m[37mmsg: 2969 point cloud size: 83040,ts:367.9843506000[0m
[1m[37mmsg: 2970 point cloud size: 85920,ts:368.0849133600[0m
[1m[37mmsg: 2971 point cloud size: 86400,ts:368.1843636000[0m
[1m[37mmsg: 2972 point cloud size: 86400,ts:368.2843436000[0m
[1m[37mmsg: 2973 point cloud size: 86400,ts:368.3843556000[0m
[1m[37mmsg: 2974 point cloud size: 86400,ts:368.4843546000[0m
[1m[37mmsg: 2975 point cloud size: 86400,ts:368.5843386000[0m
[1m[37mmsg: 2976 point cloud size: 86400,ts:368.6843366000[0m
[1m[37mmsg: 2977 point cloud size: 86400,ts:368.7843476000[0m
[1m[37mmsg: 2978 point cloud size: 86400,ts:368.8843326000[0m
[1m[37mmsg: 2979 point cloud size: 83040,ts:368.9843446000[0m
[1m[37mmsg: 2980 point cloud size: 85920,ts:369.0848903600[0m
[1m[37mmsg: 2981 point cloud size: 86400,ts:369.1843446000[0m
[1m[37mmsg: 2982 point cloud size: 86400,ts:369.2843256000[0m
[1m[37mmsg: 2983 point cloud size: 86400,ts:369.3843286000[0m
[1m[37mmsg: 2984 point cloud size: 86400,ts:369.4843376000[0m
[1m[37mmsg: 2985 point cloud size: 86400,ts:369.5843336000[0m
[1m[37mmsg: 2986 point cloud size: 86400,ts:369.6843236000[0m
[1m[37mmsg: 2987 point cloud size: 86400,ts:369.7843096000[0m
[1m[37mmsg: 2988 point cloud size: 86400,ts:369.8843486000[0m
[1m[37mmsg: 2989 point cloud size: 83040,ts:369.9843536000[0m
[1m[37mmsg: 2990 point cloud size: 85920,ts:370.0848733600[0m
[1m[37mmsg: 2991 point cloud size: 86400,ts:370.1843246000[0m
[1m[37mmsg: 2992 point cloud size: 86400,ts:370.2843146000[0m
[1m[37mmsg: 2993 point cloud size: 86400,ts:370.3843156000[0m
[1m[37mmsg: 2994 point cloud size: 86400,ts:370.4843156000[0m
[1m[37mmsg: 2995 point cloud size: 86400,ts:370.5843086000[0m
[1m[37mmsg: 2996 point cloud size: 86400,ts:370.6843206000[0m
[1m[37mmsg: 2997 point cloud size: 86400,ts:370.7843236000[0m
[1m[37mmsg: 2998 point cloud size: 86400,ts:370.8843316000[0m
[1m[37mmsg: 2999 point cloud size: 83040,ts:370.9843046000[0m
[1m[37mmsg: 3000 point cloud size: 85920,ts:371.0848623600[0m
[1m[37mmsg: 3001 point cloud size: 86400,ts:371.1843186000[0m
[1m[37mmsg: 3002 point cloud size: 86400,ts:371.2842956000[0m
[1m[37mmsg: 3003 point cloud size: 86400,ts:371.3843066000[0m
[1m[37mmsg: 3004 point cloud size: 86400,ts:371.4842856000[0m
[1m[37mmsg: 3005 point cloud size: 86400,ts:371.5842956000[0m
[1m[37mmsg: 3006 point cloud size: 86400,ts:371.6842886000[0m
[1m[37mmsg: 3007 point cloud size: 86400,ts:371.7842986000[0m
[1m[37mmsg: 3008 point cloud size: 86400,ts:371.8842826000[0m
[1m[37mmsg: 3009 point cloud size: 83040,ts:371.9842916000[0m
[1m[37mmsg: 3010 point cloud size: 85920,ts:372.0848403600[0m
[1m[37mmsg: 3011 point cloud size: 86400,ts:372.1842816000[0m
[1m[37mmsg: 3012 point cloud size: 86400,ts:372.2842966000[0m
[1m[37mmsg: 3013 point cloud size: 86400,ts:372.3842816000[0m
[1m[37mmsg: 3014 point cloud size: 86400,ts:372.4842986000[0m
[1m[37mmsg: 3015 point cloud size: 86400,ts:372.5842796000[0m
[1m[37mmsg: 3016 point cloud size: 86400,ts:372.6842806000[0m
[1m[37mmsg: 3017 point cloud size: 86400,ts:372.7842846000[0m
[1m[37mmsg: 3018 point cloud size: 86400,ts:372.8842666000[0m
[1m[37mmsg: 3019 point cloud size: 83040,ts:372.9842766000[0m
[1m[37mmsg: 3020 point cloud size: 85920,ts:373.0848393600[0m
[1m[37mmsg: 3021 point cloud size: 86400,ts:373.1842776000[0m
[1m[37mmsg: 3022 point cloud size: 86400,ts:373.2842586000[0m
[1m[37mmsg: 3023 point cloud size: 86400,ts:373.3842846000[0m
[1m[37mmsg: 3024 point cloud size: 86400,ts:373.4842646000[0m
[1m[37mmsg: 3025 point cloud size: 86400,ts:373.5842576000[0m
[1m[37mmsg: 3026 point cloud size: 86400,ts:373.6842656000[0m
[1m[37mmsg: 3027 point cloud size: 86400,ts:373.7842646000[0m
[1m[37mmsg: 3028 point cloud size: 86400,ts:373.8842536000[0m
[1m[37mmsg: 3029 point cloud size: 83040,ts:373.9842606000[0m
[1m[37mmsg: 3030 point cloud size: 85920,ts:374.0848133600[0m
[1m[37mmsg: 3031 point cloud size: 86400,ts:374.1842586000[0m
[1m[37mmsg: 3032 point cloud size: 86400,ts:374.2842636000[0m
[1m[37mmsg: 3033 point cloud size: 86400,ts:374.3842466000[0m
[1m[37mmsg: 3034 point cloud size: 86400,ts:374.4842516000[0m
[1m[37mmsg: 3035 point cloud size: 86400,ts:374.5842436000[0m
[1m[37mmsg: 3036 point cloud size: 86400,ts:374.6842466000[0m
[1m[37mmsg: 3037 point cloud size: 86400,ts:374.7842346000[0m
[1m[37mmsg: 3038 point cloud size: 86400,ts:374.8842366000[0m
[1m[37mmsg: 3039 point cloud size: 83040,ts:374.9842476000[0m
[1m[37mmsg: 3040 point cloud size: 85920,ts:375.0847883600[0m
[1m[37mmsg: 3041 point cloud size: 86400,ts:375.1842446000[0m
[1m[37mmsg: 3042 point cloud size: 86400,ts:375.2842646000[0m
[1m[37mmsg: 3043 point cloud size: 86400,ts:375.3842746000[0m
[1m[37mmsg: 3044 point cloud size: 86400,ts:375.4842496000[0m
[1m[37mmsg: 3045 point cloud size: 86400,ts:375.5842266000[0m
[1m[37mmsg: 3046 point cloud size: 86400,ts:375.6842336000[0m
[1m[37mmsg: 3047 point cloud size: 86400,ts:375.7842136000[0m
[1m[37mmsg: 3048 point cloud size: 86400,ts:375.8842156000[0m
[1m[37mmsg: 3049 point cloud size: 83040,ts:375.9842256000[0m
[1m[37mmsg: 3050 point cloud size: 85920,ts:376.0848013600[0m
[1m[37mmsg: 3051 point cloud size: 86400,ts:376.1842356000[0m
[1m[37mmsg: 3052 point cloud size: 86400,ts:376.2842136000[0m
[1m[37mmsg: 3053 point cloud size: 86400,ts:376.3842256000[0m
[1m[37mmsg: 3054 point cloud size: 86400,ts:376.4842106000[0m
[1m[37mmsg: 3055 point cloud size: 86400,ts:376.5842196000[0m
[1m[37mmsg: 3056 point cloud size: 86400,ts:376.6842126000[0m
[1m[37mmsg: 3057 point cloud size: 86400,ts:376.7842356000[0m
[1m[37mmsg: 3058 point cloud size: 86400,ts:376.8842136000[0m
[1m[37mmsg: 3059 point cloud size: 83040,ts:376.9842116000[0m
[1m[37mmsg: 3060 point cloud size: 85920,ts:377.0847643600[0m
[1m[37mmsg: 3061 point cloud size: 86400,ts:377.1841976000[0m
[1m[37mmsg: 3062 point cloud size: 86400,ts:377.2842096000[0m
[1m[37mmsg: 3063 point cloud size: 86400,ts:377.3842066000[0m
[1m[37mmsg: 3064 point cloud size: 86400,ts:377.4841846000[0m
[1m[37mmsg: 3065 point cloud size: 86400,ts:377.5842076000[0m
[1m[37mmsg: 3066 point cloud size: 86400,ts:377.6842046000[0m
[1m[37mmsg: 3067 point cloud size: 86400,ts:377.7841866000[0m
[1m[37mmsg: 3068 point cloud size: 86400,ts:377.8841936000[0m
[1m[37mmsg: 3069 point cloud size: 83040,ts:377.9841896000[0m
[1m[37mmsg: 3070 point cloud size: 85920,ts:378.0847683600[0m
[1m[37mmsg: 3071 point cloud size: 86400,ts:378.1841846000[0m
[1m[37mmsg: 3072 point cloud size: 86400,ts:378.2841836000[0m
[1m[37mmsg: 3073 point cloud size: 86400,ts:378.3841916000[0m
[1m[37mmsg: 3074 point cloud size: 86400,ts:378.4841716000[0m
[1m[37mmsg: 3075 point cloud size: 86400,ts:378.5842116000[0m
[1m[37mmsg: 3076 point cloud size: 86400,ts:378.6841786000[0m
[1m[37mmsg: 3077 point cloud size: 86400,ts:378.7841996000[0m
[1m[37mmsg: 3078 point cloud size: 86400,ts:378.8841706000[0m
[1m[37mmsg: 3079 point cloud size: 83040,ts:378.9841556000[0m
[1m[37mmsg: 3080 point cloud size: 85920,ts:379.0847303600[0m
[1m[37mmsg: 3081 point cloud size: 86400,ts:379.1841656000[0m
[1m[37mmsg: 3082 point cloud size: 86400,ts:379.2841696000[0m
[1m[37mmsg: 3083 point cloud size: 86400,ts:379.3841746000[0m
[1m[37mmsg: 3084 point cloud size: 86400,ts:379.4841526000[0m
[1m[37mmsg: 3085 point cloud size: 86400,ts:379.5841636000[0m
[1m[37mmsg: 3086 point cloud size: 86400,ts:379.6841686000[0m
[1m[37mmsg: 3087 point cloud size: 86400,ts:379.7841716000[0m
[1m[37mmsg: 3088 point cloud size: 86400,ts:379.8841576000[0m
[1m[37mmsg: 3089 point cloud size: 83040,ts:379.9841606000[0m
[1m[37mmsg: 3090 point cloud size: 85920,ts:380.0847083600[0m
[1m[37mmsg: 3091 point cloud size: 86400,ts:380.1841466000[0m
[1m[37mmsg: 3092 point cloud size: 86400,ts:380.2841546000[0m
[1m[37mmsg: 3093 point cloud size: 86400,ts:380.3841476000[0m
[1m[37mmsg: 3094 point cloud size: 86400,ts:380.4841436000[0m
[1m[37mmsg: 3095 point cloud size: 86400,ts:380.5841776000[0m
[1m[37mmsg: 3096 point cloud size: 86400,ts:380.6841456000[0m
[1m[37mmsg: 3097 point cloud size: 86400,ts:380.7841856000[0m
[1m[37mmsg: 3098 point cloud size: 86400,ts:380.8841496000[0m
[1m[37mmsg: 3099 point cloud size: 83040,ts:380.9841466000[0m
[1m[37mmsg: 3100 point cloud size: 85920,ts:381.0846943600[0m
[1m[37mmsg: 3101 point cloud size: 86400,ts:381.1841326000[0m
[1m[37mmsg: 3102 point cloud size: 86400,ts:381.2841386000[0m
[1m[37mmsg: 3103 point cloud size: 86400,ts:381.3841346000[0m
[1m[37mmsg: 3104 point cloud size: 86400,ts:381.4841376000[0m
[1m[37mmsg: 3105 point cloud size: 86400,ts:381.5841326000[0m
[1m[37mmsg: 3106 point cloud size: 86400,ts:381.6841226000[0m
[1m[37mmsg: 3107 point cloud size: 86400,ts:381.7841246000[0m
[1m[37mmsg: 3108 point cloud size: 86400,ts:381.8841186000[0m
[1m[37mmsg: 3109 point cloud size: 83040,ts:381.9841236000[0m
[1m[37mmsg: 3110 point cloud size: 85920,ts:382.0846843600[0m
[1m[37mmsg: 3111 point cloud size: 86400,ts:382.1841176000[0m
[1m[37mmsg: 3112 point cloud size: 86400,ts:382.2841266000[0m
[1m[37mmsg: 3113 point cloud size: 86400,ts:382.3841246000[0m
[1m[37mmsg: 3114 point cloud size: 86400,ts:382.4841166000[0m
[1m[37mmsg: 3115 point cloud size: 86400,ts:382.5841136000[0m
[1m[37mmsg: 3116 point cloud size: 86400,ts:382.6841066000[0m
[1m[37mmsg: 3117 point cloud size: 86400,ts:382.7841176000[0m
[1m[37mmsg: 3118 point cloud size: 86400,ts:382.8841026000[0m
[1m[37mmsg: 3119 point cloud size: 83040,ts:382.9841136000[0m
[1m[37mmsg: 3120 point cloud size: 85920,ts:383.0846673600[0m
[1m[37mmsg: 3121 point cloud size: 86400,ts:383.1841036000[0m
[1m[37mmsg: 3122 point cloud size: 86400,ts:383.2841156000[0m
[1m[37mmsg: 3123 point cloud size: 86400,ts:383.3841066000[0m
[1m[37mmsg: 3124 point cloud size: 86400,ts:383.4840996000[0m
[1m[37mmsg: 3125 point cloud size: 86400,ts:383.5840746000[0m
[1m[37mmsg: 3126 point cloud size: 86400,ts:383.6840866000[0m
[1m[37mmsg: 3127 point cloud size: 86400,ts:383.7840886000[0m
[1m[37mmsg: 3128 point cloud size: 86400,ts:383.8841186000[0m
[1m[37mmsg: 3129 point cloud size: 83040,ts:383.9840716000[0m
[1m[37mmsg: 3130 point cloud size: 85920,ts:384.0846263600[0m
[1m[37mmsg: 3131 point cloud size: 86400,ts:384.1840976000[0m
[1m[37mmsg: 3132 point cloud size: 86400,ts:384.2840756000[0m
[1m[37mmsg: 3133 point cloud size: 86400,ts:384.3840896000[0m
[1m[37mmsg: 3134 point cloud size: 86400,ts:384.4840796000[0m
[1m[37mmsg: 3135 point cloud size: 86400,ts:384.5840646000[0m
[1m[37mmsg: 3136 point cloud size: 86400,ts:384.6840796000[0m
[1m[37mmsg: 3137 point cloud size: 86400,ts:384.7840746000[0m
[1m[37mmsg: 3138 point cloud size: 86400,ts:384.8840736000[0m
[1m[37mmsg: 3139 point cloud size: 83040,ts:384.9840706000[0m
[1m[37mmsg: 3140 point cloud size: 85920,ts:385.0846343600[0m
[1m[37mmsg: 3141 point cloud size: 86400,ts:385.1840656000[0m
[1m[37mmsg: 3142 point cloud size: 86400,ts:385.2840946000[0m
[1m[37mmsg: 3143 point cloud size: 86400,ts:385.3840526000[0m
[1m[37mmsg: 3144 point cloud size: 86400,ts:385.4840556000[0m
[1m[37mmsg: 3145 point cloud size: 86400,ts:385.5840586000[0m
[1m[37mmsg: 3146 point cloud size: 86400,ts:385.6840536000[0m
[1m[37mmsg: 3147 point cloud size: 86400,ts:385.7840676000[0m
[1m[37mmsg: 3148 point cloud size: 86400,ts:385.8840536000[0m
[1m[37mmsg: 3149 point cloud size: 83040,ts:385.9840406000[0m
[1m[37mmsg: 3150 point cloud size: 85920,ts:386.0846163600[0m
[1m[37mmsg: 3151 point cloud size: 86400,ts:386.1840746000[0m
[1m[37mmsg: 3152 point cloud size: 86400,ts:386.2840716000[0m
[1m[37mmsg: 3153 point cloud size: 86400,ts:386.3840256000[0m
[1m[37mmsg: 3154 point cloud size: 86400,ts:386.4840406000[0m
[1m[37mmsg: 3155 point cloud size: 86400,ts:386.5840636000[0m
[1m[37mmsg: 3156 point cloud size: 86400,ts:386.6840496000[0m
[1m[37mmsg: 3157 point cloud size: 86400,ts:386.7840506000[0m
[1m[37mmsg: 3158 point cloud size: 86400,ts:386.8840636000[0m
[1m[37mmsg: 3159 point cloud size: 83040,ts:386.9840486000[0m
[1m[37mmsg: 3160 point cloud size: 85920,ts:387.0846183600[0m
[1m[37mmsg: 3161 point cloud size: 86400,ts:387.1840636000[0m
[1m[37mmsg: 3162 point cloud size: 86400,ts:387.2840436000[0m
[1m[37mmsg: 3163 point cloud size: 86400,ts:387.3840266000[0m
[1m[37mmsg: 3164 point cloud size: 86400,ts:387.4840256000[0m
[1m[37mmsg: 3165 point cloud size: 86400,ts:387.5840356000[0m
[1m[37mmsg: 3166 point cloud size: 86400,ts:387.6840226000[0m
[1m[37mmsg: 3167 point cloud size: 86400,ts:387.7840226000[0m
[1m[37mmsg: 3168 point cloud size: 86400,ts:387.8840396000[0m
[1m[37mmsg: 3169 point cloud size: 83040,ts:387.9840186000[0m
[1m[37mmsg: 3170 point cloud size: 85920,ts:388.0845853600[0m
[1m[37mmsg: 3171 point cloud size: 86400,ts:388.1840326000[0m
[1m[37mmsg: 3172 point cloud size: 86400,ts:388.2840296000[0m
[1m[37mmsg: 3173 point cloud size: 86400,ts:388.3840306000[0m
[1m[37mmsg: 3174 point cloud size: 86400,ts:388.4840186000[0m
[1m[37mmsg: 3175 point cloud size: 86400,ts:388.5840236000[0m
[1m[37mmsg: 3176 point cloud size: 86400,ts:388.6840096000[0m
[1m[37mmsg: 3177 point cloud size: 86400,ts:388.7840096000[0m
[1m[37mmsg: 3178 point cloud size: 86400,ts:388.8840186000[0m
[1m[37mmsg: 3179 point cloud size: 83040,ts:388.9840166000[0m
[1m[37mmsg: 3180 point cloud size: 85920,ts:389.0845463600[0m
[1m[37mmsg: 3181 point cloud size: 86400,ts:389.1839996000[0m
[1m[37mmsg: 3182 point cloud size: 86400,ts:389.2840056000[0m
[1m[37mmsg: 3183 point cloud size: 86400,ts:389.3839896000[0m
[1m[37mmsg: 3184 point cloud size: 86400,ts:389.4839926000[0m
[1m[37mmsg: 3185 point cloud size: 86400,ts:389.5839966000[0m
[1m[37mmsg: 3186 point cloud size: 86400,ts:389.6840066000[0m
[1m[37mmsg: 3187 point cloud size: 86400,ts:389.7840046000[0m
[1m[37mmsg: 3188 point cloud size: 86400,ts:389.8839706000[0m
[1m[37mmsg: 3189 point cloud size: 83040,ts:389.9840096000[0m
[1m[37mmsg: 3190 point cloud size: 85920,ts:390.0845473600[0m
[1m[37mmsg: 3191 point cloud size: 86400,ts:390.1839826000[0m
[1m[37mmsg: 3192 point cloud size: 86400,ts:390.2839856000[0m
[1m[37mmsg: 3193 point cloud size: 86400,ts:390.3839716000[0m
[1m[37mmsg: 3194 point cloud size: 86400,ts:390.4839796000[0m
[1m[37mmsg: 3195 point cloud size: 86400,ts:390.5839826000[0m
[1m[37mmsg: 3196 point cloud size: 86400,ts:390.6839676000[0m
[1m[37mmsg: 3197 point cloud size: 86400,ts:390.7839736000[0m
[1m[37mmsg: 3198 point cloud size: 86400,ts:390.8839716000[0m
[1m[37mmsg: 3199 point cloud size: 83040,ts:390.9839746000[0m
[1m[37mmsg: 3200 point cloud size: 85920,ts:391.0845483600[0m
[1m[37mmsg: 3201 point cloud size: 86400,ts:391.1839616000[0m
[1m[37mmsg: 3202 point cloud size: 86400,ts:391.2839686000[0m
[1m[37mmsg: 3203 point cloud size: 86400,ts:391.3839696000[0m
[1m[37mmsg: 3204 point cloud size: 86400,ts:391.4839756000[0m
[1m[37mmsg: 3205 point cloud size: 86400,ts:391.5839466000[0m
[1m[37mmsg: 3206 point cloud size: 86400,ts:391.6839746000[0m
[1m[37mmsg: 3207 point cloud size: 86400,ts:391.7839866000[0m
[1m[37mmsg: 3208 point cloud size: 86400,ts:391.8840006000[0m
[1m[37mmsg: 3209 point cloud size: 83136,ts:391.9839556000[0m
[1m[37mmsg: 3210 point cloud size: 85920,ts:392.0844213600[0m
[1m[37mmsg: 3211 point cloud size: 86400,ts:392.1839913600[0m
[1m[37mmsg: 3212 point cloud size: 86400,ts:392.2839673600[0m
[1m[37mmsg: 3213 point cloud size: 86400,ts:392.3839593600[0m
[1m[37mmsg: 3214 point cloud size: 86400,ts:392.4839933600[0m
[1m[37mmsg: 3215 point cloud size: 86400,ts:392.5839583600[0m
[1m[37mmsg: 3216 point cloud size: 86400,ts:392.6839603600[0m
[1m[37mmsg: 3217 point cloud size: 86400,ts:392.7839663600[0m
[1m[37mmsg: 3218 point cloud size: 86400,ts:392.8839583600[0m
[1m[37mmsg: 3219 point cloud size: 83040,ts:392.9839493600[0m
[1m[37mmsg: 3220 point cloud size: 85920,ts:393.0844043600[0m
[1m[37mmsg: 3221 point cloud size: 86400,ts:393.1855563600[0m
[1m[37mmsg: 3222 point cloud size: 86400,ts:393.2839423600[0m
[1m[37mmsg: 3223 point cloud size: 86400,ts:393.3839833600[0m
[1m[37mmsg: 3224 point cloud size: 86400,ts:393.4839723600[0m
[1m[37mmsg: 3225 point cloud size: 86400,ts:393.5839723600[0m
[1m[37mmsg: 3226 point cloud size: 86400,ts:393.6839463600[0m
[1m[37mmsg: 3227 point cloud size: 86400,ts:393.7839503600[0m
[1m[37mmsg: 3228 point cloud size: 86400,ts:393.8839493600[0m
[1m[37mmsg: 3229 point cloud size: 83040,ts:393.9839303600[0m
[1m[37mmsg: 3230 point cloud size: 85920,ts:394.0844053600[0m
[1m[37mmsg: 3231 point cloud size: 86400,ts:394.1839533600[0m
[1m[37mmsg: 3232 point cloud size: 86400,ts:394.2839643600[0m
[1m[37mmsg: 3233 point cloud size: 86400,ts:394.3839413600[0m
[1m[37mmsg: 3234 point cloud size: 86400,ts:394.4839483600[0m
[1m[37mmsg: 3235 point cloud size: 86400,ts:394.5839243600[0m
[1m[37mmsg: 3236 point cloud size: 86400,ts:394.6839633600[0m
[1m[37mmsg: 3237 point cloud size: 86400,ts:394.7839423600[0m
[1m[37mmsg: 3238 point cloud size: 86400,ts:394.8839353600[0m
[1m[37mmsg: 3239 point cloud size: 83040,ts:394.9839473600[0m
[1m[37mmsg: 3240 point cloud size: 85920,ts:395.0843913600[0m
[1m[37mmsg: 3241 point cloud size: 86400,ts:395.1839263600[0m
[1m[37mmsg: 3242 point cloud size: 86400,ts:395.2839243600[0m
[1m[37mmsg: 3243 point cloud size: 86400,ts:395.3839403600[0m
[1m[37mmsg: 3244 point cloud size: 86400,ts:395.4839283600[0m
[1m[37mmsg: 3245 point cloud size: 86400,ts:395.5839193600[0m
[1m[37mmsg: 3246 point cloud size: 86400,ts:395.6839133600[0m
[1m[37mmsg: 3247 point cloud size: 86400,ts:395.7839363600[0m
[1m[37mmsg: 3248 point cloud size: 86400,ts:395.8839343600[0m
[1m[37mmsg: 3249 point cloud size: 83040,ts:395.9839143600[0m
[1m[37mmsg: 3250 point cloud size: 85920,ts:396.0843823600[0m
[1m[37mmsg: 3251 point cloud size: 86400,ts:396.1839173600[0m
[1m[37mmsg: 3252 point cloud size: 86400,ts:396.2839373600[0m
[1m[37mmsg: 3253 point cloud size: 86400,ts:396.3839193600[0m
[1m[37mmsg: 3254 point cloud size: 86400,ts:396.4839203600[0m
[1m[37mmsg: 3255 point cloud size: 86400,ts:396.5839063600[0m
[1m[37mmsg: 3256 point cloud size: 86400,ts:396.6839083600[0m
[1m[37mmsg: 3257 point cloud size: 86400,ts:396.7839153600[0m
[1m[37mmsg: 3258 point cloud size: 86400,ts:396.8838883600[0m
[1m[37mmsg: 3259 point cloud size: 83040,ts:396.9838913600[0m
[1m[37mmsg: 3260 point cloud size: 85920,ts:397.0843523600[0m
[1m[37mmsg: 3261 point cloud size: 86400,ts:397.1838883600[0m
[1m[37mmsg: 3262 point cloud size: 86400,ts:397.2838883600[0m
[1m[37mmsg: 3263 point cloud size: 86400,ts:397.3838963600[0m
[1m[37mmsg: 3264 point cloud size: 86400,ts:397.4838943600[0m
[1m[37mmsg: 3265 point cloud size: 86400,ts:397.5838903600[0m
[1m[37mmsg: 3266 point cloud size: 86400,ts:397.6838973600[0m
[1m[37mmsg: 3267 point cloud size: 86400,ts:397.7838953600[0m
[1m[37mmsg: 3268 point cloud size: 86400,ts:397.8838803600[0m
[1m[37mmsg: 3269 point cloud size: 83040,ts:397.9838773600[0m
[1m[37mmsg: 3270 point cloud size: 85920,ts:398.0843513600[0m
[1m[37mmsg: 3271 point cloud size: 86400,ts:398.1838833600[0m
[1m[37mmsg: 3272 point cloud size: 86400,ts:398.2838723600[0m
[1m[37mmsg: 3273 point cloud size: 86400,ts:398.3838733600[0m
[1m[37mmsg: 3274 point cloud size: 86400,ts:398.4838793600[0m
[1m[37mmsg: 3275 point cloud size: 86400,ts:398.5838713600[0m
[1m[37mmsg: 3276 point cloud size: 86400,ts:398.6838733600[0m
[1m[37mmsg: 3277 point cloud size: 86400,ts:398.7839023600[0m
[1m[37mmsg: 3278 point cloud size: 86400,ts:398.8838813600[0m
[1m[37mmsg: 3279 point cloud size: 83040,ts:398.9838743600[0m
[1m[37mmsg: 3280 point cloud size: 85920,ts:399.0843213600[0m
[1m[37mmsg: 3281 point cloud size: 86400,ts:399.1838733600[0m
[1m[37mmsg: 3282 point cloud size: 86400,ts:399.2838513600[0m
[1m[37mmsg: 3283 point cloud size: 86400,ts:399.3838563600[0m
[1m[37mmsg: 3284 point cloud size: 86400,ts:399.4838713600[0m
[1m[37mmsg: 3285 point cloud size: 86400,ts:399.5838543600[0m
[1m[37mmsg: 3286 point cloud size: 86400,ts:399.6838583600[0m
[1m[37mmsg: 3287 point cloud size: 86400,ts:399.7838583600[0m
[1m[37mmsg: 3288 point cloud size: 86400,ts:399.8838463600[0m
[1m[37mmsg: 3289 point cloud size: 83040,ts:399.9838433600[0m
[1m[37mmsg: 3290 point cloud size: 85920,ts:400.0843153600[0m
[1m[37mmsg: 3291 point cloud size: 86400,ts:400.1838923600[0m
[1m[37mmsg: 3292 point cloud size: 86400,ts:400.2838413600[0m
[1m[37mmsg: 3293 point cloud size: 86400,ts:400.3838713600[0m
[1m[37mmsg: 3294 point cloud size: 86400,ts:400.4838543600[0m
[1m[37mmsg: 3295 point cloud size: 86400,ts:400.5838613600[0m
[1m[37mmsg: 3296 point cloud size: 86400,ts:400.6838663600[0m
[1m[37mmsg: 3297 point cloud size: 86400,ts:400.7838383600[0m
[1m[37mmsg: 3298 point cloud size: 86400,ts:400.8838403600[0m
[1m[37mmsg: 3299 point cloud size: 83040,ts:400.9838323600[0m
[1m[37mmsg: 3300 point cloud size: 85920,ts:401.0842993600[0m
[1m[37mmsg: 3301 point cloud size: 86400,ts:401.1838443600[0m
[1m[37mmsg: 3302 point cloud size: 86400,ts:401.2838233600[0m
[1m[37mmsg: 3303 point cloud size: 86400,ts:401.3838383600[0m
[1m[37mmsg: 3304 point cloud size: 86400,ts:401.4838253600[0m
[1m[37mmsg: 3305 point cloud size: 86400,ts:401.5838263600[0m
[1m[37mmsg: 3306 point cloud size: 86400,ts:401.6838303600[0m
[1m[37mmsg: 3307 point cloud size: 86400,ts:401.7838353600[0m
[1m[37mmsg: 3308 point cloud size: 86400,ts:401.8838243600[0m
[1m[37mmsg: 3309 point cloud size: 83040,ts:401.9838423600[0m
[1m[37mmsg: 3310 point cloud size: 85920,ts:402.0842843600[0m
[1m[37mmsg: 3311 point cloud size: 86400,ts:402.1838053600[0m
[1m[37mmsg: 3312 point cloud size: 86400,ts:402.2838133600[0m
[1m[37mmsg: 3313 point cloud size: 86400,ts:402.3838173600[0m
[1m[37mmsg: 3314 point cloud size: 86400,ts:402.4838013600[0m
[1m[37mmsg: 3315 point cloud size: 86400,ts:402.5838053600[0m
[1m[37mmsg: 3316 point cloud size: 86400,ts:402.6838023600[0m
[1m[37mmsg: 3317 point cloud size: 86400,ts:402.7838063600[0m
[1m[37mmsg: 3318 point cloud size: 86400,ts:402.8838483600[0m
[1m[37mmsg: 3319 point cloud size: 83040,ts:402.9837973600[0m
[1m[37mmsg: 3320 point cloud size: 85920,ts:403.0843093600[0m
[1m[37mmsg: 3321 point cloud size: 86400,ts:403.1837923600[0m
[1m[37mmsg: 3322 point cloud size: 86400,ts:403.2837863600[0m
[1m[37mmsg: 3323 point cloud size: 86400,ts:403.3837953600[0m
[1m[37mmsg: 3324 point cloud size: 86400,ts:403.4838033600[0m
[1m[37mmsg: 3325 point cloud size: 86400,ts:403.5837813600[0m
[1m[37mmsg: 3326 point cloud size: 86400,ts:403.6837923600[0m
[1m[37mmsg: 3327 point cloud size: 86400,ts:403.7837873600[0m
[1m[37mmsg: 3328 point cloud size: 86400,ts:403.8837803600[0m
[1m[37mmsg: 3329 point cloud size: 83040,ts:403.9837843600[0m
[1m[37mmsg: 3330 point cloud size: 85920,ts:404.0842403600[0m
[1m[37mmsg: 3331 point cloud size: 86400,ts:404.1837863600[0m
[1m[37mmsg: 3332 point cloud size: 86400,ts:404.2837713600[0m
[1m[37mmsg: 3333 point cloud size: 86400,ts:404.3837753600[0m
[1m[37mmsg: 3334 point cloud size: 86400,ts:404.4837763600[0m
[1m[37mmsg: 3335 point cloud size: 86400,ts:404.5837703600[0m
[1m[37mmsg: 3336 point cloud size: 86400,ts:404.6838063600[0m
[1m[37mmsg: 3337 point cloud size: 86400,ts:404.7837733600[0m
[1m[37mmsg: 3338 point cloud size: 86400,ts:404.8837603600[0m
[1m[37mmsg: 3339 point cloud size: 83040,ts:404.9837713600[0m
[1m[37mmsg: 3340 point cloud size: 85920,ts:405.0842283600[0m
[1m[37mmsg: 3341 point cloud size: 86400,ts:405.1837623600[0m
[1m[37mmsg: 3342 point cloud size: 86400,ts:405.2837643600[0m
[1m[37mmsg: 3343 point cloud size: 86400,ts:405.3837563600[0m
[1m[37mmsg: 3344 point cloud size: 86400,ts:405.4837543600[0m
[1m[37mmsg: 3345 point cloud size: 86400,ts:405.5837523600[0m
[1m[37mmsg: 3346 point cloud size: 86400,ts:405.6837603600[0m
[1m[37mmsg: 3347 point cloud size: 86400,ts:405.7838053600[0m
[1m[37mmsg: 3348 point cloud size: 86400,ts:405.8837683600[0m
[1m[37mmsg: 3349 point cloud size: 83040,ts:405.9837463600[0m
[1m[37mmsg: 3350 point cloud size: 85920,ts:406.0842103600[0m
[1m[37mmsg: 3351 point cloud size: 86400,ts:406.1837463600[0m
[1m[37mmsg: 3352 point cloud size: 86400,ts:406.2837383600[0m
[1m[37mmsg: 3353 point cloud size: 86400,ts:406.3837513600[0m
[1m[37mmsg: 3354 point cloud size: 86400,ts:406.4837443600[0m
[1m[37mmsg: 3355 point cloud size: 86400,ts:406.5837343600[0m
[1m[37mmsg: 3356 point cloud size: 86400,ts:406.6837373600[0m
[1m[37mmsg: 3357 point cloud size: 86400,ts:406.7837323600[0m
[1m[37mmsg: 3358 point cloud size: 86400,ts:406.8837283600[0m
[1m[37mmsg: 3359 point cloud size: 83040,ts:406.9837303600[0m
[1m[37mmsg: 3360 point cloud size: 85920,ts:407.0841803600[0m
[1m[37mmsg: 3361 point cloud size: 86400,ts:407.1837183600[0m
[1m[37mmsg: 3362 point cloud size: 86400,ts:407.2837253600[0m
[1m[37mmsg: 3363 point cloud size: 86400,ts:407.3837363600[0m
[1m[37mmsg: 3364 point cloud size: 86400,ts:407.4837123600[0m
[1m[37mmsg: 3365 point cloud size: 86400,ts:407.5837173600[0m
[1m[37mmsg: 3366 point cloud size: 86400,ts:407.6837193600[0m
[1m[37mmsg: 3367 point cloud size: 86400,ts:407.7837523600[0m
[1m[37mmsg: 3368 point cloud size: 86400,ts:407.8837423600[0m
[1m[37mmsg: 3369 point cloud size: 83040,ts:407.9837123600[0m
[1m[37mmsg: 3370 point cloud size: 85920,ts:408.0841673600[0m
[1m[37mmsg: 3371 point cloud size: 86400,ts:408.1837063600[0m
[1m[37mmsg: 3372 point cloud size: 86400,ts:408.2837303600[0m
[1m[37mmsg: 3373 point cloud size: 86400,ts:408.3837113600[0m
[1m[37mmsg: 3374 point cloud size: 86400,ts:408.4836993600[0m
[1m[37mmsg: 3375 point cloud size: 86400,ts:408.5837073600[0m
[1m[37mmsg: 3376 point cloud size: 86400,ts:408.6837093600[0m
[1m[37mmsg: 3377 point cloud size: 86400,ts:408.7837103600[0m
[1m[37mmsg: 3378 point cloud size: 86400,ts:408.8836973600[0m
[1m[37mmsg: 3379 point cloud size: 83040,ts:408.9836783600[0m
[1m[37mmsg: 3380 point cloud size: 85920,ts:409.0841513600[0m
[1m[37mmsg: 3381 point cloud size: 86400,ts:409.1836903600[0m
[1m[37mmsg: 3382 point cloud size: 86400,ts:409.2836943600[0m
[1m[37mmsg: 3383 point cloud size: 86400,ts:409.3836953600[0m
[1m[37mmsg: 3384 point cloud size: 86400,ts:409.4836873600[0m
[1m[37mmsg: 3385 point cloud size: 86400,ts:409.5836883600[0m
[1m[37mmsg: 3386 point cloud size: 86400,ts:409.6836863600[0m
[1m[37mmsg: 3387 point cloud size: 86400,ts:409.7836963600[0m
[1m[37mmsg: 3388 point cloud size: 86400,ts:409.8836783600[0m
[1m[37mmsg: 3389 point cloud size: 83040,ts:409.9836843600[0m
[1m[37mmsg: 3390 point cloud size: 85920,ts:410.0841583600[0m
[1m[37mmsg: 3391 point cloud size: 86400,ts:410.1836763600[0m
[1m[37mmsg: 3392 point cloud size: 86400,ts:410.2836823600[0m
[1m[37mmsg: 3393 point cloud size: 86400,ts:410.3836773600[0m
[1m[37mmsg: 3394 point cloud size: 86400,ts:410.4836623600[0m
[1m[37mmsg: 3395 point cloud size: 86400,ts:410.5837003600[0m
[1m[37mmsg: 3396 point cloud size: 86400,ts:410.6837123600[0m
[1m[37mmsg: 3397 point cloud size: 86400,ts:410.7836613600[0m
[1m[37mmsg: 3398 point cloud size: 86400,ts:410.8836783600[0m
[1m[37mmsg: 3399 point cloud size: 83040,ts:410.9836633600[0m
[1m[37mmsg: 3400 point cloud size: 85920,ts:411.0841203600[0m
[1m[37mmsg: 3401 point cloud size: 86400,ts:411.1836763600[0m
[1m[37mmsg: 3402 point cloud size: 86400,ts:411.2836743600[0m
[1m[37mmsg: 3403 point cloud size: 86400,ts:411.3836663600[0m
[1m[37mmsg: 3404 point cloud size: 86400,ts:411.4836713600[0m
[1m[37mmsg: 3405 point cloud size: 86400,ts:411.5836513600[0m
[1m[37mmsg: 3406 point cloud size: 86400,ts:411.6836663600[0m
[1m[37mmsg: 3407 point cloud size: 86400,ts:411.7836723600[0m
[1m[37mmsg: 3408 point cloud size: 86400,ts:411.8836553600[0m
[1m[37mmsg: 3409 point cloud size: 83040,ts:411.9836533600[0m
[1m[37mmsg: 3410 point cloud size: 85920,ts:412.0840943600[0m
[1m[37mmsg: 3411 point cloud size: 86400,ts:412.1836553600[0m
[1m[37mmsg: 3412 point cloud size: 86400,ts:412.2836453600[0m
[1m[37mmsg: 3413 point cloud size: 86400,ts:412.3836523600[0m
[1m[37mmsg: 3414 point cloud size: 86400,ts:412.4836403600[0m
[1m[37mmsg: 3415 point cloud size: 86400,ts:412.5836633600[0m
[1m[37mmsg: 3416 point cloud size: 86400,ts:412.6836653600[0m
[1m[37mmsg: 3417 point cloud size: 86400,ts:412.7836283600[0m
[1m[37mmsg: 3418 point cloud size: 86400,ts:412.8836293600[0m
[1m[37mmsg: 3419 point cloud size: 83040,ts:412.9836433600[0m
[1m[37mmsg: 3420 point cloud size: 85920,ts:413.0840813600[0m
[1m[37mmsg: 3421 point cloud size: 86400,ts:413.1836233600[0m
[1m[37mmsg: 3422 point cloud size: 86400,ts:413.2836353600[0m
[1m[37mmsg: 3423 point cloud size: 86400,ts:413.3836303600[0m
[1m[37mmsg: 3424 point cloud size: 86400,ts:413.4836223600[0m
[1m[37mmsg: 3425 point cloud size: 86400,ts:413.5836263600[0m
[1m[37mmsg: 3426 point cloud size: 86400,ts:413.6836353600[0m
[1m[37mmsg: 3427 point cloud size: 86400,ts:413.7836103600[0m
[1m[37mmsg: 3428 point cloud size: 86400,ts:413.8836123600[0m
[1m[37mmsg: 3429 point cloud size: 83040,ts:413.9836233600[0m
[1m[37mmsg: 3430 point cloud size: 85920,ts:414.0840953600[0m
[1m[37mmsg: 3431 point cloud size: 86400,ts:414.1836063600[0m
[1m[37mmsg: 3432 point cloud size: 86400,ts:414.2836183600[0m
[1m[37mmsg: 3433 point cloud size: 86400,ts:414.3836113600[0m
[1m[37mmsg: 3434 point cloud size: 86400,ts:414.4836073600[0m
[1m[37mmsg: 3435 point cloud size: 86400,ts:414.5835893600[0m
[1m[37mmsg: 3436 point cloud size: 86400,ts:414.6836073600[0m
[1m[37mmsg: 3437 point cloud size: 86400,ts:414.7836003600[0m
[1m[37mmsg: 3438 point cloud size: 86400,ts:414.8835973600[0m
[1m[37mmsg: 3439 point cloud size: 83040,ts:414.9835983600[0m
[1m[37mmsg: 3440 point cloud size: 85920,ts:415.0840553600[0m
[1m[37mmsg: 3441 point cloud size: 86400,ts:415.1836013600[0m
[1m[37mmsg: 3442 point cloud size: 86400,ts:415.2835973600[0m
[1m[37mmsg: 3443 point cloud size: 86400,ts:415.3835953600[0m
[1m[37mmsg: 3444 point cloud size: 86400,ts:415.4835913600[0m
[1m[37mmsg: 3445 point cloud size: 86400,ts:415.5835873600[0m
[1m[37mmsg: 3446 point cloud size: 86400,ts:415.6835723600[0m
[1m[37mmsg: 3447 point cloud size: 86400,ts:415.7835783600[0m
[1m[37mmsg: 3448 point cloud size: 86400,ts:415.8835933600[0m
[1m[37mmsg: 3449 point cloud size: 83040,ts:415.9835823600[0m
[1m[37mmsg: 3450 point cloud size: 85920,ts:416.0840543600[0m
[1m[37mmsg: 3451 point cloud size: 86400,ts:416.1835753600[0m
[1m[37mmsg: 3452 point cloud size: 86400,ts:416.2835773600[0m
[1m[37mmsg: 3453 point cloud size: 86400,ts:416.3835643600[0m
[1m[37mmsg: 3454 point cloud size: 86400,ts:416.4835903600[0m
[1m[37mmsg: 3455 point cloud size: 86400,ts:416.5836003600[0m
[1m[37mmsg: 3456 point cloud size: 86400,ts:416.6836103600[0m
[1m[37mmsg: 3457 point cloud size: 86400,ts:416.7835633600[0m
[1m[37mmsg: 3458 point cloud size: 86400,ts:416.8835693600[0m
[1m[37mmsg: 3459 point cloud size: 83040,ts:416.9835663600[0m
[1m[37mmsg: 3460 point cloud size: 85920,ts:417.0840163600[0m
[1m[37mmsg: 3461 point cloud size: 86400,ts:417.1835593600[0m
[1m[37mmsg: 3462 point cloud size: 86400,ts:417.2835643600[0m
[1m[37mmsg: 3463 point cloud size: 86400,ts:417.3835743600[0m
[1m[37mmsg: 3464 point cloud size: 86400,ts:417.4835533600[0m
[1m[37mmsg: 3465 point cloud size: 86400,ts:417.5835593600[0m
[1m[37mmsg: 3466 point cloud size: 86400,ts:417.6835583600[0m
[1m[37mmsg: 3467 point cloud size: 86400,ts:417.7835513600[0m
[1m[37mmsg: 3468 point cloud size: 86400,ts:417.8835523600[0m
[1m[37mmsg: 3469 point cloud size: 83040,ts:417.9835563600[0m
[1m[37mmsg: 3470 point cloud size: 85920,ts:418.0840033600[0m
[1m[37mmsg: 3471 point cloud size: 86400,ts:418.1835473600[0m
[1m[37mmsg: 3472 point cloud size: 86400,ts:418.2835483600[0m
[1m[37mmsg: 3473 point cloud size: 86400,ts:418.3835543600[0m
[1m[37mmsg: 3474 point cloud size: 86400,ts:418.4835563600[0m
[1m[37mmsg: 3475 point cloud size: 86400,ts:418.5835463600[0m
[1m[37mmsg: 3476 point cloud size: 86400,ts:418.6835443600[0m
[1m[37mmsg: 3477 point cloud size: 86400,ts:418.7835773600[0m
[1m[37mmsg: 3478 point cloud size: 86400,ts:418.8835483600[0m
[1m[37mmsg: 3479 point cloud size: 83040,ts:418.9835373600[0m
[1m[37mmsg: 3480 point cloud size: 85920,ts:419.0840163600[0m
[1m[37mmsg: 3481 point cloud size: 86400,ts:419.1835273600[0m
[1m[37mmsg: 3482 point cloud size: 86400,ts:419.2835133600[0m
[1m[37mmsg: 3483 point cloud size: 86400,ts:419.3835153600[0m
[1m[37mmsg: 3484 point cloud size: 86400,ts:419.4835183600[0m
[1m[37mmsg: 3485 point cloud size: 86400,ts:419.5835213600[0m
[1m[37mmsg: 3486 point cloud size: 86400,ts:419.6835313600[0m
[1m[37mmsg: 3487 point cloud size: 86400,ts:419.7835123600[0m
[1m[37mmsg: 3488 point cloud size: 86400,ts:419.8835223600[0m
[1m[37mmsg: 3489 point cloud size: 83040,ts:419.9835203600[0m
[1m[37mmsg: 3490 point cloud size: 85920,ts:420.0839693600[0m
[1m[37mmsg: 3491 point cloud size: 86400,ts:420.1835153600[0m
[1m[37mmsg: 3492 point cloud size: 86400,ts:420.2835183600[0m
[1m[37mmsg: 3493 point cloud size: 86400,ts:420.3834993600[0m
[1m[37mmsg: 3494 point cloud size: 86400,ts:420.4835083600[0m
[1m[37mmsg: 3495 point cloud size: 86400,ts:420.5834943600[0m
[1m[37mmsg: 3496 point cloud size: 86400,ts:420.6835083600[0m
[1m[37mmsg: 3497 point cloud size: 86400,ts:420.7835033600[0m
[1m[37mmsg: 3498 point cloud size: 86400,ts:420.8835073600[0m
[1m[37mmsg: 3499 point cloud size: 83040,ts:420.9835033600[0m
[1m[37mmsg: 3500 point cloud size: 85920,ts:421.0839653600[0m
[1m[37mmsg: 3501 point cloud size: 86400,ts:421.1834953600[0m
[1m[37mmsg: 3502 point cloud size: 86400,ts:421.2834973600[0m
[1m[37mmsg: 3503 point cloud size: 86400,ts:421.3834873600[0m
[1m[37mmsg: 3504 point cloud size: 86400,ts:421.4834923600[0m
[1m[37mmsg: 3505 point cloud size: 86400,ts:421.5834943600[0m
[1m[37mmsg: 3506 point cloud size: 86400,ts:421.6834833600[0m
[1m[37mmsg: 3507 point cloud size: 86400,ts:421.7835233600[0m
[1m[37mmsg: 3508 point cloud size: 86400,ts:421.8834963600[0m
[1m[37mmsg: 3509 point cloud size: 83040,ts:421.9835093600[0m
[1m[37mmsg: 3510 point cloud size: 85920,ts:422.0839433600[0m
[1m[37mmsg: 3511 point cloud size: 86400,ts:422.1834753600[0m
[1m[37mmsg: 3512 point cloud size: 86400,ts:422.2834673600[0m
[1m[37mmsg: 3513 point cloud size: 86400,ts:422.3834713600[0m
[1m[37mmsg: 3514 point cloud size: 86400,ts:422.4834773600[0m
[1m[37mmsg: 3515 point cloud size: 86400,ts:422.5834773600[0m
[1m[37mmsg: 3516 point cloud size: 86400,ts:422.6834623600[0m
[1m[37mmsg: 3517 point cloud size: 86400,ts:422.7834603600[0m
[1m[37mmsg: 3518 point cloud size: 86400,ts:422.8834763600[0m
[1m[37mmsg: 3519 point cloud size: 83040,ts:422.9834633600[0m
[1m[37mmsg: 3520 point cloud size: 85920,ts:423.0839243600[0m
[1m[37mmsg: 3521 point cloud size: 86400,ts:423.1834673600[0m
[1m[37mmsg: 3522 point cloud size: 86400,ts:423.2834603600[0m
[1m[37mmsg: 3523 point cloud size: 86400,ts:423.3834733600[0m
[1m[37mmsg: 3524 point cloud size: 86400,ts:423.4834573600[0m
[1m[37mmsg: 3525 point cloud size: 86400,ts:423.5834673600[0m
[1m[37mmsg: 3526 point cloud size: 86400,ts:423.6834743600[0m
[1m[37mmsg: 3527 point cloud size: 86400,ts:423.7834543600[0m
[1m[37mmsg: 3528 point cloud size: 86400,ts:423.8834563600[0m
[1m[37mmsg: 3529 point cloud size: 83040,ts:423.9834483600[0m
[1m[37mmsg: 3530 point cloud size: 85920,ts:424.0839013600[0m
[1m[37mmsg: 3531 point cloud size: 86400,ts:424.1834613600[0m
[1m[37mmsg: 3532 point cloud size: 86400,ts:424.2834613600[0m
[1m[37mmsg: 3533 point cloud size: 86400,ts:424.3834373600[0m
[1m[37mmsg: 3534 point cloud size: 86400,ts:424.4834393600[0m
[1m[37mmsg: 3535 point cloud size: 86400,ts:424.5834503600[0m
[1m[37mmsg: 3536 point cloud size: 86400,ts:424.6834293600[0m
[1m[37mmsg: 3537 point cloud size: 86400,ts:424.7834333600[0m
[1m[37mmsg: 3538 point cloud size: 86400,ts:424.8834373600[0m
[1m[37mmsg: 3539 point cloud size: 83040,ts:424.9834223600[0m
[1m[37mmsg: 3540 point cloud size: 85920,ts:425.0838903600[0m
[1m[37mmsg: 3541 point cloud size: 86400,ts:425.1834273600[0m
[1m[37mmsg: 3542 point cloud size: 86400,ts:425.2834133600[0m
[1m[37mmsg: 3543 point cloud size: 86400,ts:425.3834233600[0m
[1m[37mmsg: 3544 point cloud size: 86400,ts:425.4834223600[0m
[1m[37mmsg: 3545 point cloud size: 86400,ts:425.5834273600[0m
[1m[37mmsg: 3546 point cloud size: 86400,ts:425.6834223600[0m
[1m[37mmsg: 3547 point cloud size: 86400,ts:425.7834113600[0m
[1m[37mmsg: 3548 point cloud size: 86400,ts:425.8834233600[0m
[1m[37mmsg: 3549 point cloud size: 83040,ts:425.9834303600[0m
[1m[37mmsg: 3550 point cloud size: 85920,ts:426.0838723600[0m
[1m[37mmsg: 3551 point cloud size: 86400,ts:426.1834113600[0m
[1m[37mmsg: 3552 point cloud size: 86400,ts:426.2834213600[0m
[1m[37mmsg: 3553 point cloud size: 86400,ts:426.3834203600[0m
[1m[37mmsg: 3554 point cloud size: 86400,ts:426.4834113600[0m
[1m[37mmsg: 3555 point cloud size: 86400,ts:426.5834113600[0m
[1m[37mmsg: 3556 point cloud size: 86400,ts:426.6834523600[0m
[1m[37mmsg: 3557 point cloud size: 86400,ts:426.7833983600[0m
[1m[37mmsg: 3558 point cloud size: 86400,ts:426.8833843600[0m
[1m[37mmsg: 3559 point cloud size: 83040,ts:426.9833863600[0m
[1m[37mmsg: 3560 point cloud size: 85920,ts:427.0838513600[0m
[1m[37mmsg: 3561 point cloud size: 86400,ts:427.1834303600[0m
[1m[37mmsg: 3562 point cloud size: 86400,ts:427.2834073600[0m
[1m[37mmsg: 3563 point cloud size: 86400,ts:427.3834013600[0m
[1m[37mmsg: 3564 point cloud size: 86400,ts:427.4833793600[0m
[1m[37mmsg: 3565 point cloud size: 86400,ts:427.5833703600[0m
[1m[37mmsg: 3566 point cloud size: 86400,ts:427.6833773600[0m
[1m[37mmsg: 3567 point cloud size: 86400,ts:427.7833673600[0m
[1m[37mmsg: 3568 point cloud size: 86400,ts:427.8833823600[0m
[1m[37mmsg: 3569 point cloud size: 83040,ts:427.9833983600[0m
[1m[37mmsg: 3570 point cloud size: 85920,ts:428.0838503600[0m
[1m[37mmsg: 3571 point cloud size: 86400,ts:428.1833773600[0m
[1m[37mmsg: 3572 point cloud size: 86400,ts:428.2833663600[0m
[1m[37mmsg: 3573 point cloud size: 86400,ts:428.3833733600[0m
[1m[37mmsg: 3574 point cloud size: 86400,ts:428.4833733600[0m
[1m[37mmsg: 3575 point cloud size: 86400,ts:428.5833703600[0m
[1m[37mmsg: 3576 point cloud size: 86400,ts:428.6833693600[0m
[1m[37mmsg: 3577 point cloud size: 86400,ts:428.7833673600[0m
[1m[37mmsg: 3578 point cloud size: 86400,ts:428.8833663600[0m
[1m[37mmsg: 3579 point cloud size: 83040,ts:428.9833423600[0m
[1m[37mmsg: 3580 point cloud size: 85920,ts:429.0838373600[0m
[1m[37mmsg: 3581 point cloud size: 86400,ts:429.1833483600[0m
[1m[37mmsg: 3582 point cloud size: 86400,ts:429.2833543600[0m
[1m[37mmsg: 3583 point cloud size: 86400,ts:429.3833633600[0m
[1m[37mmsg: 3584 point cloud size: 86400,ts:429.4833653600[0m
[1m[37mmsg: 3585 point cloud size: 86400,ts:429.5833653600[0m
[1m[37mmsg: 3586 point cloud size: 86400,ts:429.6833553600[0m
[1m[37mmsg: 3587 point cloud size: 86400,ts:429.7833483600[0m
[1m[37mmsg: 3588 point cloud size: 86400,ts:429.8833613600[0m
[1m[37mmsg: 3589 point cloud size: 83040,ts:429.9833373600[0m
[1m[37mmsg: 3590 point cloud size: 85920,ts:430.0838303600[0m
[1m[37mmsg: 3591 point cloud size: 86400,ts:430.1833393600[0m
[1m[37mmsg: 3592 point cloud size: 86400,ts:430.2833433600[0m
[1m[37mmsg: 3593 point cloud size: 86400,ts:430.3833343600[0m
[1m[37mmsg: 3594 point cloud size: 86400,ts:430.4833383600[0m
[1m[37mmsg: 3595 point cloud size: 86400,ts:430.5833493600[0m
[1m[37mmsg: 3596 point cloud size: 86400,ts:430.6833283600[0m
[1m[37mmsg: 3597 point cloud size: 86400,ts:430.7833353600[0m
[1m[37mmsg: 3598 point cloud size: 86400,ts:430.8833363600[0m
[1m[37mmsg: 3599 point cloud size: 83040,ts:430.9833193600[0m
[1m[37mmsg: 3600 point cloud size: 85920,ts:431.0838043600[0m
[1m[37mmsg: 3601 point cloud size: 86400,ts:431.1833333600[0m
[1m[37mmsg: 3602 point cloud size: 86400,ts:431.2833123600[0m
[1m[37mmsg: 3603 point cloud size: 86400,ts:431.3833203600[0m
[1m[37mmsg: 3604 point cloud size: 86400,ts:431.4833273600[0m
[1m[37mmsg: 3605 point cloud size: 86400,ts:431.5833263600[0m
[1m[37mmsg: 3606 point cloud size: 86400,ts:431.6833113600[0m
[1m[37mmsg: 3607 point cloud size: 86400,ts:431.7833203600[0m
[1m[37mmsg: 3608 point cloud size: 86400,ts:431.8833263600[0m
[1m[37mmsg: 3609 point cloud size: 83040,ts:431.9833123600[0m
[1m[37mmsg: 3610 point cloud size: 85920,ts:432.0837813600[0m
[1m[37mmsg: 3611 point cloud size: 86400,ts:432.1833013600[0m
[1m[37mmsg: 3612 point cloud size: 86400,ts:432.2842353600[0m
[1m[37mmsg: 3613 point cloud size: 86400,ts:432.3834423600[0m
[1m[37mmsg: 3614 point cloud size: 86400,ts:432.4833483600[0m
[1m[37mmsg: 3615 point cloud size: 86400,ts:432.5833163600[0m
[1m[37mmsg: 3616 point cloud size: 86400,ts:432.6833123600[0m
[1m[37mmsg: 3617 point cloud size: 86400,ts:432.7832993600[0m
[1m[37mmsg: 3618 point cloud size: 86400,ts:432.8833123600[0m
[1m[37mmsg: 3619 point cloud size: 83040,ts:432.9833033600[0m
[1m[37mmsg: 3620 point cloud size: 85920,ts:433.0839723600[0m
[1m[37mmsg: 3621 point cloud size: 86400,ts:433.1832973600[0m
[1m[37mmsg: 3622 point cloud size: 86400,ts:433.2832823600[0m
[1m[37mmsg: 3623 point cloud size: 86400,ts:433.3832783600[0m
[1m[37mmsg: 3624 point cloud size: 86400,ts:433.4833243600[0m
[1m[37mmsg: 3625 point cloud size: 86400,ts:433.5832853600[0m
[1m[37mmsg: 3626 point cloud size: 86400,ts:433.6832833600[0m
[1m[37mmsg: 3627 point cloud size: 86400,ts:433.7832883600[0m
[1m[37mmsg: 3628 point cloud size: 86400,ts:433.8832783600[0m
[1m[37mmsg: 3629 point cloud size: 83040,ts:433.9832783600[0m
[1m[37mmsg: 3630 point cloud size: 85920,ts:434.0837303600[0m
[1m[37mmsg: 3631 point cloud size: 86400,ts:434.1832773600[0m
[1m[37mmsg: 3632 point cloud size: 86400,ts:434.2832543600[0m
[1m[37mmsg: 3633 point cloud size: 86400,ts:434.3832553600[0m
[1m[37mmsg: 3634 point cloud size: 86400,ts:434.4832833600[0m
[1m[37mmsg: 3635 point cloud size: 86400,ts:434.5832533600[0m
[1m[37mmsg: 3636 point cloud size: 86400,ts:434.6832563600[0m
[1m[37mmsg: 3637 point cloud size: 86400,ts:434.7832923600[0m
[1m[37mmsg: 3638 point cloud size: 86400,ts:434.8833313600[0m
[1m[37mmsg: 3639 point cloud size: 83040,ts:434.9832623600[0m
[1m[37mmsg: 3640 point cloud size: 85920,ts:435.0837363600[0m
[1m[37mmsg: 3641 point cloud size: 86400,ts:435.1832663600[0m
[1m[37mmsg: 3642 point cloud size: 86400,ts:435.2832783600[0m
[1m[37mmsg: 3643 point cloud size: 86400,ts:435.3832613600[0m
[1m[37mmsg: 3644 point cloud size: 86400,ts:435.4832693600[0m
[1m[37mmsg: 3645 point cloud size: 86400,ts:435.5832653600[0m
[1m[37mmsg: 3646 point cloud size: 86400,ts:435.6832503600[0m
[1m[37mmsg: 3647 point cloud size: 86400,ts:435.7832563600[0m
[1m[37mmsg: 3648 point cloud size: 86400,ts:435.8832443600[0m
[1m[37mmsg: 3649 point cloud size: 83040,ts:435.9832553600[0m
[1m[37mmsg: 3650 point cloud size: 85920,ts:436.0837143600[0m
[1m[37mmsg: 3651 point cloud size: 86400,ts:436.1832483600[0m
[1m[37mmsg: 3652 point cloud size: 86400,ts:436.2832403600[0m
[1m[37mmsg: 3653 point cloud size: 86400,ts:436.3832273600[0m
[1m[37mmsg: 3654 point cloud size: 86400,ts:436.4832623600[0m
[1m[37mmsg: 3655 point cloud size: 86400,ts:436.5832463600[0m
[1m[37mmsg: 3656 point cloud size: 86400,ts:436.6832393600[0m
[1m[37mmsg: 3657 point cloud size: 86400,ts:436.7832443600[0m
[1m[37mmsg: 3658 point cloud size: 86400,ts:436.8832413600[0m
[1m[37mmsg: 3659 point cloud size: 83040,ts:436.9832243600[0m
[1m[37mmsg: 3660 point cloud size: 85920,ts:437.0837293600[0m
[1m[37mmsg: 3661 point cloud size: 86400,ts:437.1832423600[0m
[1m[37mmsg: 3662 point cloud size: 86400,ts:437.2832183600[0m
[1m[37mmsg: 3663 point cloud size: 86400,ts:437.3832613600[0m
[1m[37mmsg: 3664 point cloud size: 86400,ts:437.4832503600[0m
[1m[37mmsg: 3665 point cloud size: 86400,ts:437.5832273600[0m
[1m[37mmsg: 3666 point cloud size: 86400,ts:437.6832203600[0m
[1m[37mmsg: 3667 point cloud size: 86400,ts:437.7832183600[0m
[1m[37mmsg: 3668 point cloud size: 86400,ts:437.8832033600[0m
[1m[37mmsg: 3669 point cloud size: 83040,ts:437.9832143600[0m
[1m[37mmsg: 3670 point cloud size: 85920,ts:438.0836873600[0m
[1m[37mmsg: 3671 point cloud size: 86400,ts:438.1832033600[0m
[1m[37mmsg: 3672 point cloud size: 86400,ts:438.2832093600[0m
[1m[37mmsg: 3673 point cloud size: 86400,ts:438.3832743600[0m
[1m[37mmsg: 3674 point cloud size: 86400,ts:438.4832173600[0m
[1m[37mmsg: 3675 point cloud size: 86400,ts:438.5832063600[0m
[1m[37mmsg: 3676 point cloud size: 86400,ts:438.6831993600[0m
[1m[37mmsg: 3677 point cloud size: 86400,ts:438.7832113600[0m
[1m[37mmsg: 3678 point cloud size: 86400,ts:438.8831823600[0m
[1m[37mmsg: 3679 point cloud size: 83040,ts:438.9831993600[0m
[1m[37mmsg: 3680 point cloud size: 85920,ts:439.0836683600[0m
[1m[37mmsg: 3681 point cloud size: 86400,ts:439.1832683600[0m
[1m[37mmsg: 3682 point cloud size: 86400,ts:439.2831983600[0m
[1m[37mmsg: 3683 point cloud size: 86400,ts:439.3831943600[0m
[1m[37mmsg: 3684 point cloud size: 86400,ts:439.4831753600[0m
[1m[37mmsg: 3685 point cloud size: 86400,ts:439.5831923600[0m
[1m[37mmsg: 3686 point cloud size: 86400,ts:439.6831853600[0m
[1m[37mmsg: 3687 point cloud size: 86400,ts:439.7831843600[0m
[1m[37mmsg: 3688 point cloud size: 86400,ts:439.8831623600[0m
[1m[37mmsg: 3689 point cloud size: 83040,ts:439.9831833600[0m
[1m[37mmsg: 3690 point cloud size: 85920,ts:440.0836893600[0m
[1m[37mmsg: 3691 point cloud size: 86400,ts:440.1832283600[0m
[1m[37mmsg: 3692 point cloud size: 86400,ts:440.2831783600[0m
[1m[37mmsg: 3693 point cloud size: 86400,ts:440.3831653600[0m
[1m[37mmsg: 3694 point cloud size: 86400,ts:440.4831843600[0m
[1m[37mmsg: 3695 point cloud size: 86400,ts:440.5831983600[0m
[1m[37mmsg: 3696 point cloud size: 86400,ts:440.6831663600[0m
[1m[37mmsg: 3697 point cloud size: 86400,ts:440.7831923600[0m
[1m[37mmsg: 3698 point cloud size: 86400,ts:440.8831603600[0m
[1m[37mmsg: 3699 point cloud size: 83040,ts:440.9831803600[0m
[1m[37mmsg: 3700 point cloud size: 85920,ts:441.0836403600[0m
[1m[37mmsg: 3701 point cloud size: 86400,ts:441.1831533600[0m
[1m[37mmsg: 3702 point cloud size: 86400,ts:441.2831723600[0m
[1m[37mmsg: 3703 point cloud size: 86400,ts:441.3831663600[0m
[1m[37mmsg: 3704 point cloud size: 86400,ts:441.4831683600[0m
[1m[37mmsg: 3705 point cloud size: 86400,ts:441.5831503600[0m
[1m[37mmsg: 3706 point cloud size: 86400,ts:441.6834563600[0m
[1m[37mmsg: 3707 point cloud size: 86400,ts:441.7831603600[0m
[1m[37mmsg: 3708 point cloud size: 86400,ts:441.8832563600[0m
[1m[37mmsg: 3709 point cloud size: 83040,ts:441.9831523600[0m
[1m[37mmsg: 3710 point cloud size: 85920,ts:442.0836043600[0m
[1m[37mmsg: 3711 point cloud size: 86400,ts:442.1831413600[0m
[1m[37mmsg: 3712 point cloud size: 86400,ts:442.2831553600[0m
[1m[37mmsg: 3713 point cloud size: 86400,ts:442.3831413600[0m
[1m[37mmsg: 3714 point cloud size: 86400,ts:442.4831373600[0m
[1m[37mmsg: 3715 point cloud size: 86400,ts:442.5831283600[0m
[1m[37mmsg: 3716 point cloud size: 86400,ts:442.6831963600[0m
[1m[37mmsg: 3717 point cloud size: 86400,ts:442.7831443600[0m
[1m[37mmsg: 3718 point cloud size: 86400,ts:442.8831533600[0m
[1m[37mmsg: 3719 point cloud size: 83040,ts:442.9831323600[0m
[1m[37mmsg: 3720 point cloud size: 85920,ts:443.0835733600[0m
[1m[37mmsg: 3721 point cloud size: 86400,ts:443.1831203600[0m
[1m[37mmsg: 3722 point cloud size: 86400,ts:443.2831203600[0m
[1m[37mmsg: 3723 point cloud size: 86400,ts:443.3831963600[0m
[1m[37mmsg: 3724 point cloud size: 86400,ts:443.4831293600[0m
[1m[37mmsg: 3725 point cloud size: 86400,ts:443.5831313600[0m
[1m[37mmsg: 3726 point cloud size: 86400,ts:443.6831133600[0m
[1m[37mmsg: 3727 point cloud size: 86400,ts:443.7831023600[0m
[1m[37mmsg: 3728 point cloud size: 86400,ts:443.8848573600[0m
[1m[37mmsg: 3729 point cloud size: 83040,ts:443.9831213600[0m
[1m[37mmsg: 3730 point cloud size: 85920,ts:444.0835833600[0m
[1m[37mmsg: 3731 point cloud size: 86400,ts:444.1831713600[0m
[1m[37mmsg: 3732 point cloud size: 86400,ts:444.2831153600[0m
[1m[37mmsg: 3733 point cloud size: 86400,ts:444.3831103600[0m
[1m[37mmsg: 3734 point cloud size: 86400,ts:444.4831303600[0m
[1m[37mmsg: 3735 point cloud size: 86400,ts:444.5830863600[0m
[1m[37mmsg: 3736 point cloud size: 86400,ts:444.6830993600[0m
[1m[37mmsg: 3737 point cloud size: 86400,ts:444.7831513600[0m
[1m[37mmsg: 3738 point cloud size: 86400,ts:444.8830803600[0m
[1m[37mmsg: 3739 point cloud size: 83040,ts:444.9831193600[0m
[1m[37mmsg: 3740 point cloud size: 85920,ts:445.0835803600[0m
[1m[37mmsg: 3741 point cloud size: 86400,ts:445.1830823600[0m
[1m[37mmsg: 3742 point cloud size: 86400,ts:445.2831223600[0m
[1m[37mmsg: 3743 point cloud size: 86400,ts:445.3830913600[0m
[1m[37mmsg: 3744 point cloud size: 86400,ts:445.4830853600[0m
[1m[37mmsg: 3745 point cloud size: 86400,ts:445.5830863600[0m
[1m[37mmsg: 3746 point cloud size: 86400,ts:445.6831033600[0m
[1m[37mmsg: 3747 point cloud size: 86400,ts:445.7831103600[0m
[1m[37mmsg: 3748 point cloud size: 86400,ts:445.8830723600[0m
[1m[37mmsg: 3749 point cloud size: 83040,ts:445.9830923600[0m
[1m[37mmsg: 3750 point cloud size: 85920,ts:446.0835363600[0m
[1m[37mmsg: 3751 point cloud size: 86400,ts:446.1830723600[0m
[1m[37mmsg: 3752 point cloud size: 86400,ts:446.2830753600[0m
[1m[37mmsg: 3753 point cloud size: 86400,ts:446.3830713600[0m
[1m[37mmsg: 3754 point cloud size: 86400,ts:446.4830643600[0m
[1m[37mmsg: 3755 point cloud size: 86400,ts:446.5830683600[0m
[1m[37mmsg: 3756 point cloud size: 86400,ts:446.6830703600[0m
[1m[37mmsg: 3757 point cloud size: 86400,ts:446.7830983600[0m
[1m[37mmsg: 3758 point cloud size: 86400,ts:446.8830573600[0m
[1m[37mmsg: 3759 point cloud size: 83040,ts:446.9830613600[0m
[1m[37mmsg: 3760 point cloud size: 85920,ts:447.0835153600[0m
[1m[37mmsg: 3761 point cloud size: 86400,ts:447.1830503600[0m
[1m[37mmsg: 3762 point cloud size: 86400,ts:447.2830613600[0m
[1m[37mmsg: 3763 point cloud size: 86400,ts:447.3830633600[0m
[1m[37mmsg: 3764 point cloud size: 86400,ts:447.4830443600[0m
[1m[37mmsg: 3765 point cloud size: 86400,ts:447.5830593600[0m
[1m[37mmsg: 3766 point cloud size: 86400,ts:447.6830343600[0m
[1m[37mmsg: 3767 point cloud size: 86400,ts:447.7830543600[0m
[1m[37mmsg: 3768 point cloud size: 86400,ts:447.8830463600[0m
[1m[37mmsg: 3769 point cloud size: 83040,ts:447.9830353600[0m
[1m[37mmsg: 3770 point cloud size: 85920,ts:448.0835023600[0m
[1m[37mmsg: 3771 point cloud size: 86400,ts:448.1830303600[0m
[1m[37mmsg: 3772 point cloud size: 86400,ts:448.2830493600[0m
[1m[37mmsg: 3773 point cloud size: 86400,ts:448.3830553600[0m
[1m[37mmsg: 3774 point cloud size: 86400,ts:448.4830333600[0m
[1m[37mmsg: 3775 point cloud size: 86400,ts:448.5830493600[0m
[1m[37mmsg: 3776 point cloud size: 86400,ts:448.6830853600[0m
[1m[37mmsg: 3777 point cloud size: 86400,ts:448.7830613600[0m
[1m[37mmsg: 3778 point cloud size: 86400,ts:448.8830363600[0m
[1m[37mmsg: 3779 point cloud size: 83040,ts:448.9830283600[0m
[1m[37mmsg: 3780 point cloud size: 85920,ts:449.0834823600[0m
[1m[37mmsg: 3781 point cloud size: 86400,ts:449.1830173600[0m
[1m[37mmsg: 3782 point cloud size: 86400,ts:449.2830373600[0m
[1m[37mmsg: 3783 point cloud size: 86400,ts:449.3830293600[0m
[1m[37mmsg: 3784 point cloud size: 86400,ts:449.4837473600[0m
[1m[37mmsg: 3785 point cloud size: 86400,ts:449.5830213600[0m
[1m[37mmsg: 3786 point cloud size: 86400,ts:449.6830073600[0m
[1m[37mmsg: 3787 point cloud size: 86400,ts:449.7830073600[0m
[1m[37mmsg: 3788 point cloud size: 86400,ts:449.8830093600[0m
[1m[37mmsg: 3789 point cloud size: 83040,ts:449.9830183600[0m
[1m[37mmsg: 3790 point cloud size: 85920,ts:450.0834733600[0m
[1m[37mmsg: 3791 point cloud size: 86400,ts:450.1830123600[0m
[1m[37mmsg: 3792 point cloud size: 86400,ts:450.2830063600[0m
[1m[37mmsg: 3793 point cloud size: 86400,ts:450.3830743600[0m
[1m[37mmsg: 3794 point cloud size: 86400,ts:450.4830053600[0m
[1m[37mmsg: 3795 point cloud size: 86400,ts:450.5830023600[0m
[1m[37mmsg: 3796 point cloud size: 86400,ts:450.6830343600[0m
[1m[37mmsg: 3797 point cloud size: 86400,ts:450.7829963600[0m
[1m[37mmsg: 3798 point cloud size: 86400,ts:450.8829913600[0m
[1m[37mmsg: 3799 point cloud size: 83040,ts:450.9829943600[0m
[1m[37mmsg: 3800 point cloud size: 85920,ts:451.0835093600[0m
[1m[37mmsg: 3801 point cloud size: 86400,ts:451.1829803600[0m
[1m[37mmsg: 3802 point cloud size: 86400,ts:451.2829943600[0m
[1m[37mmsg: 3803 point cloud size: 86400,ts:451.3830243600[0m
[1m[37mmsg: 3804 point cloud size: 86400,ts:451.4830103600[0m
[1m[37mmsg: 3805 point cloud size: 86400,ts:451.5829703600[0m
[1m[37mmsg: 3806 point cloud size: 86400,ts:451.6830313600[0m
[1m[37mmsg: 3807 point cloud size: 86400,ts:451.7830003600[0m
[1m[37mmsg: 3808 point cloud size: 86400,ts:451.8829713600[0m
[1m[37mmsg: 3809 point cloud size: 83040,ts:451.9829693600[0m
[1m[37mmsg: 3810 point cloud size: 85920,ts:452.0834453600[0m
[1m[37mmsg: 3811 point cloud size: 86400,ts:452.1829503600[0m
[1m[37mmsg: 3812 point cloud size: 86400,ts:452.2829763600[0m
[1m[37mmsg: 3813 point cloud size: 86400,ts:452.3829603600[0m
[1m[37mmsg: 3814 point cloud size: 86400,ts:452.4829993600[0m
[1m[37mmsg: 3815 point cloud size: 86400,ts:452.5830223600[0m
[1m[37mmsg: 3816 point cloud size: 86400,ts:452.6829633600[0m
[1m[37mmsg: 3817 point cloud size: 86400,ts:452.7829623600[0m
[1m[37mmsg: 3818 point cloud size: 86400,ts:452.8829943600[0m
[1m[37mmsg: 3819 point cloud size: 83040,ts:452.9829673600[0m
[1m[37mmsg: 3820 point cloud size: 85920,ts:453.0834203600[0m
[1m[37mmsg: 3821 point cloud size: 86400,ts:453.1829543600[0m
[1m[37mmsg: 3822 point cloud size: 86400,ts:453.2829423600[0m
[1m[37mmsg: 3823 point cloud size: 86400,ts:453.3829653600[0m
[1m[37mmsg: 3824 point cloud size: 86400,ts:453.4829783600[0m
[1m[37mmsg: 3825 point cloud size: 86400,ts:453.5829633600[0m
[1m[37mmsg: 3826 point cloud size: 86400,ts:453.6829343600[0m
[1m[37mmsg: 3827 point cloud size: 86400,ts:453.7829733600[0m
[1m[37mmsg: 3828 point cloud size: 86400,ts:453.8829613600[0m
[1m[37mmsg: 3829 point cloud size: 83040,ts:453.9829493600[0m
[1m[37mmsg: 3830 point cloud size: 85920,ts:454.0834333600[0m
[1m[37mmsg: 3831 point cloud size: 86400,ts:454.1829613600[0m
[1m[37mmsg: 3832 point cloud size: 86400,ts:454.2829863600[0m
[1m[37mmsg: 3833 point cloud size: 86400,ts:454.3829393600[0m
[1m[37mmsg: 3834 point cloud size: 86400,ts:454.4829293600[0m
[1m[37mmsg: 3835 point cloud size: 86400,ts:454.5829503600[0m
[1m[37mmsg: 3836 point cloud size: 86400,ts:454.6829073600[0m
[1m[37mmsg: 3837 point cloud size: 86400,ts:454.7829273600[0m
[1m[37mmsg: 3838 point cloud size: 86400,ts:454.8829263600[0m
[1m[37mmsg: 3839 point cloud size: 83040,ts:454.9829263600[0m
[1m[37mmsg: 3840 point cloud size: 85920,ts:455.0833883600[0m
[1m[37mmsg: 3841 point cloud size: 86400,ts:455.1829283600[0m
[1m[37mmsg: 3842 point cloud size: 86400,ts:455.2829253600[0m
[1m[37mmsg: 3843 point cloud size: 86400,ts:455.3829153600[0m
[1m[37mmsg: 3844 point cloud size: 86400,ts:455.4829103600[0m
[1m[37mmsg: 3845 point cloud size: 86400,ts:455.5829363600[0m
[1m[37mmsg: 3846 point cloud size: 86400,ts:455.6828983600[0m
[1m[37mmsg: 3847 point cloud size: 86400,ts:455.7829433600[0m
[1m[37mmsg: 3848 point cloud size: 86400,ts:455.8829163600[0m
[1m[37mmsg: 3849 point cloud size: 83040,ts:455.9829093600[0m
[1m[37mmsg: 3850 point cloud size: 85920,ts:456.0837313600[0m
[1m[37mmsg: 3851 point cloud size: 86400,ts:456.1829213600[0m
[1m[37mmsg: 3852 point cloud size: 86400,ts:456.2839493600[0m
[1m[37mmsg: 3853 point cloud size: 86400,ts:456.3829963600[0m
[1m[37mmsg: 3854 point cloud size: 86400,ts:456.4828983600[0m
[1m[37mmsg: 3855 point cloud size: 86400,ts:456.5829053600[0m
[1m[37mmsg: 3856 point cloud size: 86400,ts:456.6828993600[0m
[1m[37mmsg: 3857 point cloud size: 86400,ts:456.7828983600[0m
[1m[37mmsg: 3858 point cloud size: 86400,ts:456.8829173600[0m
[1m[37mmsg: 3859 point cloud size: 83040,ts:456.9828943600[0m
[1m[37mmsg: 3860 point cloud size: 85920,ts:457.0833883600[0m
[1m[37mmsg: 3861 point cloud size: 86400,ts:457.1828973600[0m
[1m[37mmsg: 3862 point cloud size: 86400,ts:457.2828823600[0m
[1m[37mmsg: 3863 point cloud size: 86400,ts:457.3828753600[0m
[1m[37mmsg: 3864 point cloud size: 86400,ts:457.4828803600[0m
[1m[37mmsg: 3865 point cloud size: 86400,ts:457.5828823600[0m
[1m[37mmsg: 3866 point cloud size: 86400,ts:457.6828723600[0m
[1m[37mmsg: 3867 point cloud size: 86400,ts:457.7828793600[0m
[1m[37mmsg: 3868 point cloud size: 86400,ts:457.8828893600[0m
[1m[37mmsg: 3869 point cloud size: 83040,ts:457.9828673600[0m
[1m[37mmsg: 3870 point cloud size: 85920,ts:458.0833643600[0m
[1m[37mmsg: 3871 point cloud size: 86400,ts:458.1828743600[0m
[1m[37mmsg: 3872 point cloud size: 86400,ts:458.2829023600[0m
[1m[37mmsg: 3873 point cloud size: 86400,ts:458.3828723600[0m
[1m[37mmsg: 3874 point cloud size: 86400,ts:458.4828763600[0m
[1m[37mmsg: 3875 point cloud size: 86400,ts:458.5828883600[0m
[1m[37mmsg: 3876 point cloud size: 86400,ts:458.6828583600[0m
[1m[37mmsg: 3877 point cloud size: 86400,ts:458.7828683600[0m
[1m[37mmsg: 3878 point cloud size: 86400,ts:458.8828623600[0m
[1m[37mmsg: 3879 point cloud size: 83040,ts:458.9828563600[0m
[1m[37mmsg: 3880 point cloud size: 85920,ts:459.0833333600[0m
[1m[37mmsg: 3881 point cloud size: 86400,ts:459.1828523600[0m
[1m[37mmsg: 3882 point cloud size: 86400,ts:459.2828403600[0m
[1m[37mmsg: 3883 point cloud size: 86400,ts:459.3828973600[0m
[1m[37mmsg: 3884 point cloud size: 86400,ts:459.4829113600[0m
[1m[37mmsg: 3885 point cloud size: 86400,ts:459.5828663600[0m
[1m[37mmsg: 3886 point cloud size: 86400,ts:459.6828533600[0m
[1m[37mmsg: 3887 point cloud size: 86400,ts:459.7828463600[0m
[1m[37mmsg: 3888 point cloud size: 86400,ts:459.8828433600[0m
[1m[37mmsg: 3889 point cloud size: 83040,ts:459.9828323600[0m
[1m[37mmsg: 3890 point cloud size: 85920,ts:460.0833373600[0m
[1m[37mmsg: 3891 point cloud size: 86400,ts:460.1828383600[0m
[1m[37mmsg: 3892 point cloud size: 86400,ts:460.2828343600[0m
[1m[37mmsg: 3893 point cloud size: 86400,ts:460.3828543600[0m
[1m[37mmsg: 3894 point cloud size: 86400,ts:460.4828313600[0m
[1m[37mmsg: 3895 point cloud size: 86400,ts:460.5828353600[0m
[1m[37mmsg: 3896 point cloud size: 86400,ts:460.6828303600[0m
[1m[37mmsg: 3897 point cloud size: 86400,ts:460.7828393600[0m
[1m[37mmsg: 3898 point cloud size: 86400,ts:460.8828333600[0m
[1m[37mmsg: 3899 point cloud size: 83040,ts:460.9828483600[0m
[1m[37mmsg: 3900 point cloud size: 85920,ts:461.0832973600[0m
[1m[37mmsg: 3901 point cloud size: 86400,ts:461.1828233600[0m
[1m[37mmsg: 3902 point cloud size: 86400,ts:461.2828483600[0m
[1m[37mmsg: 3903 point cloud size: 86400,ts:461.3828463600[0m
[1m[37mmsg: 3904 point cloud size: 86400,ts:461.4828233600[0m
[1m[37mmsg: 3905 point cloud size: 86400,ts:461.5828223600[0m
[1m[37mmsg: 3906 point cloud size: 86400,ts:461.6828053600[0m
[1m[37mmsg: 3907 point cloud size: 86400,ts:461.7828263600[0m
[1m[37mmsg: 3908 point cloud size: 86400,ts:461.8828043600[0m
[1m[37mmsg: 3909 point cloud size: 83040,ts:461.9827913600[0m
[1m[37mmsg: 3910 point cloud size: 85920,ts:462.0832603600[0m
[1m[37mmsg: 3911 point cloud size: 86400,ts:462.1827873600[0m
[1m[37mmsg: 3912 point cloud size: 86400,ts:462.2828133600[0m
[1m[37mmsg: 3913 point cloud size: 86400,ts:462.3828163600[0m
[1m[37mmsg: 3914 point cloud size: 86400,ts:462.4828043600[0m
[1m[37mmsg: 3915 point cloud size: 86400,ts:462.5827873600[0m
[1m[37mmsg: 3916 point cloud size: 86400,ts:462.6827803600[0m
[1m[37mmsg: 3917 point cloud size: 86400,ts:462.7828153600[0m
[1m[37mmsg: 3918 point cloud size: 86400,ts:462.8828203600[0m
[1m[37mmsg: 3919 point cloud size: 83040,ts:462.9827803600[0m
[1m[37mmsg: 3920 point cloud size: 85920,ts:463.0832553600[0m
[1m[37mmsg: 3921 point cloud size: 86400,ts:463.1827883600[0m
[1m[37mmsg: 3922 point cloud size: 86400,ts:463.2828073600[0m
[1m[37mmsg: 3923 point cloud size: 86400,ts:463.3827783600[0m
[1m[37mmsg: 3924 point cloud size: 86400,ts:463.4828203600[0m
[1m[37mmsg: 3925 point cloud size: 86400,ts:463.5828663600[0m
[1m[37mmsg: 3926 point cloud size: 86400,ts:463.6827663600[0m
[1m[37mmsg: 3927 point cloud size: 86400,ts:463.7827613600[0m
[1m[37mmsg: 3928 point cloud size: 86400,ts:463.8827833600[0m
[1m[37mmsg: 3929 point cloud size: 83040,ts:463.9827723600[0m
[1m[37mmsg: 3930 point cloud size: 85920,ts:464.0832433600[0m
[1m[37mmsg: 3931 point cloud size: 86400,ts:464.1827713600[0m
[1m[37mmsg: 3932 point cloud size: 86400,ts:464.2827813600[0m
[1m[37mmsg: 3933 point cloud size: 86400,ts:464.3827713600[0m
[1m[37mmsg: 3934 point cloud size: 86400,ts:464.4827613600[0m
[1m[37mmsg: 3935 point cloud size: 86400,ts:464.5827793600[0m
[1m[37mmsg: 3936 point cloud size: 86400,ts:464.6827533600[0m
[1m[37mmsg: 3937 point cloud size: 86400,ts:464.7827883600[0m
[1m[37mmsg: 3938 point cloud size: 86400,ts:464.8828093600[0m
[1m[37mmsg: 3939 point cloud size: 83040,ts:464.9828093600[0m
[1m[37mmsg: 3940 point cloud size: 85920,ts:465.0832193600[0m
[1m[37mmsg: 3941 point cloud size: 86400,ts:465.1828493600[0m
[1m[37mmsg: 3942 point cloud size: 86400,ts:465.2827613600[0m
[1m[37mmsg: 3943 point cloud size: 86400,ts:465.3827413600[0m
[1m[37mmsg: 3944 point cloud size: 86400,ts:465.4827953600[0m
[1m[37mmsg: 3945 point cloud size: 86400,ts:465.5827393600[0m
[1m[37mmsg: 3946 point cloud size: 86400,ts:465.6827383600[0m
[1m[37mmsg: 3947 point cloud size: 86400,ts:465.7827463600[0m
[1m[37mmsg: 3948 point cloud size: 86400,ts:465.8827423600[0m
[1m[37mmsg: 3949 point cloud size: 83040,ts:465.9827433600[0m
[1m[37mmsg: 3950 point cloud size: 85920,ts:466.0832013600[0m
[1m[37mmsg: 3951 point cloud size: 86400,ts:466.1827343600[0m
[1m[37mmsg: 3952 point cloud size: 86400,ts:466.2827113600[0m
[1m[37mmsg: 3953 point cloud size: 86400,ts:466.3827183600[0m
[1m[37mmsg: 3954 point cloud size: 86400,ts:466.4827223600[0m
[1m[37mmsg: 3955 point cloud size: 86400,ts:466.5827283600[0m
[1m[37mmsg: 3956 point cloud size: 86400,ts:466.6827313600[0m
[1m[37mmsg: 3957 point cloud size: 86400,ts:466.7827323600[0m
[1m[37mmsg: 3958 point cloud size: 86400,ts:466.8827163600[0m
[1m[37mmsg: 3959 point cloud size: 83040,ts:466.9827713600[0m
[1m[37mmsg: 3960 point cloud size: 85920,ts:467.0831963600[0m
[1m[37mmsg: 3961 point cloud size: 86400,ts:467.1827293600[0m
[1m[37mmsg: 3962 point cloud size: 86400,ts:467.2826963600[0m
[1m[37mmsg: 3963 point cloud size: 86400,ts:467.3827113600[0m
[1m[37mmsg: 3964 point cloud size: 86400,ts:467.4827173600[0m
[1m[37mmsg: 3965 point cloud size: 86400,ts:467.5827543600[0m
[1m[37mmsg: 3966 point cloud size: 86400,ts:467.6827063600[0m
[1m[37mmsg: 3967 point cloud size: 86400,ts:467.7829143600[0m
[1m[37mmsg: 3968 point cloud size: 86400,ts:467.8826893600[0m
[1m[37mmsg: 3969 point cloud size: 83040,ts:467.9827023600[0m
[1m[37mmsg: 3970 point cloud size: 85920,ts:468.0832173600[0m
[1m[37mmsg: 3971 point cloud size: 86400,ts:468.1827073600[0m
[1m[37mmsg: 3972 point cloud size: 86400,ts:468.2827093600[0m
[1m[37mmsg: 3973 point cloud size: 86400,ts:468.3827023600[0m
[1m[37mmsg: 3974 point cloud size: 86400,ts:468.4826723600[0m
[1m[37mmsg: 3975 point cloud size: 86400,ts:468.5827003600[0m
[1m[37mmsg: 3976 point cloud size: 86400,ts:468.6827133600[0m
[1m[37mmsg: 3977 point cloud size: 86400,ts:468.7827113600[0m
[1m[37mmsg: 3978 point cloud size: 86400,ts:468.8827093600[0m
[1m[37mmsg: 3979 point cloud size: 83040,ts:468.9826873600[0m
[1m[37mmsg: 3980 point cloud size: 85920,ts:469.0831683600[0m
[1m[37mmsg: 3981 point cloud size: 86400,ts:469.1826903600[0m
[1m[37mmsg: 3982 point cloud size: 86400,ts:469.2826843600[0m
[1m[37mmsg: 3983 point cloud size: 86400,ts:469.3826863600[0m
[1m[37mmsg: 3984 point cloud size: 86400,ts:469.4826803600[0m
[1m[37mmsg: 3985 point cloud size: 86400,ts:469.5827213600[0m
[1m[37mmsg: 3986 point cloud size: 86400,ts:469.6826663600[0m
[1m[37mmsg: 3987 point cloud size: 86400,ts:469.7826803600[0m
[1m[37mmsg: 3988 point cloud size: 86400,ts:469.8826573600[0m
[1m[37mmsg: 3989 point cloud size: 83040,ts:469.9826993600[0m
[1m[37mmsg: 3990 point cloud size: 85920,ts:470.0832133600[0m
[1m[37mmsg: 3991 point cloud size: 86400,ts:470.1826893600[0m
[1m[37mmsg: 3992 point cloud size: 86400,ts:470.2826773600[0m
[1m[37mmsg: 3993 point cloud size: 86400,ts:470.3826543600[0m
[1m[37mmsg: 3994 point cloud size: 86400,ts:470.4827013600[0m
[1m[37mmsg: 3995 point cloud size: 86400,ts:470.5826533600[0m
[1m[37mmsg: 3996 point cloud size: 86400,ts:470.6826523600[0m
[1m[37mmsg: 3997 point cloud size: 86400,ts:470.7826663600[0m
[1m[37mmsg: 3998 point cloud size: 86400,ts:470.8827383600[0m
[1m[37mmsg: 3999 point cloud size: 83040,ts:470.9827213600[0m
[1m[37mmsg: 4000 point cloud size: 85920,ts:471.0831703600[0m
[1m[37mmsg: 4001 point cloud size: 86400,ts:471.1826773600[0m
[1m[37mmsg: 4002 point cloud size: 86400,ts:471.2826703600[0m
[1m[37mmsg: 4003 point cloud size: 86400,ts:471.3826513600[0m
[1m[37mmsg: 4004 point cloud size: 86400,ts:471.4826463600[0m
[1m[37mmsg: 4005 point cloud size: 86400,ts:471.5826313600[0m
[1m[37mmsg: 4006 point cloud size: 86400,ts:471.6826503600[0m
[1m[37mmsg: 4007 point cloud size: 86400,ts:471.7826303600[0m
[1m[37mmsg: 4008 point cloud size: 86400,ts:471.8826513600[0m
[1m[37mmsg: 4009 point cloud size: 83040,ts:471.9826433600[0m
[1m[37mmsg: 4010 point cloud size: 85920,ts:472.0837863600[0m
[1m[37mmsg: 4011 point cloud size: 86400,ts:472.1826453600[0m
[1m[37mmsg: 4012 point cloud size: 86400,ts:472.2826453600[0m
[1m[37mmsg: 4013 point cloud size: 86400,ts:472.3826763600[0m
[1m[37mmsg: 4014 point cloud size: 86400,ts:472.4830223600[0m
[1m[37mmsg: 4015 point cloud size: 86400,ts:472.5826413600[0m
[1m[37mmsg: 4016 point cloud size: 86400,ts:472.6826113600[0m
[1m[37mmsg: 4017 point cloud size: 86400,ts:472.7826243600[0m
[1m[37mmsg: 4018 point cloud size: 86400,ts:472.8826033600[0m
[1m[37mmsg: 4019 point cloud size: 83040,ts:472.9826093600[0m
[1m[37mmsg: 4020 point cloud size: 85920,ts:473.0831313600[0m
[1m[37mmsg: 4021 point cloud size: 86400,ts:473.1826293600[0m
[1m[37mmsg: 4022 point cloud size: 86400,ts:473.2826063600[0m
[1m[37mmsg: 4023 point cloud size: 86400,ts:473.3826463600[0m
[1m[37mmsg: 4024 point cloud size: 86400,ts:473.4826053600[0m
[1m[37mmsg: 4025 point cloud size: 86400,ts:473.5826033600[0m
[1m[37mmsg: 4026 point cloud size: 86400,ts:473.6826173600[0m
[1m[37mmsg: 4027 point cloud size: 86400,ts:473.7826113600[0m
[1m[37mmsg: 4028 point cloud size: 86400,ts:473.8826133600[0m
[1m[37mmsg: 4029 point cloud size: 83040,ts:473.9826043600[0m
[1m[37mmsg: 4030 point cloud size: 85920,ts:474.0830563600[0m
[1m[37mmsg: 4031 point cloud size: 86400,ts:474.1826153600[0m
[1m[37mmsg: 4032 point cloud size: 86400,ts:474.2825923600[0m
[1m[37mmsg: 4033 point cloud size: 86400,ts:474.3825903600[0m
[1m[37mmsg: 4034 point cloud size: 86400,ts:474.4826043600[0m
[1m[37mmsg: 4035 point cloud size: 86400,ts:474.5826293600[0m
[1m[37mmsg: 4036 point cloud size: 86400,ts:474.6825873600[0m
[1m[37mmsg: 4037 point cloud size: 86400,ts:474.7830423600[0m
[1m[37mmsg: 4038 point cloud size: 86400,ts:474.8826083600[0m
[1m[37mmsg: 4039 point cloud size: 83040,ts:474.9825783600[0m
[1m[37mmsg: 4040 point cloud size: 85920,ts:475.0830403600[0m
[1m[37mmsg: 4041 point cloud size: 86400,ts:475.1826093600[0m
[1m[37mmsg: 4042 point cloud size: 86400,ts:475.2825863600[0m
[1m[37mmsg: 4043 point cloud size: 86400,ts:475.3826153600[0m
[1m[37mmsg: 4044 point cloud size: 86400,ts:475.4825633600[0m
[1m[37mmsg: 4045 point cloud size: 86400,ts:475.5825803600[0m
[1m[37mmsg: 4046 point cloud size: 86400,ts:475.6826023600[0m
[1m[37mmsg: 4047 point cloud size: 86400,ts:475.7825703600[0m
[1m[37mmsg: 4048 point cloud size: 86400,ts:475.8825533600[0m
[1m[37mmsg: 4049 point cloud size: 83040,ts:475.9825673600[0m
[1m[37mmsg: 4050 point cloud size: 85920,ts:476.0830353600[0m
[1m[37mmsg: 4051 point cloud size: 86400,ts:476.1825473600[0m
[1m[37mmsg: 4052 point cloud size: 86400,ts:476.2825693600[0m
[1m[37mmsg: 4053 point cloud size: 86400,ts:476.3825793600[0m
[1m[37mmsg: 4054 point cloud size: 86400,ts:476.4825883600[0m
[1m[37mmsg: 4055 point cloud size: 86400,ts:476.5825643600[0m
[1m[37mmsg: 4056 point cloud size: 86400,ts:476.6825753600[0m
[1m[37mmsg: 4057 point cloud size: 86400,ts:476.7825613600[0m
[1m[37mmsg: 4058 point cloud size: 86400,ts:476.8825953600[0m
[1m[37mmsg: 4059 point cloud size: 83040,ts:476.9826153600[0m
[1m[37mmsg: 4060 point cloud size: 85920,ts:477.0830393600[0m
[1m[37mmsg: 4061 point cloud size: 86400,ts:477.1825473600[0m
[1m[37mmsg: 4062 point cloud size: 86400,ts:477.2825663600[0m
[1m[37mmsg: 4063 point cloud size: 86400,ts:477.3825743600[0m
[1m[37mmsg: 4064 point cloud size: 86400,ts:477.4825523600[0m
[1m[37mmsg: 4065 point cloud size: 86400,ts:477.5825683600[0m
[1m[37mmsg: 4066 point cloud size: 86400,ts:477.6825453600[0m
[1m[37mmsg: 4067 point cloud size: 86400,ts:477.7825853600[0m
[1m[37mmsg: 4068 point cloud size: 86400,ts:477.8825343600[0m
[1m[37mmsg: 4069 point cloud size: 83040,ts:477.9825313600[0m
[1m[37mmsg: 4070 point cloud size: 85920,ts:478.0830403600[0m
[1m[37mmsg: 4071 point cloud size: 86400,ts:478.1825323600[0m
[1m[37mmsg: 4072 point cloud size: 86400,ts:478.2825113600[0m
[1m[37mmsg: 4073 point cloud size: 86400,ts:478.3825233600[0m
[1m[37mmsg: 4074 point cloud size: 86400,ts:478.4825613600[0m
[1m[37mmsg: 4075 point cloud size: 86400,ts:478.5825513600[0m
[1m[37mmsg: 4076 point cloud size: 86400,ts:478.6825263600[0m
[1m[37mmsg: 4077 point cloud size: 86400,ts:478.7825333600[0m
[1m[37mmsg: 4078 point cloud size: 86400,ts:478.8825243600[0m
[1m[37mmsg: 4079 point cloud size: 83040,ts:478.9825353600[0m
[1m[37mmsg: 4080 point cloud size: 85920,ts:479.0830253600[0m
[1m[37mmsg: 4081 point cloud size: 86400,ts:479.1825193600[0m
[1m[37mmsg: 4082 point cloud size: 86400,ts:479.2825093600[0m
[1m[37mmsg: 4083 point cloud size: 86400,ts:479.3824973600[0m
[1m[37mmsg: 4084 point cloud size: 86400,ts:479.4825033600[0m
[1m[37mmsg: 4085 point cloud size: 86400,ts:479.5824933600[0m
[1m[37mmsg: 4086 point cloud size: 86400,ts:479.6825253600[0m
[1m[37mmsg: 4087 point cloud size: 86400,ts:479.7824993600[0m
[1m[37mmsg: 4088 point cloud size: 86400,ts:479.8825453600[0m
[1m[37mmsg: 4089 point cloud size: 83040,ts:479.9825263600[0m
[1m[37mmsg: 4090 point cloud size: 85920,ts:480.0829643600[0m
[1m[37mmsg: 4091 point cloud size: 86400,ts:480.1824993600[0m
[1m[37mmsg: 4092 point cloud size: 86400,ts:480.2824873600[0m
[1m[37mmsg: 4093 point cloud size: 86400,ts:480.3824973600[0m
[1m[37mmsg: 4094 point cloud size: 86400,ts:480.4825123600[0m
[1m[37mmsg: 4095 point cloud size: 86400,ts:480.5824823600[0m
[1m[37mmsg: 4096 point cloud size: 86400,ts:480.6824903600[0m
[1m[37mmsg: 4097 point cloud size: 86400,ts:480.7824623600[0m
[1m[37mmsg: 4098 point cloud size: 86400,ts:480.8825023600[0m
[1m[37mmsg: 4099 point cloud size: 83040,ts:480.9824933600[0m
[1m[37mmsg: 4100 point cloud size: 85920,ts:481.0830623600[0m
[1m[37mmsg: 4101 point cloud size: 86400,ts:481.1824733600[0m
[1m[37mmsg: 4102 point cloud size: 86400,ts:481.2824843600[0m
[1m[37mmsg: 4103 point cloud size: 86400,ts:481.3824763600[0m
[1m[37mmsg: 4104 point cloud size: 86400,ts:481.4824813600[0m
[1m[37mmsg: 4105 point cloud size: 86400,ts:481.5824653600[0m
[1m[37mmsg: 4106 point cloud size: 86400,ts:481.6824793600[0m
[1m[37mmsg: 4107 point cloud size: 86400,ts:481.7824783600[0m
[1m[37mmsg: 4108 point cloud size: 86400,ts:481.8824723600[0m
[1m[37mmsg: 4109 point cloud size: 83040,ts:481.9824523600[0m
[1m[37mmsg: 4110 point cloud size: 85920,ts:482.0829473600[0m
[1m[37mmsg: 4111 point cloud size: 86400,ts:482.1824773600[0m
[1m[37mmsg: 4112 point cloud size: 86400,ts:482.2834683600[0m
[1m[37mmsg: 4113 point cloud size: 86400,ts:482.3824413600[0m
[1m[37mmsg: 4114 point cloud size: 86400,ts:482.4824353600[0m
[1m[37mmsg: 4115 point cloud size: 86400,ts:482.5824463600[0m
[1m[37mmsg: 4116 point cloud size: 86400,ts:482.6824423600[0m
[1m[37mmsg: 4117 point cloud size: 86400,ts:482.7824753600[0m
[1m[37mmsg: 4118 point cloud size: 86400,ts:482.8824603600[0m
[1m[37mmsg: 4119 point cloud size: 83040,ts:482.9824493600[0m
[1m[37mmsg: 4120 point cloud size: 85920,ts:483.0829413600[0m
[1m[37mmsg: 4121 point cloud size: 86400,ts:483.1824383600[0m
[1m[37mmsg: 4122 point cloud size: 86400,ts:483.2824603600[0m
[1m[37mmsg: 4123 point cloud size: 86400,ts:483.3824723600[0m
[1m[37mmsg: 4124 point cloud size: 86400,ts:483.4824353600[0m
[1m[37mmsg: 4125 point cloud size: 86400,ts:483.5824273600[0m
[1m[37mmsg: 4126 point cloud size: 86400,ts:483.6824523600[0m
[1m[37mmsg: 4127 point cloud size: 86400,ts:483.7824563600[0m
[1m[37mmsg: 4128 point cloud size: 86400,ts:483.8824473600[0m
[1m[37mmsg: 4129 point cloud size: 83040,ts:483.9824293600[0m
[1m[37mmsg: 4130 point cloud size: 85920,ts:484.0828973600[0m
[1m[37mmsg: 4131 point cloud size: 86400,ts:484.1824503600[0m
[1m[37mmsg: 4132 point cloud size: 86400,ts:484.2824743600[0m
[1m[37mmsg: 4133 point cloud size: 86400,ts:484.3824263600[0m
[1m[37mmsg: 4134 point cloud size: 86400,ts:484.4824913600[0m
[1m[37mmsg: 4135 point cloud size: 86400,ts:484.5824253600[0m
[1m[37mmsg: 4136 point cloud size: 86400,ts:484.6824233600[0m
[1m[37mmsg: 4137 point cloud size: 86400,ts:484.7824273600[0m
[1m[37mmsg: 4138 point cloud size: 86400,ts:484.8824253600[0m
[1m[37mmsg: 4139 point cloud size: 83040,ts:484.9824123600[0m
[1m[37mmsg: 4140 point cloud size: 85920,ts:485.0828853600[0m
[1m[37mmsg: 4141 point cloud size: 86400,ts:485.1824183600[0m
[1m[37mmsg: 4142 point cloud size: 86400,ts:485.2824073600[0m
[1m[37mmsg: 4143 point cloud size: 86400,ts:485.3823923600[0m
[1m[37mmsg: 4144 point cloud size: 86400,ts:485.4824023600[0m
[1m[37mmsg: 4145 point cloud size: 86400,ts:485.5824743600[0m
[1m[37mmsg: 4146 point cloud size: 86400,ts:485.6824453600[0m
[1m[37mmsg: 4147 point cloud size: 86400,ts:485.7824023600[0m
[1m[37mmsg: 4148 point cloud size: 86400,ts:485.8823943600[0m
[1m[37mmsg: 4149 point cloud size: 83040,ts:485.9824193600[0m
[1m[37mmsg: 4150 point cloud size: 85920,ts:486.0828443600[0m
[1m[37mmsg: 4151 point cloud size: 86400,ts:486.1823743600[0m
[1m[37mmsg: 4152 point cloud size: 86400,ts:486.2823923600[0m
[1m[37mmsg: 4153 point cloud size: 86400,ts:486.3824003600[0m
[1m[37mmsg: 4154 point cloud size: 86400,ts:486.4824433600[0m
[1m[37mmsg: 4155 point cloud size: 86400,ts:486.5823773600[0m
[1m[37mmsg: 4156 point cloud size: 86400,ts:486.6823733600[0m
[1m[37mmsg: 4157 point cloud size: 86400,ts:486.7823943600[0m
[1m[37mmsg: 4158 point cloud size: 86400,ts:486.8823793600[0m
[1m[37mmsg: 4159 point cloud size: 83040,ts:486.9823683600[0m
[1m[37mmsg: 4160 point cloud size: 85920,ts:487.0828753600[0m
[1m[37mmsg: 4161 point cloud size: 86400,ts:487.1823933600[0m
[1m[37mmsg: 4162 point cloud size: 86400,ts:487.2823803600[0m
[1m[37mmsg: 4163 point cloud size: 86400,ts:487.3823823600[0m
[1m[37mmsg: 4164 point cloud size: 86400,ts:487.4824183600[0m
[1m[37mmsg: 4165 point cloud size: 86400,ts:487.5823703600[0m
[1m[37mmsg: 4166 point cloud size: 86400,ts:487.6823803600[0m
[1m[37mmsg: 4167 point cloud size: 86400,ts:487.7823493600[0m
[1m[37mmsg: 4168 point cloud size: 86400,ts:487.8824033600[0m
[1m[37mmsg: 4169 point cloud size: 83040,ts:487.9823833600[0m
[1m[37mmsg: 4170 point cloud size: 85920,ts:488.0828283600[0m
[1m[37mmsg: 4171 point cloud size: 86400,ts:488.1823433600[0m
[1m[37mmsg: 4172 point cloud size: 86400,ts:488.2825153600[0m
[1m[37mmsg: 4173 point cloud size: 86400,ts:488.3823573600[0m
[1m[37mmsg: 4174 point cloud size: 86400,ts:488.4824823600[0m
[1m[37mmsg: 4175 point cloud size: 86400,ts:488.5823423600[0m
[1m[37mmsg: 4176 point cloud size: 86400,ts:488.6823283600[0m
[1m[37mmsg: 4177 point cloud size: 86400,ts:488.7841103600[0m
[1m[37mmsg: 4178 point cloud size: 86400,ts:488.8824353600[0m
[1m[37mmsg: 4179 point cloud size: 83040,ts:488.9823553600[0m
[1m[37mmsg: 4180 point cloud size: 85920,ts:489.0828153600[0m
[1m[37mmsg: 4181 point cloud size: 86400,ts:489.1823493600[0m
[1m[37mmsg: 4182 point cloud size: 86400,ts:489.2823323600[0m
[1m[37mmsg: 4183 point cloud size: 86400,ts:489.3823413600[0m
[1m[37mmsg: 4184 point cloud size: 86400,ts:489.4823463600[0m
[1m[37mmsg: 4185 point cloud size: 86400,ts:489.5823453600[0m
[1m[37mmsg: 4186 point cloud size: 86400,ts:489.6823153600[0m
[1m[37mmsg: 4187 point cloud size: 86400,ts:489.7844033600[0m
[1m[37mmsg: 4188 point cloud size: 86400,ts:489.8824613600[0m
[1m[37mmsg: 4189 point cloud size: 83040,ts:489.9823253600[0m
[1m[37mmsg: 4190 point cloud size: 85920,ts:490.0827763600[0m
[1m[37mmsg: 4191 point cloud size: 86400,ts:490.1823213600[0m
[1m[37mmsg: 4192 point cloud size: 86400,ts:490.2822973600[0m
[1m[37mmsg: 4193 point cloud size: 86400,ts:490.3825273600[0m
[1m[37mmsg: 4194 point cloud size: 86400,ts:490.4823383600[0m
[1m[37mmsg: 4195 point cloud size: 86400,ts:490.5823223600[0m
[1m[37mmsg: 4196 point cloud size: 86400,ts:490.6848153600[0m
[1m[37mmsg: 4197 point cloud size: 86400,ts:490.7823093600[0m
[1m[37mmsg: 4198 point cloud size: 86400,ts:490.8823443600[0m
[1m[37mmsg: 4199 point cloud size: 83040,ts:490.9823383600[0m
[1m[37mmsg: 4200 point cloud size: 85920,ts:491.0827743600[0m
[1m[37mmsg: 4201 point cloud size: 86400,ts:491.1823283600[0m
[1m[37mmsg: 4202 point cloud size: 86400,ts:491.2822963600[0m
[1m[37mmsg: 4203 point cloud size: 86400,ts:491.3823053600[0m
[1m[37mmsg: 4204 point cloud size: 86400,ts:491.4823523600[0m
[1m[37mmsg: 4205 point cloud size: 86400,ts:491.5823183600[0m
[1m[37mmsg: 4206 point cloud size: 86400,ts:491.6823953600[0m
[1m[37mmsg: 4207 point cloud size: 86400,ts:491.7823373600[0m
[1m[37mmsg: 4208 point cloud size: 86400,ts:491.8823693600[0m
[1m[37mmsg: 4209 point cloud size: 83040,ts:491.9823293600[0m
[1m[37mmsg: 4210 point cloud size: 85920,ts:492.0827673600[0m
[1m[37mmsg: 4211 point cloud size: 86400,ts:492.1822963600[0m
[1m[37mmsg: 4212 point cloud size: 86400,ts:492.2823053600[0m
[1m[37mmsg: 4213 point cloud size: 86400,ts:492.3822833600[0m
[1m[37mmsg: 4214 point cloud size: 86400,ts:492.4822803600[0m
[1m[37mmsg: 4215 point cloud size: 86400,ts:492.5822953600[0m
[1m[37mmsg: 4216 point cloud size: 86400,ts:492.6823003600[0m
[1m[37mmsg: 4217 point cloud size: 86400,ts:492.7822823600[0m
[1m[37mmsg: 4218 point cloud size: 86400,ts:492.8822903600[0m
[1m[37mmsg: 4219 point cloud size: 83040,ts:492.9823323600[0m
[1m[37mmsg: 4220 point cloud size: 85920,ts:493.0827393600[0m
[1m[37mmsg: 4221 point cloud size: 86400,ts:493.1822813600[0m
[1m[37mmsg: 4222 point cloud size: 86400,ts:493.2822563600[0m
[1m[37mmsg: 4223 point cloud size: 86400,ts:493.3822843600[0m
[1m[37mmsg: 4224 point cloud size: 86400,ts:493.4822823600[0m
[1m[37mmsg: 4225 point cloud size: 86400,ts:493.5822403600[0m
[1m[37mmsg: 4226 point cloud size: 86400,ts:493.6822633600[0m
[1m[37mmsg: 4227 point cloud size: 86400,ts:493.7822683600[0m
[1m[37mmsg: 4228 point cloud size: 86400,ts:493.8822663600[0m
[1m[37mmsg: 4229 point cloud size: 83040,ts:493.9822563600[0m
[1m[37mmsg: 4230 point cloud size: 85920,ts:494.0827553600[0m
[1m[37mmsg: 4231 point cloud size: 86400,ts:494.1822813600[0m
[1m[37mmsg: 4232 point cloud size: 86400,ts:494.2822873600[0m
[1m[37mmsg: 4233 point cloud size: 86400,ts:494.3822483600[0m
[1m[37mmsg: 4234 point cloud size: 86400,ts:494.4822313600[0m
[1m[37mmsg: 4235 point cloud size: 86400,ts:494.5822673600[0m
[1m[37mmsg: 4236 point cloud size: 86400,ts:494.6822243600[0m
[1m[37mmsg: 4237 point cloud size: 86400,ts:494.7822593600[0m
[1m[37mmsg: 4238 point cloud size: 86400,ts:494.8822263600[0m
[1m[37mmsg: 4239 point cloud size: 83040,ts:494.9822293600[0m
[1m[37mmsg: 4240 point cloud size: 85920,ts:495.0826973600[0m
[1m[37mmsg: 4241 point cloud size: 86400,ts:495.1822333600[0m
[1m[37mmsg: 4242 point cloud size: 86400,ts:495.2822593600[0m
[1m[37mmsg: 4243 point cloud size: 86400,ts:495.3822613600[0m
[1m[37mmsg: 4244 point cloud size: 86400,ts:495.4822533600[0m
[1m[37mmsg: 4245 point cloud size: 86400,ts:495.5822413600[0m
[1m[37mmsg: 4246 point cloud size: 86400,ts:495.6822353600[0m
[1m[37mmsg: 4247 point cloud size: 86400,ts:495.7822443600[0m
[1m[37mmsg: 4248 point cloud size: 86400,ts:495.8822143600[0m
[1m[37mmsg: 4249 point cloud size: 83040,ts:495.9822113600[0m
[1m[37mmsg: 4250 point cloud size: 85920,ts:496.0826743600[0m
[1m[37mmsg: 4251 point cloud size: 86400,ts:496.1822373600[0m
[1m[37mmsg: 4252 point cloud size: 86400,ts:496.2821963600[0m
[1m[37mmsg: 4253 point cloud size: 86400,ts:496.3822173600[0m
[1m[37mmsg: 4254 point cloud size: 86400,ts:496.4822143600[0m
[1m[37mmsg: 4255 point cloud size: 86400,ts:496.5822713600[0m
[1m[37mmsg: 4256 point cloud size: 86400,ts:496.6822123600[0m
[1m[37mmsg: 4257 point cloud size: 86400,ts:496.7822143600[0m
[1m[37mmsg: 4258 point cloud size: 86400,ts:496.8822223600[0m
[1m[37mmsg: 4259 point cloud size: 83040,ts:496.9821933600[0m
[1m[37mmsg: 4260 point cloud size: 85920,ts:497.0826913600[0m
[1m[37mmsg: 4261 point cloud size: 86400,ts:497.1822223600[0m
[1m[37mmsg: 4262 point cloud size: 86400,ts:497.2822253600[0m
[1m[37mmsg: 4263 point cloud size: 86400,ts:497.3821933600[0m
[1m[37mmsg: 4264 point cloud size: 86400,ts:497.4822003600[0m
[1m[37mmsg: 4265 point cloud size: 86400,ts:497.5821893600[0m
[1m[37mmsg: 4266 point cloud size: 86400,ts:497.6821893600[0m
[1m[37mmsg: 4267 point cloud size: 86400,ts:497.7821953600[0m
[1m[37mmsg: 4268 point cloud size: 86400,ts:497.8821943600[0m
[1m[37mmsg: 4269 point cloud size: 83040,ts:497.9821913600[0m
[1m[37mmsg: 4270 point cloud size: 85920,ts:498.0826533600[0m
[1m[37mmsg: 4271 point cloud size: 86400,ts:498.1821623600[0m
[1m[37mmsg: 4272 point cloud size: 86400,ts:498.2821673600[0m
[1m[37mmsg: 4273 point cloud size: 86400,ts:498.3821863600[0m
[1m[37mmsg: 4274 point cloud size: 86400,ts:498.4821933600[0m
[1m[37mmsg: 4275 point cloud size: 86400,ts:498.5821793600[0m
[1m[37mmsg: 4276 point cloud size: 86400,ts:498.6821673600[0m
[1m[37mmsg: 4277 point cloud size: 86400,ts:498.7822453600[0m
[1m[37mmsg: 4278 point cloud size: 86400,ts:498.8822283600[0m
[1m[37mmsg: 4279 point cloud size: 83040,ts:498.9821613600[0m
[1m[37mmsg: 4280 point cloud size: 85920,ts:499.0826513600[0m
[1m[37mmsg: 4281 point cloud size: 86400,ts:499.1821743600[0m
[1m[37mmsg: 4282 point cloud size: 86400,ts:499.2821743600[0m
[1m[37mmsg: 4283 point cloud size: 86400,ts:499.3821813600[0m
[1m[37mmsg: 4284 point cloud size: 86400,ts:499.4821703600[0m
[1m[37mmsg: 4285 point cloud size: 86400,ts:499.5821783600[0m
[1m[37mmsg: 4286 point cloud size: 86400,ts:499.6821573600[0m
[1m[37mmsg: 4287 point cloud size: 86400,ts:499.7821733600[0m
[1m[37mmsg: 4288 point cloud size: 86400,ts:499.8821473600[0m
[1m[37mmsg: 4289 point cloud size: 83040,ts:499.9821523600[0m
[1m[37mmsg: 4290 point cloud size: 85920,ts:500.0826653600[0m
[1m[37mmsg: 4291 point cloud size: 86400,ts:500.1821553600[0m
[1m[37mmsg: 4292 point cloud size: 86400,ts:500.2824303600[0m
[1m[37mmsg: 4293 point cloud size: 86400,ts:500.3821483600[0m
[1m[37mmsg: 4294 point cloud size: 86400,ts:500.4821353600[0m
[1m[37mmsg: 4295 point cloud size: 86400,ts:500.5821393600[0m
[1m[37mmsg: 4296 point cloud size: 86400,ts:500.6821523600[0m
[1m[37mmsg: 4297 point cloud size: 86400,ts:500.7821683600[0m
[1m[37mmsg: 4298 point cloud size: 86400,ts:500.8822233600[0m
[1m[37mmsg: 4299 point cloud size: 83040,ts:500.9821203600[0m
[1m[37mmsg: 4300 point cloud size: 85920,ts:501.0825933600[0m
[1m[37mmsg: 4301 point cloud size: 86400,ts:501.1821653600[0m
[1m[37mmsg: 4302 point cloud size: 86400,ts:501.2821123600[0m
[1m[37mmsg: 4303 point cloud size: 86400,ts:501.3821433600[0m
[1m[37mmsg: 4304 point cloud size: 86400,ts:501.4821363600[0m
[1m[37mmsg: 4305 point cloud size: 86400,ts:501.5821393600[0m
[1m[37mmsg: 4306 point cloud size: 86400,ts:501.6821573600[0m
[1m[37mmsg: 4307 point cloud size: 86400,ts:501.7821103600[0m
[1m[37mmsg: 4308 point cloud size: 86400,ts:501.8821673600[0m
[1m[37mmsg: 4309 point cloud size: 83040,ts:501.9821263600[0m
[1m[37mmsg: 4310 point cloud size: 85920,ts:502.0825733600[0m
[1m[37mmsg: 4311 point cloud size: 86400,ts:502.1821223600[0m
[1m[37mmsg: 4312 point cloud size: 86400,ts:502.2821143600[0m
[1m[37mmsg: 4313 point cloud size: 86400,ts:502.3821743600[0m
[1m[37mmsg: 4314 point cloud size: 86400,ts:502.4821583600[0m
[1m[37mmsg: 4315 point cloud size: 86400,ts:502.5821283600[0m
[1m[37mmsg: 4316 point cloud size: 86400,ts:502.6821393600[0m
[1m[37mmsg: 4317 point cloud size: 86400,ts:502.7821153600[0m
[1m[37mmsg: 4318 point cloud size: 86400,ts:502.8820903600[0m
[1m[37mmsg: 4319 point cloud size: 83040,ts:502.9820993600[0m
[1m[37mmsg: 4320 point cloud size: 85920,ts:503.0825913600[0m
[1m[37mmsg: 4321 point cloud size: 86400,ts:503.1820983600[0m
[1m[37mmsg: 4322 point cloud size: 86400,ts:503.2820923600[0m
[1m[37mmsg: 4323 point cloud size: 86400,ts:503.3820913600[0m
[1m[37mmsg: 4324 point cloud size: 86400,ts:503.4821053600[0m
[1m[37mmsg: 4325 point cloud size: 86400,ts:503.5820833600[0m
[1m[37mmsg: 4326 point cloud size: 86400,ts:503.6820733600[0m
[1m[37mmsg: 4327 point cloud size: 86400,ts:503.7821093600[0m
[1m[37mmsg: 4328 point cloud size: 86400,ts:503.8821063600[0m
[1m[37mmsg: 4329 point cloud size: 83040,ts:503.9820803600[0m
[1m[37mmsg: 4330 point cloud size: 85920,ts:504.0825523600[0m
[1m[37mmsg: 4331 point cloud size: 86400,ts:504.1820873600[0m
[1m[37mmsg: 4332 point cloud size: 86400,ts:504.2820723600[0m
[1m[37mmsg: 4333 point cloud size: 86400,ts:504.3820843600[0m
[1m[37mmsg: 4334 point cloud size: 86400,ts:504.4820793600[0m
[1m[37mmsg: 4335 point cloud size: 86400,ts:504.5820903600[0m
[1m[37mmsg: 4336 point cloud size: 86400,ts:504.6820673600[0m
[1m[37mmsg: 4337 point cloud size: 86400,ts:504.7820883600[0m
[1m[37mmsg: 4338 point cloud size: 86400,ts:504.8821183600[0m
[1m[37mmsg: 4339 point cloud size: 83040,ts:504.9820653600[0m
[1m[37mmsg: 4340 point cloud size: 85920,ts:505.0825313600[0m
[1m[37mmsg: 4341 point cloud size: 86400,ts:505.1820923600[0m
[1m[37mmsg: 4342 point cloud size: 86400,ts:505.2820693600[0m
[1m[37mmsg: 4343 point cloud size: 86400,ts:505.3821133600[0m
[1m[37mmsg: 4344 point cloud size: 86400,ts:505.4820453600[0m
[1m[37mmsg: 4345 point cloud size: 86400,ts:505.5820543600[0m
[1m[37mmsg: 4346 point cloud size: 86400,ts:505.6820583600[0m
[1m[37mmsg: 4347 point cloud size: 86400,ts:505.7820693600[0m
[1m[37mmsg: 4348 point cloud size: 86400,ts:505.8820553600[0m
[1m[37mmsg: 4349 point cloud size: 83040,ts:505.9820953600[0m
[1m[37mmsg: 4350 point cloud size: 85920,ts:506.0825123600[0m
[1m[37mmsg: 4351 point cloud size: 86400,ts:506.1820943600[0m
[1m[37mmsg: 4352 point cloud size: 86400,ts:506.2820693600[0m
[1m[37mmsg: 4353 point cloud size: 86400,ts:506.3820833600[0m
[1m[37mmsg: 4354 point cloud size: 86400,ts:506.4820443600[0m
[1m[37mmsg: 4355 point cloud size: 86400,ts:506.5820633600[0m
[1m[37mmsg: 4356 point cloud size: 86400,ts:506.6820483600[0m
[1m[37mmsg: 4357 point cloud size: 86400,ts:506.7820543600[0m
[1m[37mmsg: 4358 point cloud size: 86400,ts:506.8820453600[0m
[1m[37mmsg: 4359 point cloud size: 83040,ts:506.9820273600[0m
[1m[37mmsg: 4360 point cloud size: 85920,ts:507.0825153600[0m
[1m[37mmsg: 4361 point cloud size: 86400,ts:507.1820313600[0m
[1m[37mmsg: 4362 point cloud size: 86400,ts:507.2820203600[0m
[1m[37mmsg: 4363 point cloud size: 86400,ts:507.3820263600[0m
[1m[37mmsg: 4364 point cloud size: 86400,ts:507.4820373600[0m
[1m[37mmsg: 4365 point cloud size: 86400,ts:507.5820263600[0m
[1m[37mmsg: 4366 point cloud size: 86400,ts:507.6820293600[0m
[1m[37mmsg: 4367 point cloud size: 86400,ts:507.7833863600[0m
[1m[37mmsg: 4368 point cloud size: 86400,ts:507.8820693600[0m
[1m[37mmsg: 4369 point cloud size: 83040,ts:507.9820073600[0m
[1m[37mmsg: 4370 point cloud size: 85920,ts:508.0825203600[0m
[1m[37mmsg: 4371 point cloud size: 86400,ts:508.1820753600[0m
[1m[37mmsg: 4372 point cloud size: 86400,ts:508.2820343600[0m
[1m[37mmsg: 4373 point cloud size: 86400,ts:508.3820313600[0m
[1m[37mmsg: 4374 point cloud size: 86400,ts:508.4820193600[0m
[1m[37mmsg: 4375 point cloud size: 86400,ts:508.5820353600[0m
[1m[37mmsg: 4376 point cloud size: 86400,ts:508.6819963600[0m
[1m[37mmsg: 4377 point cloud size: 86400,ts:508.7820313600[0m
[1m[37mmsg: 4378 point cloud size: 86400,ts:508.8819843600[0m
[1m[37mmsg: 4379 point cloud size: 83040,ts:508.9819973600[0m
[1m[37mmsg: 4380 point cloud size: 85920,ts:509.0824643600[0m
[1m[37mmsg: 4381 point cloud size: 86400,ts:509.1819843600[0m
[1m[37mmsg: 4382 point cloud size: 86400,ts:509.2819923600[0m
[1m[37mmsg: 4383 point cloud size: 86400,ts:509.3819863600[0m
[1m[37mmsg: 4384 point cloud size: 86400,ts:509.4819743600[0m
[1m[37mmsg: 4385 point cloud size: 86400,ts:509.5819813600[0m
[1m[37mmsg: 4386 point cloud size: 86400,ts:509.6819863600[0m
[1m[37mmsg: 4387 point cloud size: 86400,ts:509.7820343600[0m
[1m[37mmsg: 4388 point cloud size: 86400,ts:509.8819893600[0m
[1m[37mmsg: 4389 point cloud size: 83040,ts:509.9819993600[0m
[1m[37mmsg: 4390 point cloud size: 85920,ts:510.0824653600[0m
[1m[37mmsg: 4391 point cloud size: 86400,ts:510.1819953600[0m
[1m[37mmsg: 4392 point cloud size: 86400,ts:510.2819953600[0m
[1m[37mmsg: 4393 point cloud size: 86400,ts:510.3819853600[0m
[1m[37mmsg: 4394 point cloud size: 86400,ts:510.4819773600[0m
[1m[37mmsg: 4395 point cloud size: 86400,ts:510.5819763600[0m
[1m[37mmsg: 4396 point cloud size: 86400,ts:510.6820183600[0m
[1m[37mmsg: 4397 point cloud size: 86400,ts:510.7819813600[0m
[1m[37mmsg: 4398 point cloud size: 86400,ts:510.8819663600[0m
[1m[37mmsg: 4399 point cloud size: 83040,ts:510.9819523600[0m
[1m[37mmsg: 4400 point cloud size: 85920,ts:511.0824753600[0m
[1m[37mmsg: 4401 point cloud size: 86400,ts:511.1819763600[0m
[1m[37mmsg: 4402 point cloud size: 86400,ts:511.2819573600[0m
[1m[37mmsg: 4403 point cloud size: 86400,ts:511.3819933600[0m
[1m[37mmsg: 4404 point cloud size: 86400,ts:511.4819563600[0m
[1m[37mmsg: 4405 point cloud size: 86400,ts:511.5819543600[0m
[1m[37mmsg: 4406 point cloud size: 86400,ts:511.6819473600[0m
[1m[37mmsg: 4407 point cloud size: 86400,ts:511.7819433600[0m
[1m[37mmsg: 4408 point cloud size: 86400,ts:511.8819443600[0m
[1m[37mmsg: 4409 point cloud size: 83040,ts:511.9819363600[0m
[1m[37mmsg: 4410 point cloud size: 85920,ts:512.0824083600[0m
[1m[37mmsg: 4411 point cloud size: 86400,ts:512.1819473600[0m
[1m[37mmsg: 4412 point cloud size: 86400,ts:512.2819513600[0m
[1m[37mmsg: 4413 point cloud size: 86400,ts:512.3819593600[0m
[1m[37mmsg: 4414 point cloud size: 86400,ts:512.4819443600[0m
[1m[37mmsg: 4415 point cloud size: 86400,ts:512.5819593600[0m
[1m[37mmsg: 4416 point cloud size: 86400,ts:512.6819423600[0m
[1m[37mmsg: 4417 point cloud size: 86400,ts:512.7819673600[0m
[1m[37mmsg: 4418 point cloud size: 86400,ts:512.8819303600[0m
[1m[37mmsg: 4419 point cloud size: 83040,ts:512.9819433600[0m
[1m[37mmsg: 4420 point cloud size: 85920,ts:513.0823963600[0m
[1m[37mmsg: 4421 point cloud size: 86400,ts:513.1819173600[0m
[1m[37mmsg: 4422 point cloud size: 86400,ts:513.2819683600[0m
[1m[37mmsg: 4423 point cloud size: 86400,ts:513.3820063600[0m
[1m[37mmsg: 4424 point cloud size: 86400,ts:513.4819433600[0m
[1m[37mmsg: 4425 point cloud size: 86400,ts:513.5819193600[0m
[1m[37mmsg: 4426 point cloud size: 86400,ts:513.6819973600[0m
[1m[37mmsg: 4427 point cloud size: 86400,ts:513.7819183600[0m
[1m[37mmsg: 4428 point cloud size: 86400,ts:513.8819213600[0m
[1m[37mmsg: 4429 point cloud size: 83040,ts:513.9819203600[0m
[1m[37mmsg: 4430 point cloud size: 85920,ts:514.0823953600[0m
[1m[37mmsg: 4431 point cloud size: 86400,ts:514.1819173600[0m
[1m[37mmsg: 4432 point cloud size: 86400,ts:514.2819773600[0m
[1m[37mmsg: 4433 point cloud size: 86400,ts:514.3819303600[0m
[1m[37mmsg: 4434 point cloud size: 86400,ts:514.4819013600[0m
[1m[37mmsg: 4435 point cloud size: 86400,ts:514.5819083600[0m
[1m[37mmsg: 4436 point cloud size: 86400,ts:514.6819433600[0m
[1m[37mmsg: 4437 point cloud size: 86400,ts:514.7819093600[0m
[1m[37mmsg: 4438 point cloud size: 86400,ts:514.8818963600[0m
[1m[37mmsg: 4439 point cloud size: 83040,ts:514.9819003600[0m
[1m[37mmsg: 4440 point cloud size: 85920,ts:515.0823463600[0m
[1m[37mmsg: 4441 point cloud size: 86400,ts:515.1818903600[0m
[1m[37mmsg: 4442 point cloud size: 86400,ts:515.2819083600[0m
[1m[37mmsg: 4443 point cloud size: 86400,ts:515.3819123600[0m
[1m[37mmsg: 4444 point cloud size: 86400,ts:515.4819063600[0m
[1m[37mmsg: 4445 point cloud size: 86400,ts:515.5819213600[0m
[1m[37mmsg: 4446 point cloud size: 86400,ts:515.6818913600[0m
[1m[37mmsg: 4447 point cloud size: 86400,ts:515.7819003600[0m
[1m[37mmsg: 4448 point cloud size: 86400,ts:515.8818813600[0m
[1m[37mmsg: 4449 point cloud size: 83040,ts:515.9818793600[0m
[1m[37mmsg: 4450 point cloud size: 85920,ts:516.0823523600[0m
[1m[37mmsg: 4451 point cloud size: 86400,ts:516.1818893600[0m
[1m[37mmsg: 4452 point cloud size: 86400,ts:516.2819073600[0m
[1m[37mmsg: 4453 point cloud size: 86400,ts:516.3818803600[0m
[1m[37mmsg: 4454 point cloud size: 86400,ts:516.4818763600[0m
[1m[37mmsg: 4455 point cloud size: 86400,ts:516.5818883600[0m
[1m[37mmsg: 4456 point cloud size: 86400,ts:516.6818823600[0m
[1m[37mmsg: 4457 point cloud size: 86400,ts:516.7833783600[0m
[1m[37mmsg: 4458 point cloud size: 86400,ts:516.8818493600[0m
[1m[37mmsg: 4459 point cloud size: 83040,ts:516.9818653600[0m
[1m[37mmsg: 4460 point cloud size: 85920,ts:517.0823303600[0m
[1m[37mmsg: 4461 point cloud size: 86400,ts:517.1818583600[0m
[1m[37mmsg: 4462 point cloud size: 86400,ts:517.2818553600[0m
[1m[37mmsg: 4463 point cloud size: 86400,ts:517.3818703600[0m
[1m[37mmsg: 4464 point cloud size: 86400,ts:517.4819063600[0m
[1m[37mmsg: 4465 point cloud size: 86400,ts:517.5818533600[0m
[1m[37mmsg: 4466 point cloud size: 86400,ts:517.6818703600[0m
[1m[37mmsg: 4467 point cloud size: 86400,ts:517.7818413600[0m
[1m[37mmsg: 4468 point cloud size: 86400,ts:517.8818353600[0m
[1m[37mmsg: 4469 point cloud size: 83040,ts:517.9818443600[0m
[1m[37mmsg: 4470 point cloud size: 85920,ts:518.0823193600[0m
[1m[37mmsg: 4471 point cloud size: 86400,ts:518.1818503600[0m
[1m[37mmsg: 4472 point cloud size: 86400,ts:518.2818523600[0m
[1m[37mmsg: 4473 point cloud size: 86400,ts:518.3818673600[0m
[1m[37mmsg: 4474 point cloud size: 86400,ts:518.4818423600[0m
[1m[37mmsg: 4475 point cloud size: 86400,ts:518.5818533600[0m
[1m[37mmsg: 4476 point cloud size: 86400,ts:518.6819083600[0m
[1m[37mmsg: 4477 point cloud size: 86400,ts:518.7818583600[0m
[1m[37mmsg: 4478 point cloud size: 86400,ts:518.8818463600[0m
[1m[37mmsg: 4479 point cloud size: 83040,ts:518.9818353600[0m
[1m[37mmsg: 4480 point cloud size: 85920,ts:519.0822843600[0m
[1m[37mmsg: 4481 point cloud size: 86400,ts:519.1818293600[0m
[1m[37mmsg: 4482 point cloud size: 86400,ts:519.2818333600[0m
[1m[37mmsg: 4483 point cloud size: 86400,ts:519.3818363600[0m
[1m[37mmsg: 4484 point cloud size: 86400,ts:519.4818183600[0m
[1m[37mmsg: 4485 point cloud size: 86400,ts:519.5818243600[0m
[1m[37mmsg: 4486 point cloud size: 86400,ts:519.6818323600[0m
[1m[37mmsg: 4487 point cloud size: 86400,ts:519.7818303600[0m
[1m[37mmsg: 4488 point cloud size: 86400,ts:519.8818343600[0m
[1m[37mmsg: 4489 point cloud size: 83040,ts:519.9818423600[0m
[1m[37mmsg: 4490 point cloud size: 85920,ts:520.0822783600[0m
[1m[37mmsg: 4491 point cloud size: 86400,ts:520.1818163600[0m
[1m[37mmsg: 4492 point cloud size: 86400,ts:520.2818933600[0m
[1m[37mmsg: 4493 point cloud size: 86400,ts:520.3818353600[0m
[1m[37mmsg: 4494 point cloud size: 86400,ts:520.4818093600[0m
[1m[37mmsg: 4495 point cloud size: 86400,ts:520.5818013600[0m
[1m[37mmsg: 4496 point cloud size: 86400,ts:520.6818193600[0m
[1m[37mmsg: 4497 point cloud size: 86400,ts:520.7817963600[0m
[1m[37mmsg: 4498 point cloud size: 86400,ts:520.8818813600[0m
[1m[37mmsg: 4499 point cloud size: 83040,ts:520.9818803600[0m
[1m[37mmsg: 4500 point cloud size: 85920,ts:521.0822403600[0m
[1m[37mmsg: 4501 point cloud size: 86400,ts:521.1818023600[0m
[1m[37mmsg: 4502 point cloud size: 86400,ts:521.2817993600[0m
[1m[37mmsg: 4503 point cloud size: 86400,ts:521.3817823600[0m
[1m[37mmsg: 4504 point cloud size: 86400,ts:521.4817853600[0m
[1m[37mmsg: 4505 point cloud size: 86400,ts:521.5817813600[0m
[1m[37mmsg: 4506 point cloud size: 86400,ts:521.6817833600[0m
[1m[37mmsg: 4507 point cloud size: 86400,ts:521.7817903600[0m
[1m[37mmsg: 4508 point cloud size: 86400,ts:521.8817913600[0m
[1m[37mmsg: 4509 point cloud size: 83040,ts:521.9817823600[0m
[1m[37mmsg: 4510 point cloud size: 85920,ts:522.0822373600[0m
[1m[37mmsg: 4511 point cloud size: 86400,ts:522.1817713600[0m
[1m[37mmsg: 4512 point cloud size: 86400,ts:522.2817623600[0m
[1m[37mmsg: 4513 point cloud size: 86400,ts:522.3817533600[0m
[1m[37mmsg: 4514 point cloud size: 86400,ts:522.4817723600[0m
[1m[37mmsg: 4515 point cloud size: 86400,ts:522.5818013600[0m
[1m[37mmsg: 4516 point cloud size: 86400,ts:522.6817833600[0m
[1m[37mmsg: 4517 point cloud size: 86400,ts:522.7817653600[0m
[1m[37mmsg: 4518 point cloud size: 86400,ts:522.8817633600[0m
[1m[37mmsg: 4519 point cloud size: 83040,ts:522.9817553600[0m
[1m[37mmsg: 4520 point cloud size: 85920,ts:523.0822103600[0m
[1m[37mmsg: 4521 point cloud size: 86400,ts:523.1817673600[0m
[1m[37mmsg: 4522 point cloud size: 86400,ts:523.2817633600[0m
[1m[37mmsg: 4523 point cloud size: 86400,ts:523.3817663600[0m
[1m[37mmsg: 4524 point cloud size: 86400,ts:523.4817403600[0m
[1m[37mmsg: 4525 point cloud size: 86400,ts:523.5817373600[0m
[1m[37mmsg: 4526 point cloud size: 86400,ts:523.6818323600[0m
[1m[37mmsg: 4527 point cloud size: 86400,ts:523.7817493600[0m
[1m[37mmsg: 4528 point cloud size: 86400,ts:523.8818213600[0m
[1m[37mmsg: 4529 point cloud size: 83040,ts:523.9817383600[0m
[1m[37mmsg: 4530 point cloud size: 85920,ts:524.0821983600[0m
[1m[37mmsg: 4531 point cloud size: 86400,ts:524.1817803600[0m
[1m[37mmsg: 4532 point cloud size: 86400,ts:524.2817353600[0m
[1m[37mmsg: 4533 point cloud size: 86400,ts:524.3817353600[0m
[1m[37mmsg: 4534 point cloud size: 86400,ts:524.4817363600[0m
[1m[37mmsg: 4535 point cloud size: 86400,ts:524.5817423600[0m
[1m[37mmsg: 4536 point cloud size: 86400,ts:524.6817463600[0m
[1m[37mmsg: 4537 point cloud size: 86400,ts:524.7817513600[0m
[1m[37mmsg: 4538 point cloud size: 86400,ts:524.8817273600[0m
[1m[37mmsg: 4539 point cloud size: 83040,ts:524.9817013600[0m
[1m[37mmsg: 4540 point cloud size: 85920,ts:525.0822573600[0m
[1m[37mmsg: 4541 point cloud size: 86400,ts:525.1817353600[0m
[1m[37mmsg: 4542 point cloud size: 86400,ts:525.2817413600[0m
[1m[37mmsg: 4543 point cloud size: 86400,ts:525.3817383600[0m
[1m[37mmsg: 4544 point cloud size: 86400,ts:525.4817193600[0m
[1m[37mmsg: 4545 point cloud size: 86400,ts:525.5817343600[0m
[1m[37mmsg: 4546 point cloud size: 86400,ts:525.6817583600[0m
[1m[37mmsg: 4547 point cloud size: 86400,ts:525.7817463600[0m
[1m[37mmsg: 4548 point cloud size: 86400,ts:525.8817313600[0m
[1m[37mmsg: 4549 point cloud size: 83040,ts:525.9817163600[0m
[1m[37mmsg: 4550 point cloud size: 85920,ts:526.0821643600[0m
[1m[37mmsg: 4551 point cloud size: 86400,ts:526.1817083600[0m
[1m[37mmsg: 4552 point cloud size: 86400,ts:526.2817213600[0m
[1m[37mmsg: 4553 point cloud size: 86400,ts:526.3817003600[0m
[1m[37mmsg: 4554 point cloud size: 86400,ts:526.4817303600[0m
[1m[37mmsg: 4555 point cloud size: 86400,ts:526.5817013600[0m
[1m[37mmsg: 4556 point cloud size: 86400,ts:526.6816863600[0m
[1m[37mmsg: 4557 point cloud size: 86400,ts:526.7820923600[0m
[1m[37mmsg: 4558 point cloud size: 86400,ts:526.8817563600[0m
[1m[37mmsg: 4559 point cloud size: 83040,ts:526.9817113600[0m
[1m[37mmsg: 4560 point cloud size: 85920,ts:527.0822083600[0m
[1m[37mmsg: 4561 point cloud size: 86400,ts:527.1817113600[0m
[1m[37mmsg: 4562 point cloud size: 86400,ts:527.2816903600[0m
[1m[37mmsg: 4563 point cloud size: 86400,ts:527.3816833600[0m
[1m[37mmsg: 4564 point cloud size: 86400,ts:527.4818173600[0m
[1m[37mmsg: 4565 point cloud size: 86400,ts:527.5816873600[0m
[1m[37mmsg: 4566 point cloud size: 86400,ts:527.6816803600[0m
[1m[37mmsg: 4567 point cloud size: 86400,ts:527.7816853600[0m
[1m[37mmsg: 4568 point cloud size: 86400,ts:527.8816663600[0m
[1m[37mmsg: 4569 point cloud size: 83040,ts:527.9816713600[0m
[1m[37mmsg: 4570 point cloud size: 85920,ts:528.0821123600[0m
[1m[37mmsg: 4571 point cloud size: 86400,ts:528.1816933600[0m
[1m[37mmsg: 4572 point cloud size: 86400,ts:528.2817193600[0m
[1m[37mmsg: 4573 point cloud size: 86400,ts:528.3816673600[0m
[1m[37mmsg: 4574 point cloud size: 86400,ts:528.4816703600[0m
[1m[37mmsg: 4575 point cloud size: 86400,ts:528.5816623600[0m
[1m[37mmsg: 4576 point cloud size: 86400,ts:528.6816503600[0m
[1m[37mmsg: 4577 point cloud size: 86400,ts:528.7816903600[0m
[1m[37mmsg: 4578 point cloud size: 86400,ts:528.8816443600[0m
[1m[37mmsg: 4579 point cloud size: 83040,ts:528.9816513600[0m
[1m[37mmsg: 4580 point cloud size: 85920,ts:529.0821023600[0m
[1m[37mmsg: 4581 point cloud size: 86400,ts:529.1816923600[0m
[1m[37mmsg: 4582 point cloud size: 86400,ts:529.2816663600[0m
[1m[37mmsg: 4583 point cloud size: 86400,ts:529.3816763600[0m
[1m[37mmsg: 4584 point cloud size: 86400,ts:529.4816853600[0m
[1m[37mmsg: 4585 point cloud size: 86400,ts:529.5816383600[0m
[1m[37mmsg: 4586 point cloud size: 86400,ts:529.6817293600[0m
[1m[37mmsg: 4587 point cloud size: 86400,ts:529.7816683600[0m
[1m[37mmsg: 4588 point cloud size: 86400,ts:529.8816473600[0m
[1m[37mmsg: 4589 point cloud size: 83040,ts:529.9816293600[0m
[1m[37mmsg: 4590 point cloud size: 85920,ts:530.0820783600[0m
[1m[37mmsg: 4591 point cloud size: 86400,ts:530.1816553600[0m
[1m[37mmsg: 4592 point cloud size: 86400,ts:530.2816323600[0m
[1m[37mmsg: 4593 point cloud size: 86400,ts:530.3835113600[0m
[1m[37mmsg: 4594 point cloud size: 86400,ts:530.4816333600[0m
[1m[37mmsg: 4595 point cloud size: 86400,ts:530.5816383600[0m
[1m[37mmsg: 4596 point cloud size: 86400,ts:530.6816053600[0m
[1m[37mmsg: 4597 point cloud size: 86400,ts:530.7816643600[0m
[1m[37mmsg: 4598 point cloud size: 86400,ts:530.8816373600[0m
[1m[37mmsg: 4599 point cloud size: 83040,ts:530.9816133600[0m
[1m[37mmsg: 4600 point cloud size: 85920,ts:531.0821193600[0m
[1m[37mmsg: 4601 point cloud size: 86400,ts:531.1816823600[0m
[1m[37mmsg: 4602 point cloud size: 86400,ts:531.2816413600[0m
[1m[37mmsg: 4603 point cloud size: 86400,ts:531.3816153600[0m
[1m[37mmsg: 4604 point cloud size: 86400,ts:531.4816213600[0m
[1m[37mmsg: 4605 point cloud size: 86400,ts:531.5816273600[0m
[1m[37mmsg: 4606 point cloud size: 86400,ts:531.6816043600[0m
[1m[37mmsg: 4607 point cloud size: 86400,ts:531.7816373600[0m
[1m[37mmsg: 4608 point cloud size: 86400,ts:531.8816113600[0m
[1m[37mmsg: 4609 point cloud size: 83040,ts:531.9815963600[0m
[1m[37mmsg: 4610 point cloud size: 85920,ts:532.0820633600[0m
[1m[37mmsg: 4611 point cloud size: 86400,ts:532.1816533600[0m
[1m[37mmsg: 4612 point cloud size: 86400,ts:532.2816123600[0m
[1m[37mmsg: 4613 point cloud size: 86400,ts:532.3816013600[0m
[1m[37mmsg: 4614 point cloud size: 86400,ts:532.4815973600[0m
[1m[37mmsg: 4615 point cloud size: 86400,ts:532.5816153600[0m
[1m[37mmsg: 4616 point cloud size: 86400,ts:532.6816053600[0m
[1m[37mmsg: 4617 point cloud size: 86400,ts:532.7816103600[0m
[1m[37mmsg: 4618 point cloud size: 86400,ts:532.8815803600[0m
[1m[37mmsg: 4619 point cloud size: 83040,ts:532.9815963600[0m
[1m[37mmsg: 4620 point cloud size: 85920,ts:533.0820453600[0m
[1m[37mmsg: 4621 point cloud size: 86400,ts:533.1815923600[0m
[1m[37mmsg: 4622 point cloud size: 86400,ts:533.2815963600[0m
[1m[37mmsg: 4623 point cloud size: 86400,ts:533.3815813600[0m
[1m[37mmsg: 4624 point cloud size: 86400,ts:533.4815773600[0m
[1m[37mmsg: 4625 point cloud size: 86400,ts:533.5815633600[0m
[1m[37mmsg: 4626 point cloud size: 86400,ts:533.6815613600[0m
[1m[37mmsg: 4627 point cloud size: 86400,ts:533.7815893600[0m
[1m[37mmsg: 4628 point cloud size: 86400,ts:533.8815743600[0m
[1m[37mmsg: 4629 point cloud size: 83040,ts:533.9815653600[0m
[1m[37mmsg: 4630 point cloud size: 85920,ts:534.0820843600[0m
[1m[37mmsg: 4631 point cloud size: 86400,ts:534.1815853600[0m
[1m[37mmsg: 4632 point cloud size: 86400,ts:534.2815653600[0m
[1m[37mmsg: 4633 point cloud size: 86400,ts:534.3815573600[0m
[1m[37mmsg: 4634 point cloud size: 86400,ts:534.4815653600[0m
[1m[37mmsg: 4635 point cloud size: 86400,ts:534.5815783600[0m
[1m[37mmsg: 4636 point cloud size: 86400,ts:534.6816923600[0m
[1m[37mmsg: 4637 point cloud size: 86400,ts:534.7815803600[0m
[1m[37mmsg: 4638 point cloud size: 86400,ts:534.8815873600[0m
[1m[37mmsg: 4639 point cloud size: 83040,ts:534.9815723600[0m
[1m[37mmsg: 4640 point cloud size: 85920,ts:535.0820033600[0m
[1m[37mmsg: 4641 point cloud size: 86400,ts:535.1815583600[0m
[1m[37mmsg: 4642 point cloud size: 86400,ts:535.2815513600[0m
[1m[37mmsg: 4643 point cloud size: 86400,ts:535.3815883600[0m
[1m[37mmsg: 4644 point cloud size: 86400,ts:535.4815793600[0m
[1m[37mmsg: 4645 point cloud size: 86400,ts:535.5815623600[0m
[1m[37mmsg: 4646 point cloud size: 86400,ts:535.6815433600[0m
[1m[37mmsg: 4647 point cloud size: 86400,ts:535.7815523600[0m
[1m[37mmsg: 4648 point cloud size: 86400,ts:535.8815403600[0m
[1m[37mmsg: 4649 point cloud size: 83040,ts:535.9817513600[0m
[1m[37mmsg: 4650 point cloud size: 85920,ts:536.0819983600[0m
[1m[37mmsg: 4651 point cloud size: 86400,ts:536.1815383600[0m
[1m[37mmsg: 4652 point cloud size: 86400,ts:536.2815783600[0m
[1m[37mmsg: 4653 point cloud size: 86400,ts:536.3815363600[0m
[1m[37mmsg: 4654 point cloud size: 86400,ts:536.4815273600[0m
[1m[37mmsg: 4655 point cloud size: 86400,ts:536.5815793600[0m
[1m[37mmsg: 4656 point cloud size: 86400,ts:536.6815213600[0m
[1m[37mmsg: 4657 point cloud size: 86400,ts:536.7816233600[0m
[1m[37mmsg: 4658 point cloud size: 86400,ts:536.8815073600[0m
[1m[37mmsg: 4659 point cloud size: 83040,ts:536.9815603600[0m
[1m[37mmsg: 4660 point cloud size: 85920,ts:537.0820143600[0m
[1m[37mmsg: 4661 point cloud size: 86400,ts:537.1815413600[0m
[1m[37mmsg: 4662 point cloud size: 86400,ts:537.2817273600[0m
[1m[37mmsg: 4663 point cloud size: 86400,ts:537.3815633600[0m
[1m[37mmsg: 4664 point cloud size: 86400,ts:537.4815293600[0m
[1m[37mmsg: 4665 point cloud size: 86400,ts:537.5815013600[0m
[1m[37mmsg: 4666 point cloud size: 86400,ts:537.6815093600[0m
[1m[37mmsg: 4667 point cloud size: 86400,ts:537.7815473600[0m
[1m[37mmsg: 4668 point cloud size: 86400,ts:537.8814993600[0m
[1m[37mmsg: 4669 point cloud size: 83040,ts:537.9815963600[0m
[1m[37mmsg: 4670 point cloud size: 85920,ts:538.0819643600[0m
[1m[37mmsg: 4671 point cloud size: 86400,ts:538.1815963600[0m
[1m[37mmsg: 4672 point cloud size: 86400,ts:538.2816463600[0m
[1m[37mmsg: 4673 point cloud size: 86400,ts:538.3814853600[0m
[1m[37mmsg: 4674 point cloud size: 86400,ts:538.4815393600[0m
[1m[37mmsg: 4675 point cloud size: 86400,ts:538.5814963600[0m
[1m[37mmsg: 4676 point cloud size: 86400,ts:538.6815343600[0m
[1m[37mmsg: 4677 point cloud size: 86400,ts:538.7814963600[0m
[1m[37mmsg: 4678 point cloud size: 86400,ts:538.8814783600[0m
[1m[37mmsg: 4679 point cloud size: 83040,ts:538.9815433600[0m
[1m[37mmsg: 4680 point cloud size: 85920,ts:539.0819653600[0m
[1m[37mmsg: 4681 point cloud size: 86400,ts:539.1814673600[0m
[1m[37mmsg: 4682 point cloud size: 86400,ts:539.2815123600[0m
[1m[37mmsg: 4683 point cloud size: 86400,ts:539.3815193600[0m
[1m[37mmsg: 4684 point cloud size: 86400,ts:539.4814623600[0m
[1m[37mmsg: 4685 point cloud size: 86400,ts:539.5814703600[0m
[1m[37mmsg: 4686 point cloud size: 86400,ts:539.6814493600[0m
[1m[37mmsg: 4687 point cloud size: 86400,ts:539.7814553600[0m
[1m[37mmsg: 4688 point cloud size: 86400,ts:539.8814413600[0m
[1m[37mmsg: 4689 point cloud size: 83040,ts:539.9814673600[0m
[1m[37mmsg: 4690 point cloud size: 85920,ts:540.0819243600[0m
[1m[37mmsg: 4691 point cloud size: 86400,ts:540.1815323600[0m
[1m[37mmsg: 4692 point cloud size: 86400,ts:540.2814713600[0m
[1m[37mmsg: 4693 point cloud size: 86400,ts:540.3814653600[0m
[1m[37mmsg: 4694 point cloud size: 86400,ts:540.4814553600[0m
[1m[37mmsg: 4695 point cloud size: 86400,ts:540.5814613600[0m
[1m[37mmsg: 4696 point cloud size: 86400,ts:540.6814603600[0m
[1m[37mmsg: 4697 point cloud size: 86400,ts:540.7814503600[0m
[1m[37mmsg: 4698 point cloud size: 86400,ts:540.8814623600[0m
[1m[37mmsg: 4699 point cloud size: 83040,ts:540.9814563600[0m
[1m[37mmsg: 4700 point cloud size: 85920,ts:541.0819193600[0m
[1m[37mmsg: 4701 point cloud size: 86400,ts:541.1814363600[0m
[1m[37mmsg: 4702 point cloud size: 86400,ts:541.2814323600[0m
[1m[37mmsg: 4703 point cloud size: 86400,ts:541.3814703600[0m
[1m[37mmsg: 4704 point cloud size: 86400,ts:541.4814313600[0m
[1m[37mmsg: 4705 point cloud size: 86400,ts:541.5814593600[0m
[1m[37mmsg: 4706 point cloud size: 86400,ts:541.6814603600[0m
[1m[37mmsg: 4707 point cloud size: 86400,ts:541.7814553600[0m
[1m[37mmsg: 4708 point cloud size: 86400,ts:541.8814513600[0m
[1m[37mmsg: 4709 point cloud size: 83040,ts:541.9814283600[0m
[1m[37mmsg: 4710 point cloud size: 85920,ts:542.0819113600[0m
[1m[37mmsg: 4711 point cloud size: 86400,ts:542.1814493600[0m
[1m[37mmsg: 4712 point cloud size: 86400,ts:542.2814983600[0m
[1m[37mmsg: 4713 point cloud size: 86400,ts:542.3814503600[0m
[1m[37mmsg: 4714 point cloud size: 86400,ts:542.4814203600[0m
[1m[37mmsg: 4715 point cloud size: 86400,ts:542.5814563600[0m
[1m[37mmsg: 4716 point cloud size: 86400,ts:542.6814053600[0m
[1m[37mmsg: 4717 point cloud size: 86400,ts:542.7814073600[0m
[1m[37mmsg: 4718 point cloud size: 86400,ts:542.8814023600[0m
[1m[37mmsg: 4719 point cloud size: 83040,ts:542.9813923600[0m
[1m[37mmsg: 4720 point cloud size: 85920,ts:543.0818763600[0m
[1m[37mmsg: 4721 point cloud size: 86400,ts:543.1814153600[0m
[1m[37mmsg: 4722 point cloud size: 86400,ts:543.2813843600[0m
[1m[37mmsg: 4723 point cloud size: 86400,ts:543.3813873600[0m
[1m[37mmsg: 4724 point cloud size: 86400,ts:543.4813913600[0m
[1m[37mmsg: 4725 point cloud size: 86400,ts:543.5813773600[0m
[1m[37mmsg: 4726 point cloud size: 86400,ts:543.6814033600[0m
[1m[37mmsg: 4727 point cloud size: 86400,ts:543.7813973600[0m
[1m[37mmsg: 4728 point cloud size: 86400,ts:543.8813853600[0m
[1m[37mmsg: 4729 point cloud size: 83040,ts:543.9813913600[0m
[1m[37mmsg: 4730 point cloud size: 85920,ts:544.0818633600[0m
[1m[37mmsg: 4731 point cloud size: 86400,ts:544.1813923600[0m
[1m[37mmsg: 4732 point cloud size: 86400,ts:544.2814083600[0m
[1m[37mmsg: 4733 point cloud size: 86400,ts:544.3813883600[0m
[1m[37mmsg: 4734 point cloud size: 86400,ts:544.4813793600[0m
[1m[37mmsg: 4735 point cloud size: 86400,ts:544.5813833600[0m
[1m[37mmsg: 4736 point cloud size: 86400,ts:544.6818123600[0m
[1m[37mmsg: 4737 point cloud size: 86400,ts:544.7813813600[0m
[1m[37mmsg: 4738 point cloud size: 86400,ts:544.8813763600[0m
[1m[37mmsg: 4739 point cloud size: 83040,ts:544.9813913600[0m
[1m[37mmsg: 4740 point cloud size: 85920,ts:545.0818613600[0m
[1m[37mmsg: 4741 point cloud size: 86400,ts:545.1813783600[0m
[1m[37mmsg: 4742 point cloud size: 86400,ts:545.2813643600[0m
[1m[37mmsg: 4743 point cloud size: 86400,ts:545.3813683600[0m
[1m[37mmsg: 4744 point cloud size: 86400,ts:545.4814313600[0m
[1m[37mmsg: 4745 point cloud size: 86400,ts:545.5813773600[0m
[1m[37mmsg: 4746 point cloud size: 86400,ts:545.6814733600[0m
[1m[37mmsg: 4747 point cloud size: 86400,ts:545.7814353600[0m
[1m[37mmsg: 4748 point cloud size: 86400,ts:545.8813703600[0m
[1m[37mmsg: 4749 point cloud size: 83040,ts:545.9813543600[0m
[1m[37mmsg: 4750 point cloud size: 85920,ts:546.0818143600[0m
[1m[37mmsg: 4751 point cloud size: 86400,ts:546.1813543600[0m
[1m[37mmsg: 4752 point cloud size: 86400,ts:546.2813533600[0m
[1m[37mmsg: 4753 point cloud size: 86400,ts:546.3813393600[0m
[1m[37mmsg: 4754 point cloud size: 86400,ts:546.4813403600[0m
[1m[37mmsg: 4755 point cloud size: 86400,ts:546.5813463600[0m
[1m[37mmsg: 4756 point cloud size: 86400,ts:546.6813483600[0m
[1m[37mmsg: 4757 point cloud size: 86400,ts:546.7813383600[0m
[1m[37mmsg: 4758 point cloud size: 86400,ts:546.8813273600[0m
[1m[37mmsg: 4759 point cloud size: 83040,ts:546.9813473600[0m
[1m[37mmsg: 4760 point cloud size: 85920,ts:547.0818053600[0m
[1m[37mmsg: 4761 point cloud size: 86400,ts:547.1813343600[0m
[1m[37mmsg: 4762 point cloud size: 86400,ts:547.2813183600[0m
[1m[37mmsg: 4763 point cloud size: 86400,ts:547.3813463600[0m
[1m[37mmsg: 4764 point cloud size: 86400,ts:547.4813183600[0m
[1m[37mmsg: 4765 point cloud size: 86400,ts:547.5813493600[0m
[1m[37mmsg: 4766 point cloud size: 86400,ts:547.6813433600[0m
[1m[37mmsg: 4767 point cloud size: 86400,ts:547.7813083600[0m
[1m[37mmsg: 4768 point cloud size: 86400,ts:547.8813173600[0m
[1m[37mmsg: 4769 point cloud size: 83040,ts:547.9814183600[0m
[1m[37mmsg: 4770 point cloud size: 85920,ts:548.0817673600[0m
[1m[37mmsg: 4771 point cloud size: 86400,ts:548.1813063600[0m
[1m[37mmsg: 4772 point cloud size: 86400,ts:548.2813563600[0m
[1m[37mmsg: 4773 point cloud size: 86400,ts:548.3813233600[0m
[1m[37mmsg: 4774 point cloud size: 86400,ts:548.4813043600[0m
[1m[37mmsg: 4775 point cloud size: 86400,ts:548.5813103600[0m
[1m[37mmsg: 4776 point cloud size: 86400,ts:548.6813363600[0m
[1m[37mmsg: 4777 point cloud size: 86400,ts:548.7813253600[0m
[1m[37mmsg: 4778 point cloud size: 86400,ts:548.8813073600[0m
[1m[37mmsg: 4779 point cloud size: 83040,ts:548.9813413600[0m
[1m[37mmsg: 4780 point cloud size: 85920,ts:549.0817703600[0m
[1m[37mmsg: 4781 point cloud size: 86400,ts:549.1813043600[0m
[1m[37mmsg: 4782 point cloud size: 86400,ts:549.2813103600[0m
[1m[37mmsg: 4783 point cloud size: 86400,ts:549.3813073600[0m
[1m[37mmsg: 4784 point cloud size: 86400,ts:549.4812913600[0m
[1m[37mmsg: 4785 point cloud size: 86400,ts:549.5812993600[0m
[1m[37mmsg: 4786 point cloud size: 86400,ts:549.6813023600[0m
[1m[37mmsg: 4787 point cloud size: 86400,ts:549.7813143600[0m
[1m[37mmsg: 4788 point cloud size: 86400,ts:549.8812933600[0m
[1m[37mmsg: 4789 point cloud size: 83040,ts:549.9812793600[0m
[1m[37mmsg: 4790 point cloud size: 85920,ts:550.0817513600[0m
[1m[37mmsg: 4791 point cloud size: 86400,ts:550.1812883600[0m
[1m[37mmsg: 4792 point cloud size: 86400,ts:550.2812823600[0m
[1m[37mmsg: 4793 point cloud size: 86400,ts:550.3812973600[0m
[1m[37mmsg: 4794 point cloud size: 86400,ts:550.4812743600[0m
[1m[37mmsg: 4795 point cloud size: 86400,ts:550.5812823600[0m
[1m[37mmsg: 4796 point cloud size: 86400,ts:550.6812823600[0m
[1m[37mmsg: 4797 point cloud size: 86400,ts:550.7812613600[0m
[1m[37mmsg: 4798 point cloud size: 86400,ts:550.8813373600[0m
[1m[37mmsg: 4799 point cloud size: 83040,ts:550.9812983600[0m
[1m[37mmsg: 4800 point cloud size: 85920,ts:551.0817343600[0m
[1m[37mmsg: 4801 point cloud size: 86400,ts:551.1813023600[0m
[1m[37mmsg: 4802 point cloud size: 86400,ts:551.2813963600[0m
[1m[37mmsg: 4803 point cloud size: 86400,ts:551.3812843600[0m
[1m[37mmsg: 4804 point cloud size: 86400,ts:551.4812863600[0m
[1m[37mmsg: 4805 point cloud size: 86400,ts:551.5812713600[0m
[1m[37mmsg: 4806 point cloud size: 86400,ts:551.6812993600[0m
[1m[37mmsg: 4807 point cloud size: 86400,ts:551.7812713600[0m
[1m[37mmsg: 4808 point cloud size: 86400,ts:551.8812623600[0m
[1m[37mmsg: 4809 point cloud size: 83040,ts:551.9812473600[0m
[1m[37mmsg: 4810 point cloud size: 85920,ts:552.0817383600[0m
[1m[37mmsg: 4811 point cloud size: 86400,ts:552.1812743600[0m
[1m[37mmsg: 4812 point cloud size: 86400,ts:552.2812733600[0m
[1m[37mmsg: 4813 point cloud size: 86400,ts:552.3812993600[0m
[1m[37mmsg: 4814 point cloud size: 86400,ts:552.4812363600[0m
[1m[37mmsg: 4815 point cloud size: 86400,ts:552.5812593600[0m
[1m[37mmsg: 4816 point cloud size: 86400,ts:552.6812493600[0m
[1m[37mmsg: 4817 point cloud size: 86400,ts:552.7812333600[0m
[1m[37mmsg: 4818 point cloud size: 86400,ts:552.8812223600[0m
[1m[37mmsg: 4819 point cloud size: 83040,ts:552.9812643600[0m
[1m[37mmsg: 4820 point cloud size: 85920,ts:553.0817273600[0m
[1m[37mmsg: 4821 point cloud size: 86400,ts:553.1812433600[0m
[1m[37mmsg: 4822 point cloud size: 86400,ts:553.2812343600[0m
[1m[37mmsg: 4823 point cloud size: 86400,ts:553.3812343600[0m
[1m[37mmsg: 4824 point cloud size: 86400,ts:553.4812213600[0m
[1m[37mmsg: 4825 point cloud size: 86400,ts:553.5812283600[0m
[1m[37mmsg: 4826 point cloud size: 86400,ts:553.6812103600[0m
[1m[37mmsg: 4827 point cloud size: 86400,ts:553.7812223600[0m
[1m[37mmsg: 4828 point cloud size: 86400,ts:553.8812193600[0m
[1m[37mmsg: 4829 point cloud size: 83040,ts:553.9812053600[0m
[1m[37mmsg: 4830 point cloud size: 85920,ts:554.0816563600[0m
[1m[37mmsg: 4831 point cloud size: 86400,ts:554.1812093600[0m
[1m[37mmsg: 4832 point cloud size: 86400,ts:554.2812133600[0m
[1m[37mmsg: 4833 point cloud size: 86400,ts:554.3812203600[0m
[1m[37mmsg: 4834 point cloud size: 86400,ts:554.4812083600[0m
[1m[37mmsg: 4835 point cloud size: 86400,ts:554.5812053600[0m
[1m[37mmsg: 4836 point cloud size: 86400,ts:554.6812133600[0m
[1m[37mmsg: 4837 point cloud size: 86400,ts:554.7812053600[0m
[1m[37mmsg: 4838 point cloud size: 86400,ts:554.8812023600[0m
[1m[37mmsg: 4839 point cloud size: 83040,ts:554.9811883600[0m
[1m[37mmsg: 4840 point cloud size: 85920,ts:555.0816773600[0m
[1m[37mmsg: 4841 point cloud size: 86400,ts:555.1812063600[0m
[1m[37mmsg: 4842 point cloud size: 86400,ts:555.2811833600[0m
[1m[37mmsg: 4843 point cloud size: 86400,ts:555.3812053600[0m
[1m[37mmsg: 4844 point cloud size: 86400,ts:555.4812013600[0m
[1m[37mmsg: 4845 point cloud size: 86400,ts:555.5811923600[0m
[1m[37mmsg: 4846 point cloud size: 86400,ts:555.6811833600[0m
[1m[37mmsg: 4847 point cloud size: 86400,ts:555.7811863600[0m
[1m[37mmsg: 4848 point cloud size: 86400,ts:555.8811823600[0m
[1m[37mmsg: 4849 point cloud size: 83040,ts:555.9811723600[0m
[1m[37mmsg: 4850 point cloud size: 85920,ts:556.0816453600[0m
[1m[37mmsg: 4851 point cloud size: 86400,ts:556.1811943600[0m
[1m[37mmsg: 4852 point cloud size: 86400,ts:556.2813053600[0m
[1m[37mmsg: 4853 point cloud size: 86400,ts:556.3811763600[0m
[1m[37mmsg: 4854 point cloud size: 86400,ts:556.4811993600[0m
[1m[37mmsg: 4855 point cloud size: 86400,ts:556.5811843600[0m
[1m[37mmsg: 4856 point cloud size: 86400,ts:556.6812463600[0m
[1m[37mmsg: 4857 point cloud size: 86400,ts:556.7812353600[0m
[1m[37mmsg: 4858 point cloud size: 86400,ts:556.8811683600[0m
[1m[37mmsg: 4859 point cloud size: 83040,ts:556.9811783600[0m
[1m[37mmsg: 4860 point cloud size: 85920,ts:557.0816473600[0m
[1m[37mmsg: 4861 point cloud size: 86400,ts:557.1811713600[0m
[1m[37mmsg: 4862 point cloud size: 86400,ts:557.2811703600[0m
[1m[37mmsg: 4863 point cloud size: 86400,ts:557.3811693600[0m
[1m[37mmsg: 4864 point cloud size: 86400,ts:557.4811553600[0m
[1m[37mmsg: 4865 point cloud size: 86400,ts:557.5811893600[0m
[1m[37mmsg: 4866 point cloud size: 86400,ts:557.6811643600[0m
[1m[37mmsg: 4867 point cloud size: 86400,ts:557.7811353600[0m
[1m[37mmsg: 4868 point cloud size: 86400,ts:557.8811583600[0m
[1m[37mmsg: 4869 point cloud size: 83040,ts:557.9811403600[0m
[1m[37mmsg: 4870 point cloud size: 85920,ts:558.0816373600[0m
[1m[37mmsg: 4871 point cloud size: 86400,ts:558.1811533600[0m
[1m[37mmsg: 4872 point cloud size: 86400,ts:558.2811363600[0m
[1m[37mmsg: 4873 point cloud size: 86400,ts:558.3811223600[0m
[1m[37mmsg: 4874 point cloud size: 86400,ts:558.4811493600[0m
[1m[37mmsg: 4875 point cloud size: 86400,ts:558.5811423600[0m
[1m[37mmsg: 4876 point cloud size: 86400,ts:558.6811613600[0m
[1m[37mmsg: 4877 point cloud size: 86400,ts:558.7812113600[0m
[1m[37mmsg: 4878 point cloud size: 86400,ts:558.8811913600[0m
[1m[37mmsg: 4879 point cloud size: 83040,ts:558.9811273600[0m
[1m[37mmsg: 4880 point cloud size: 85920,ts:559.0816273600[0m
[1m[37mmsg: 4881 point cloud size: 86400,ts:559.1811513600[0m
[1m[37mmsg: 4882 point cloud size: 86400,ts:559.2811373600[0m
[1m[37mmsg: 4883 point cloud size: 86400,ts:559.3811273600[0m
[1m[37mmsg: 4884 point cloud size: 86400,ts:559.4811403600[0m
[1m[37mmsg: 4885 point cloud size: 86400,ts:559.5811273600[0m
[1m[37mmsg: 4886 point cloud size: 86400,ts:559.6810943600[0m
[1m[37mmsg: 4887 point cloud size: 86400,ts:559.7811053600[0m
[1m[37mmsg: 4888 point cloud size: 86400,ts:559.8811253600[0m
[1m[37mmsg: 4889 point cloud size: 83040,ts:559.9811243600[0m
[1m[37mmsg: 4890 point cloud size: 85920,ts:560.0816093600[0m
[1m[37mmsg: 4891 point cloud size: 86400,ts:560.1811023600[0m
[1m[37mmsg: 4892 point cloud size: 86400,ts:560.2811173600[0m
[1m[37mmsg: 4893 point cloud size: 86400,ts:560.3811173600[0m
[1m[37mmsg: 4894 point cloud size: 86400,ts:560.4811013600[0m
[1m[37mmsg: 4895 point cloud size: 86400,ts:560.5811053600[0m
[1m[37mmsg: 4896 point cloud size: 86400,ts:560.6811113600[0m
[1m[37mmsg: 4897 point cloud size: 86400,ts:560.7810953600[0m
[1m[37mmsg: 4898 point cloud size: 86400,ts:560.8811203600[0m
[1m[37mmsg: 4899 point cloud size: 83040,ts:560.9810903600[0m
[1m[37mmsg: 4900 point cloud size: 85920,ts:561.0815723600[0m
[1m[37mmsg: 4901 point cloud size: 86400,ts:561.1810993600[0m
[1m[37mmsg: 4902 point cloud size: 86400,ts:561.2811273600[0m
[1m[37mmsg: 4903 point cloud size: 86400,ts:561.3810943600[0m
[1m[37mmsg: 4904 point cloud size: 86400,ts:561.4810843600[0m
[1m[37mmsg: 4905 point cloud size: 86400,ts:561.5811203600[0m
[1m[37mmsg: 4906 point cloud size: 86400,ts:561.6810903600[0m
[1m[37mmsg: 4907 point cloud size: 86400,ts:561.7811053600[0m
[1m[37mmsg: 4908 point cloud size: 86400,ts:561.8811343600[0m
[1m[37mmsg: 4909 point cloud size: 83040,ts:561.9810873600[0m
[1m[37mmsg: 4910 point cloud size: 85920,ts:562.0815513600[0m
[1m[37mmsg: 4911 point cloud size: 86400,ts:562.1810773600[0m
[1m[37mmsg: 4912 point cloud size: 86400,ts:562.2810643600[0m
[1m[37mmsg: 4913 point cloud size: 86400,ts:562.3810703600[0m
[1m[37mmsg: 4914 point cloud size: 86400,ts:562.4810593600[0m
[1m[37mmsg: 4915 point cloud size: 86400,ts:562.5810943600[0m
[1m[37mmsg: 4916 point cloud size: 86400,ts:562.6810683600[0m
[1m[37mmsg: 4917 point cloud size: 86400,ts:562.7810803600[0m
[1m[37mmsg: 4918 point cloud size: 86400,ts:562.8810673600[0m
[1m[37mmsg: 4919 point cloud size: 83040,ts:562.9810653600[0m
[1m[37mmsg: 4920 point cloud size: 85920,ts:563.0815083600[0m
[1m[37mmsg: 4921 point cloud size: 86400,ts:563.1810773600[0m
[1m[37mmsg: 4922 point cloud size: 86400,ts:563.2815933600[0m
[1m[37mmsg: 4923 point cloud size: 86400,ts:563.3810503600[0m
[1m[37mmsg: 4924 point cloud size: 86400,ts:563.4811043600[0m
[1m[37mmsg: 4925 point cloud size: 86400,ts:563.5810423600[0m
[1m[37mmsg: 4926 point cloud size: 86400,ts:563.6811503600[0m
[1m[37mmsg: 4927 point cloud size: 86400,ts:563.7810523600[0m
[1m[37mmsg: 4928 point cloud size: 86400,ts:563.8810263600[0m
[1m[37mmsg: 4929 point cloud size: 83040,ts:563.9810333600[0m
[1m[37mmsg: 4930 point cloud size: 85920,ts:564.0814953600[0m
[1m[37mmsg: 4931 point cloud size: 86400,ts:564.1810363600[0m
[1m[37mmsg: 4932 point cloud size: 86400,ts:564.2810673600[0m
[1m[37mmsg: 4933 point cloud size: 86400,ts:564.3810393600[0m
[1m[37mmsg: 4934 point cloud size: 86400,ts:564.4810223600[0m
[1m[37mmsg: 4935 point cloud size: 86400,ts:564.5810673600[0m
[1m[37mmsg: 4936 point cloud size: 86400,ts:564.6810583600[0m
[1m[37mmsg: 4937 point cloud size: 86400,ts:564.7810293600[0m
[1m[37mmsg: 4938 point cloud size: 86400,ts:564.8810313600[0m
[1m[37mmsg: 4939 point cloud size: 83040,ts:564.9810113600[0m
[1m[37mmsg: 4940 point cloud size: 85920,ts:565.0815523600[0m
[1m[37mmsg: 4941 point cloud size: 86400,ts:565.1810363600[0m
[1m[37mmsg: 4942 point cloud size: 86400,ts:565.2810283600[0m
[1m[37mmsg: 4943 point cloud size: 86400,ts:565.3810133600[0m
[1m[37mmsg: 4944 point cloud size: 86400,ts:565.4810153600[0m
[1m[37mmsg: 4945 point cloud size: 86400,ts:565.5810093600[0m
[1m[37mmsg: 4946 point cloud size: 86400,ts:565.6810073600[0m
[1m[37mmsg: 4947 point cloud size: 86400,ts:565.7810113600[0m
[1m[37mmsg: 4948 point cloud size: 86400,ts:565.8810483600[0m
[1m[37mmsg: 4949 point cloud size: 83040,ts:565.9810323600[0m
[1m[37mmsg: 4950 point cloud size: 85920,ts:566.0814673600[0m
[1m[37mmsg: 4951 point cloud size: 86400,ts:566.1810103600[0m
[1m[37mmsg: 4952 point cloud size: 86400,ts:566.2810103600[0m
[1m[37mmsg: 4953 point cloud size: 86400,ts:566.3810043600[0m
[1m[37mmsg: 4954 point cloud size: 86400,ts:566.4809863600[0m
[1m[37mmsg: 4955 point cloud size: 86400,ts:566.5810003600[0m
[1m[37mmsg: 4956 point cloud size: 86400,ts:566.6809883600[0m
[1m[37mmsg: 4957 point cloud size: 86400,ts:566.7809803600[0m
[1m[37mmsg: 4958 point cloud size: 86400,ts:566.8809703600[0m
[1m[37mmsg: 4959 point cloud size: 83040,ts:566.9810163600[0m
[1m[37mmsg: 4960 point cloud size: 85920,ts:567.0814733600[0m
[1m[37mmsg: 4961 point cloud size: 86400,ts:567.1809773600[0m
[1m[37mmsg: 4962 point cloud size: 86400,ts:567.2810353600[0m
[1m[37mmsg: 4963 point cloud size: 86400,ts:567.3809883600[0m
[1m[37mmsg: 4964 point cloud size: 86400,ts:567.4809713600[0m
[1m[37mmsg: 4965 point cloud size: 86400,ts:567.5809723600[0m
[1m[37mmsg: 4966 point cloud size: 86400,ts:567.6809633600[0m
[1m[37mmsg: 4967 point cloud size: 86400,ts:567.7809703600[0m
[1m[37mmsg: 4968 point cloud size: 86400,ts:567.8809833600[0m
[1m[37mmsg: 4969 point cloud size: 83040,ts:567.9809553600[0m
[1m[37mmsg: 4970 point cloud size: 85920,ts:568.0814203600[0m
[1m[37mmsg: 4971 point cloud size: 86400,ts:568.1809813600[0m
[1m[37mmsg: 4972 point cloud size: 86400,ts:568.2809843600[0m
[1m[37mmsg: 4973 point cloud size: 86400,ts:568.3809793600[0m
[1m[37mmsg: 4974 point cloud size: 86400,ts:568.4809773600[0m
[1m[37mmsg: 4975 point cloud size: 86400,ts:568.5809873600[0m
[1m[37mmsg: 4976 point cloud size: 86400,ts:568.6809573600[0m
[1m[37mmsg: 4977 point cloud size: 86400,ts:568.7810123600[0m
[1m[37mmsg: 4978 point cloud size: 86400,ts:568.8809743600[0m
[1m[37mmsg: 4979 point cloud size: 83040,ts:568.9809663600[0m
[1m[37mmsg: 4980 point cloud size: 85920,ts:569.0814503600[0m
[1m[37mmsg: 4981 point cloud size: 86400,ts:569.1809463600[0m
[1m[37mmsg: 4982 point cloud size: 86400,ts:569.2809673600[0m
[1m[37mmsg: 4983 point cloud size: 86400,ts:569.3809523600[0m
[1m[37mmsg: 4984 point cloud size: 86400,ts:569.4809543600[0m
[1m[37mmsg: 4985 point cloud size: 86400,ts:569.5809423600[0m
[1m[37mmsg: 4986 point cloud size: 86400,ts:569.6809483600[0m
[1m[37mmsg: 4987 point cloud size: 86400,ts:569.7809473600[0m
[1m[37mmsg: 4988 point cloud size: 86400,ts:569.8809343600[0m
[1m[37mmsg: 4989 point cloud size: 83040,ts:569.9809193600[0m
[1m[37mmsg: 4990 point cloud size: 85920,ts:570.0814533600[0m
[1m[37mmsg: 4991 point cloud size: 86400,ts:570.1809243600[0m
[1m[37mmsg: 4992 point cloud size: 86400,ts:570.2809203600[0m
[1m[37mmsg: 4993 point cloud size: 86400,ts:570.3809403600[0m
[1m[37mmsg: 4994 point cloud size: 86400,ts:570.4809253600[0m
[1m[37mmsg: 4995 point cloud size: 86400,ts:570.5809203600[0m
[1m[37mmsg: 4996 point cloud size: 86400,ts:570.6809163600[0m
[1m[37mmsg: 4997 point cloud size: 86400,ts:570.7816183600[0m
[1m[37mmsg: 4998 point cloud size: 86400,ts:570.8809483600[0m
[1m[37mmsg: 4999 point cloud size: 83040,ts:570.9809213600[0m
[1m[37mmsg: 5000 point cloud size: 85920,ts:571.0813883600[0m
[1m[37mmsg: 5001 point cloud size: 86400,ts:571.1809623600[0m
[1m[37mmsg: 5002 point cloud size: 86400,ts:571.2809003600[0m
[1m[37mmsg: 5003 point cloud size: 86400,ts:571.3809203600[0m
[1m[37mmsg: 5004 point cloud size: 86400,ts:571.4809563600[0m
[1m[37mmsg: 5005 point cloud size: 86400,ts:571.5809543600[0m
[1m[37mmsg: 5006 point cloud size: 86400,ts:571.6808963600[0m
[1m[37mmsg: 5007 point cloud size: 86400,ts:571.7809133600[0m
[1m[37mmsg: 5008 point cloud size: 86400,ts:571.8809193600[0m
[1m[37mmsg: 5009 point cloud size: 83040,ts:571.9809243600[0m
[1m[37mmsg: 5010 point cloud size: 85920,ts:572.0813873600[0m
[1m[37mmsg: 5011 point cloud size: 86400,ts:572.1809573600[0m
[1m[37mmsg: 5012 point cloud size: 86400,ts:572.2808943600[0m
[1m[37mmsg: 5013 point cloud size: 86400,ts:572.3809013600[0m
[1m[37mmsg: 5014 point cloud size: 86400,ts:572.4808683600[0m
[1m[37mmsg: 5015 point cloud size: 86400,ts:572.5808913600[0m
[1m[37mmsg: 5016 point cloud size: 86400,ts:572.6808803600[0m
[1m[37mmsg: 5017 point cloud size: 86400,ts:572.7808763600[0m
[1m[37mmsg: 5018 point cloud size: 86400,ts:572.8808863600[0m
[1m[37mmsg: 5019 point cloud size: 83040,ts:572.9808683600[0m
[1m[37mmsg: 5020 point cloud size: 85920,ts:573.0813473600[0m
[1m[37mmsg: 5021 point cloud size: 86400,ts:573.1808713600[0m
[1m[37mmsg: 5022 point cloud size: 86400,ts:573.2808743600[0m
[1m[37mmsg: 5023 point cloud size: 86400,ts:573.3808733600[0m
[1m[37mmsg: 5024 point cloud size: 86400,ts:573.4808733600[0m
[1m[37mmsg: 5025 point cloud size: 86400,ts:573.5808703600[0m
[1m[37mmsg: 5026 point cloud size: 86400,ts:573.6809113600[0m
[1m[37mmsg: 5027 point cloud size: 86400,ts:573.7808763600[0m
[1m[37mmsg: 5028 point cloud size: 86400,ts:573.8808703600[0m
[1m[37mmsg: 5029 point cloud size: 83040,ts:573.9808923600[0m
[1m[37mmsg: 5030 point cloud size: 85920,ts:574.0813263600[0m
[1m[37mmsg: 5031 point cloud size: 86400,ts:574.1808573600[0m
[1m[37mmsg: 5032 point cloud size: 86400,ts:574.2808643600[0m
[1m[37mmsg: 5033 point cloud size: 86400,ts:574.3808683600[0m
[1m[37mmsg: 5034 point cloud size: 86400,ts:574.4808713600[0m
[1m[37mmsg: 5035 point cloud size: 86400,ts:574.5808703600[0m
[1m[37mmsg: 5036 point cloud size: 86400,ts:574.6808623600[0m
[1m[37mmsg: 5037 point cloud size: 86400,ts:574.7808593600[0m
[1m[37mmsg: 5038 point cloud size: 86400,ts:574.8808623600[0m
[1m[37mmsg: 5039 point cloud size: 83040,ts:574.9808473600[0m
[1m[37mmsg: 5040 point cloud size: 85920,ts:575.0813143600[0m
[1m[37mmsg: 5041 point cloud size: 86400,ts:575.1808773600[0m
[1m[37mmsg: 5042 point cloud size: 86400,ts:575.2808553600[0m
[1m[37mmsg: 5043 point cloud size: 86400,ts:575.3808463600[0m
[1m[37mmsg: 5044 point cloud size: 86400,ts:575.4808473600[0m
[1m[37mmsg: 5045 point cloud size: 86400,ts:575.5808993600[0m
[1m[37mmsg: 5046 point cloud size: 86400,ts:575.6808373600[0m
[1m[37mmsg: 5047 point cloud size: 86400,ts:575.7808563600[0m
[1m[37mmsg: 5048 point cloud size: 86400,ts:575.8808413600[0m
[1m[37mmsg: 5049 point cloud size: 83040,ts:575.9808193600[0m
[1m[37mmsg: 5050 point cloud size: 85920,ts:576.0812873600[0m
[1m[37mmsg: 5051 point cloud size: 86400,ts:576.1808233600[0m
[1m[37mmsg: 5052 point cloud size: 86400,ts:576.2808123600[0m
[1m[37mmsg: 5053 point cloud size: 86400,ts:576.3808883600[0m
[1m[37mmsg: 5054 point cloud size: 86400,ts:576.4808223600[0m
[1m[37mmsg: 5055 point cloud size: 86400,ts:576.5808213600[0m
[1m[37mmsg: 5056 point cloud size: 86400,ts:576.6808253600[0m
[1m[37mmsg: 5057 point cloud size: 86400,ts:576.7807983600[0m
[1m[37mmsg: 5058 point cloud size: 86400,ts:576.8808543600[0m
[1m[37mmsg: 5059 point cloud size: 83040,ts:576.9808523600[0m
[1m[37mmsg: 5060 point cloud size: 85920,ts:577.0812783600[0m
[1m[37mmsg: 5061 point cloud size: 86400,ts:577.1808393600[0m
[1m[37mmsg: 5062 point cloud size: 86400,ts:577.2807973600[0m
[1m[37mmsg: 5063 point cloud size: 86400,ts:577.3808163600[0m
[1m[37mmsg: 5064 point cloud size: 86400,ts:577.4808283600[0m
[1m[37mmsg: 5065 point cloud size: 86400,ts:577.5808653600[0m
[1m[37mmsg: 5066 point cloud size: 86400,ts:577.6808083600[0m
[1m[37mmsg: 5067 point cloud size: 86400,ts:577.7807993600[0m
[1m[37mmsg: 5068 point cloud size: 86400,ts:577.8807973600[0m
[1m[37mmsg: 5069 point cloud size: 83040,ts:577.9808543600[0m
[1m[37mmsg: 5070 point cloud size: 85920,ts:578.0812673600[0m
[1m[37mmsg: 5071 point cloud size: 86400,ts:578.1807923600[0m
[1m[37mmsg: 5072 point cloud size: 86400,ts:578.2807933600[0m
[1m[37mmsg: 5073 point cloud size: 86400,ts:578.3807993600[0m
[1m[37mmsg: 5074 point cloud size: 86400,ts:578.4808113600[0m
[1m[37mmsg: 5075 point cloud size: 86400,ts:578.5807883600[0m
[1m[37mmsg: 5076 point cloud size: 86400,ts:578.6808103600[0m
[1m[37mmsg: 5077 point cloud size: 86400,ts:578.7807873600[0m
[1m[37mmsg: 5078 point cloud size: 86400,ts:578.8807953600[0m
[1m[37mmsg: 5079 point cloud size: 83040,ts:578.9807813600[0m
[1m[37mmsg: 5080 point cloud size: 85920,ts:579.0812883600[0m
[1m[37mmsg: 5081 point cloud size: 86400,ts:579.1807873600[0m
[1m[37mmsg: 5082 point cloud size: 86400,ts:579.2807793600[0m
[1m[37mmsg: 5083 point cloud size: 86400,ts:579.3807693600[0m
[1m[37mmsg: 5084 point cloud size: 86400,ts:579.4807673600[0m
[1m[37mmsg: 5085 point cloud size: 86400,ts:579.5807813600[0m
[1m[37mmsg: 5086 point cloud size: 86400,ts:579.6807813600[0m
[1m[37mmsg: 5087 point cloud size: 86400,ts:579.7808033600[0m
[1m[37mmsg: 5088 point cloud size: 86400,ts:579.8807643600[0m
[1m[37mmsg: 5089 point cloud size: 83040,ts:579.9808183600[0m
[1m[37mmsg: 5090 point cloud size: 85920,ts:580.0812593600[0m
[1m[37mmsg: 5091 point cloud size: 86400,ts:580.1807763600[0m
[1m[37mmsg: 5092 point cloud size: 86400,ts:580.2807943600[0m
[1m[37mmsg: 5093 point cloud size: 86400,ts:580.3807743600[0m
[1m[37mmsg: 5094 point cloud size: 86400,ts:580.4808293600[0m
[1m[37mmsg: 5095 point cloud size: 86400,ts:580.5807733600[0m
[1m[37mmsg: 5096 point cloud size: 86400,ts:580.6807623600[0m
[1m[37mmsg: 5097 point cloud size: 86400,ts:580.7807893600[0m
[1m[37mmsg: 5098 point cloud size: 86400,ts:580.8807533600[0m
[1m[37mmsg: 5099 point cloud size: 83040,ts:580.9807753600[0m
[1m[37mmsg: 5100 point cloud size: 85920,ts:581.0812023600[0m
[1m[37mmsg: 5101 point cloud size: 86400,ts:581.1808143600[0m
[1m[37mmsg: 5102 point cloud size: 86400,ts:581.2807513600[0m
[1m[37mmsg: 5103 point cloud size: 86400,ts:581.3807563600[0m
[1m[37mmsg: 5104 point cloud size: 86400,ts:581.4809443600[0m
[1m[37mmsg: 5105 point cloud size: 86400,ts:581.5807373600[0m
[1m[37mmsg: 5106 point cloud size: 86400,ts:581.6807733600[0m
[1m[37mmsg: 5107 point cloud size: 86400,ts:581.7807703600[0m
[1m[37mmsg: 5108 point cloud size: 86400,ts:581.8808383600[0m
[1m[37mmsg: 5109 point cloud size: 83040,ts:581.9807193600[0m
[1m[37mmsg: 5110 point cloud size: 85920,ts:582.0812533600[0m
[1m[37mmsg: 5111 point cloud size: 86400,ts:582.1807113600[0m
[1m[37mmsg: 5112 point cloud size: 86400,ts:582.2807643600[0m
[1m[37mmsg: 5113 point cloud size: 86400,ts:582.3807643600[0m
[1m[37mmsg: 5114 point cloud size: 86400,ts:582.4808353600[0m
[1m[37mmsg: 5115 point cloud size: 86400,ts:582.5807243600[0m
[1m[37mmsg: 5116 point cloud size: 86400,ts:582.6807293600[0m
[1m[37mmsg: 5117 point cloud size: 86400,ts:582.7807113600[0m
[1m[37mmsg: 5118 point cloud size: 86400,ts:582.8807153600[0m
[1m[37mmsg: 5119 point cloud size: 83040,ts:582.9807113600[0m
[1m[37mmsg: 5120 point cloud size: 85920,ts:583.0811783600[0m
[1m[37mmsg: 5121 point cloud size: 86400,ts:583.1807263600[0m
[1m[37mmsg: 5122 point cloud size: 86400,ts:583.2807073600[0m
[1m[37mmsg: 5123 point cloud size: 86400,ts:583.3807083600[0m
[1m[37mmsg: 5124 point cloud size: 86400,ts:583.4807003600[0m
[1m[37mmsg: 5125 point cloud size: 86400,ts:583.5809273600[0m
[1m[37mmsg: 5126 point cloud size: 86400,ts:583.6807213600[0m
[1m[37mmsg: 5127 point cloud size: 86400,ts:583.7806973600[0m
[1m[37mmsg: 5128 point cloud size: 86400,ts:583.8807043600[0m
[1m[33mERRCODE_MSOPTIMEOUT[0m
[1m[33mERRCODE_MSOPTIMEOUT[0m
[1m[33mERRCODE_MSOPTIMEOUT[0m
[1m[33mERRCODE_MSOPTIMEOUT[0m
[1m[33mERRCODE_MSOPTIMEOUT[0m
[1m[33mERRCODE_MSOPTIMEOUT[0m
[1m[33mERRCODE_MSOPTIMEOUT[0m
[1m[33mERRCODE_MSOPTIMEOUT[0m
[1m[33mERRCODE_MSOPTIMEOUT[0m
[1m[33mERRCODE_MSOPTIMEOUT[0m
[1m[33mERRCODE_MSOPTIMEOUT[0m
[1m[33mERRCODE_MSOPTIMEOUT[0m
[1m[33mERRCODE_MSOPTIMEOUT[0m
[1m[33mERRCODE_MSOPTIMEOUT[0m
[1m[33mERRCODE_MSOPTIMEOUT[0m
[1m[33mERRCODE_MSOPTIMEOUT[0m
[1m[33mERRCODE_MSOPTIMEOUT[0m
[1m[33mERRCODE_MSOPTIMEOUT[0m
[1m[33mERRCODE_MSOPTIMEOUT[0m
[1m[33mERRCODE_MSOPTIMEOUT[0m
[1m[33mERRCODE_MSOPTIMEOUT[0m
[1m[33mERRCODE_MSOPTIMEOUT[0m
[1m[33mERRCODE_MSOPTIMEOUT[0m
[1m[33mERRCODE_MSOPTIMEOUT[0m
[1m[33mERRCODE_MSOPTIMEOUT[0m
[1m[33mERRCODE_MSOPTIMEOUT[0m
[1m[33mERRCODE_MSOPTIMEOUT[0m
[1m[33mERRCODE_MSOPTIMEOUT[0m
[1m[33mERRCODE_MSOPTIMEOUT[0m
[1m[33mERRCODE_MSOPTIMEOUT[0m
[1m[33mERRCODE_MSOPTIMEOUT[0m
[1m[33mERRCODE_MSOPTIMEOUT[0m
[1m[33mERRCODE_MSOPTIMEOUT[0m
[1m[33mERRCODE_MSOPTIMEOUT[0m
[1m[33mERRCODE_MSOPTIMEOUT[0m
[1m[33mERRCODE_MSOPTIMEOUT[0m
[1m[33mERRCODE_MSOPTIMEOUT[0m
[1m[33mERRCODE_MSOPTIMEOUT[0m
[1m[33mERRCODE_MSOPTIMEOUT[0m
[1m[33mERRCODE_MSOPTIMEOUT[0m
[1m[33mERRCODE_MSOPTIMEOUT[0m
[1m[33mERRCODE_MSOPTIMEOUT[0m
[1m[33mERRCODE_MSOPTIMEOUT[0m
[1m[33mERRCODE_MSOPTIMEOUT[0m
[1m[33mERRCODE_MSOPTIMEOUT[0m
[1m[33mERRCODE_MSOPTIMEOUT[0m
[1m[33mERRCODE_MSOPTIMEOUT[0m
[1m[33mERRCODE_MSOPTIMEOUT[0m
[1m[33mERRCODE_MSOPTIMEOUT[0m
[1m[33mERRCODE_MSOPTIMEOUT[0m
[1m[33mERRCODE_MSOPTIMEOUT[0m
[1m[33mERRCODE_MSOPTIMEOUT[0m
[1m[33mERRCODE_MSOPTIMEOUT[0m
[1m[33mERRCODE_MSOPTIMEOUT[0m
[1m[33mERRCODE_MSOPTIMEOUT[0m
[1m[33mERRCODE_MSOPTIMEOUT[0m
[1m[33mERRCODE_MSOPTIMEOUT[0m
[1m[33mERRCODE_MSOPTIMEOUT[0m
[1m[33mERRCODE_MSOPTIMEOUT[0m
[1m[33mERRCODE_MSOPTIMEOUT[0m
[1m[33mERRCODE_MSOPTIMEOUT[0m
[1m[33mERRCODE_MSOPTIMEOUT[0m
[1m[33mERRCODE_MSOPTIMEOUT[0m
[1m[33mERRCODE_MSOPTIMEOUT[0m
[1m[33mERRCODE_MSOPTIMEOUT[0m
[1m[33mERRCODE_MSOPTIMEOUT[0m
[1m[33mERRCODE_MSOPTIMEOUT[0m
[1m[33mERRCODE_MSOPTIMEOUT[0m
[1m[33mERRCODE_MSOPTIMEOUT[0m
[1m[33mERRCODE_MSOPTIMEOUT[0m
[1m[33mERRCODE_MSOPTIMEOUT[0m
[1m[33mERRCODE_MSOPTIMEOUT[0m
[1m[33mERRCODE_MSOPTIMEOUT[0m
[1m[33mERRCODE_MSOPTIMEOUT[0m
[1m[33mERRCODE_MSOPTIMEOUT[0m
[1m[33mERRCODE_MSOPTIMEOUT[0m
[1m[33mERRCODE_MSOPTIMEOUT[0m
[1m[33mERRCODE_MSOPTIMEOUT[0m
[1m[33mERRCODE_MSOPTIMEOUT[0m
[1m[33mERRCODE_MSOPTIMEOUT[0m
[1m[33mERRCODE_MSOPTIMEOUT[0m
[1m[33mERRCODE_MSOPTIMEOUT[0m
[1m[33mERRCODE_MSOPTIMEOUT[0m
[1m[33mERRCODE_MSOPTIMEOUT[0m
[1m[33mERRCODE_MSOPTIMEOUT[0m
[1m[33mERRCODE_MSOPTIMEOUT[0m
[1m[33mERRCODE_MSOPTIMEOUT[0m
[1m[33mERRCODE_MSOPTIMEOUT[0m
[1m[33mERRCODE_MSOPTIMEOUT[0m
[1m[33mERRCODE_MSOPTIMEOUT[0m
[1m[33mERRCODE_MSOPTIMEOUT[0m
[1m[33mERRCODE_MSOPTIMEOUT[0m
[1m[33mERRCODE_MSOPTIMEOUT[0m
[1m[33mERRCODE_MSOPTIMEOUT[0m
[1m[33mERRCODE_MSOPTIMEOUT[0m
[1m[33mERRCODE_MSOPTIMEOUT[0m
[1m[33mERRCODE_MSOPTIMEOUT[0m
[1m[33mERRCODE_MSOPTIMEOUT[0m
[1m[33mERRCODE_MSOPTIMEOUT[0m
[1m[33mERRCODE_MSOPTIMEOUT[0m
[1m[33mERRCODE_MSOPTIMEOUT[0m
[1m[33mERRCODE_MSOPTIMEOUT[0m
[1m[33mERRCODE_MSOPTIMEOUT[0m
[1m[33mERRCODE_MSOPTIMEOUT[0m
[1m[33mERRCODE_MSOPTIMEOUT[0m
[1m[33mERRCODE_MSOPTIMEOUT[0m
[1m[33mERRCODE_MSOPTIMEOUT[0m
[1m[33mERRCODE_MSOPTIMEOUT[0m
[1m[33mERRCODE_MSOPTIMEOUT[0m
[1m[33mERRCODE_MSOPTIMEOUT[0m
[1m[33mERRCODE_MSOPTIMEOUT[0m
[1m[33mERRCODE_MSOPTIMEOUT[0m
[1m[33mERRCODE_MSOPTIMEOUT[0m
[1m[33mERRCODE_MSOPTIMEOUT[0m
[1m[33mERRCODE_MSOPTIMEOUT[0m
[1m[33mERRCODE_MSOPTIMEOUT[0m
[1m[33mERRCODE_MSOPTIMEOUT[0m
[1m[33mERRCODE_MSOPTIMEOUT[0m
[1m[33mERRCODE_MSOPTIMEOUT[0m
[1m[33mERRCODE_MSOPTIMEOUT[0m
[1m[33mERRCODE_MSOPTIMEOUT[0m
[1m[33mERRCODE_MSOPTIMEOUT[0m
[1m[33mERRCODE_MSOPTIMEOUT[0m
[1m[33mERRCODE_MSOPTIMEOUT[0m
[1m[33mERRCODE_MSOPTIMEOUT[0m
[1m[33mERRCODE_MSOPTIMEOUT[0m
[1m[33mERRCODE_MSOPTIMEOUT[0m
[1m[33mERRCODE_MSOPTIMEOUT[0m
[1m[33mERRCODE_MSOPTIMEOUT[0m
[1m[33mERRCODE_MSOPTIMEOUT[0m
[1m[33mERRCODE_MSOPTIMEOUT[0m
[1m[33mERRCODE_MSOPTIMEOUT[0m
[1m[33mERRCODE_MSOPTIMEOUT[0m
[1m[33mERRCODE_MSOPTIMEOUT[0m
[1m[33mERRCODE_MSOPTIMEOUT[0m
[1m[33mERRCODE_MSOPTIMEOUT[0m
[1m[33mERRCODE_MSOPTIMEOUT[0m
[1m[33mERRCODE_MSOPTIMEOUT[0m
[1m[33mERRCODE_MSOPTIMEOUT[0m
[1m[33mERRCODE_MSOPTIMEOUT[0m
[1m[33mERRCODE_MSOPTIMEOUT[0m
[1m[33mERRCODE_MSOPTIMEOUT[0m
[1m[33mERRCODE_MSOPTIMEOUT[0m
[1m[33mERRCODE_MSOPTIMEOUT[0m
[1m[33mERRCODE_MSOPTIMEOUT[0m
[1m[33mERRCODE_MSOPTIMEOUT[0m
[1m[33mERRCODE_MSOPTIMEOUT[0m
[1m[33mERRCODE_MSOPTIMEOUT[0m
[1m[33mERRCODE_MSOPTIMEOUT[0m
[1m[33mERRCODE_MSOPTIMEOUT[0m
[1m[33mERRCODE_MSOPTIMEOUT[0m
[1m[33mERRCODE_MSOPTIMEOUT[0m
[1m[33mERRCODE_MSOPTIMEOUT[0m
[1m[33mERRCODE_MSOPTIMEOUT[0m
[1m[33mERRCODE_MSOPTIMEOUT[0m
[1m[33mERRCODE_MSOPTIMEOUT[0m
[1m[33mERRCODE_MSOPTIMEOUT[0m
[1m[33mERRCODE_MSOPTIMEOUT[0m
[1m[33mERRCODE_MSOPTIMEOUT[0m
[1m[33mERRCODE_MSOPTIMEOUT[0m
[1m[33mERRCODE_MSOPTIMEOUT[0m
[1m[33mERRCODE_MSOPTIMEOUT[0m
[1m[33mERRCODE_MSOPTIMEOUT[0m
[1m[33mERRCODE_MSOPTIMEOUT[0m
[1m[33mERRCODE_MSOPTIMEOUT[0m
[1m[33mERRCODE_MSOPTIMEOUT[0m
[1m[33mERRCODE_MSOPTIMEOUT[0m
[1m[33mERRCODE_MSOPTIMEOUT[0m
[1m[33mERRCODE_MSOPTIMEOUT[0m
[1m[33mERRCODE_MSOPTIMEOUT[0m
[1m[33mERRCODE_MSOPTIMEOUT[0m
[1m[33mERRCODE_MSOPTIMEOUT[0m
[1m[33mERRCODE_MSOPTIMEOUT[0m
[1m[33mERRCODE_MSOPTIMEOUT[0m
[1m[33mERRCODE_MSOPTIMEOUT[0m
[1m[33mERRCODE_MSOPTIMEOUT[0m
[1m[33mERRCODE_MSOPTIMEOUT[0m
[1m[33mERRCODE_MSOPTIMEOUT[0m
[1m[33mERRCODE_MSOPTIMEOUT[0m
[1m[33mERRCODE_MSOPTIMEOUT[0m
[1m[33mERRCODE_MSOPTIMEOUT[0m
[1m[33mERRCODE_MSOPTIMEOUT[0m
[1m[33mERRCODE_MSOPTIMEOUT[0m
[1m[33mERRCODE_MSOPTIMEOUT[0m
[1m[33mERRCODE_MSOPTIMEOUT[0m
[1m[33mERRCODE_MSOPTIMEOUT[0m
[1m[33mERRCODE_MSOPTIMEOUT[0m
[1m[33mERRCODE_MSOPTIMEOUT[0m
[1m[33mERRCODE_MSOPTIMEOUT[0m
[1m[33mERRCODE_MSOPTIMEOUT[0m
[1m[33mERRCODE_MSOPTIMEOUT[0m
[1m[33mERRCODE_MSOPTIMEOUT[0m
[1m[33mERRCODE_MSOPTIMEOUT[0m
[1m[33mERRCODE_MSOPTIMEOUT[0m
[1m[33mERRCODE_MSOPTIMEOUT[0m
[1m[33mERRCODE_MSOPTIMEOUT[0m
[1m[33mERRCODE_MSOPTIMEOUT[0m
[1m[33mERRCODE_MSOPTIMEOUT[0m
[1m[33mERRCODE_MSOPTIMEOUT[0m
[1m[33mERRCODE_MSOPTIMEOUT[0m
[1m[33mERRCODE_MSOPTIMEOUT[0m
[1m[33mERRCODE_MSOPTIMEOUT[0m
[1m[33mERRCODE_MSOPTIMEOUT[0m
[1m[33mERRCODE_MSOPTIMEOUT[0m
[1m[33mERRCODE_MSOPTIMEOUT[0m
[1m[33mERRCODE_MSOPTIMEOUT[0m
[1m[33mERRCODE_MSOPTIMEOUT[0m
[1m[33mERRCODE_MSOPTIMEOUT[0m
[1m[33mERRCODE_MSOPTIMEOUT[0m
[1m[33mERRCODE_MSOPTIMEOUT[0m
[1m[33mERRCODE_MSOPTIMEOUT[0m
[1m[33mERRCODE_MSOPTIMEOUT[0m
[1m[33mERRCODE_MSOPTIMEOUT[0m
[1m[33mERRCODE_MSOPTIMEOUT[0m
[1m[33mERRCODE_MSOPTIMEOUT[0m
[1m[33mERRCODE_MSOPTIMEOUT[0m
[1m[33mERRCODE_MSOPTIMEOUT[0m
[1m[33mERRCODE_MSOPTIMEOUT[0m
[1m[33mERRCODE_MSOPTIMEOUT[0m
[1m[33mERRCODE_MSOPTIMEOUT[0m
[1m[33mERRCODE_MSOPTIMEOUT[0m
[1m[33mERRCODE_MSOPTIMEOUT[0m
[1m[33mERRCODE_MSOPTIMEOUT[0m
[1m[33mERRCODE_MSOPTIMEOUT[0m
[1m[33mERRCODE_MSOPTIMEOUT[0m
[1m[33mERRCODE_MSOPTIMEOUT[0m
[1m[33mERRCODE_MSOPTIMEOUT[0m
[1m[33mERRCODE_MSOPTIMEOUT[0m
[1m[33mERRCODE_MSOPTIMEOUT[0m
[1m[33mERRCODE_MSOPTIMEOUT[0m
[1m[33mERRCODE_MSOPTIMEOUT[0m
[1m[33mERRCODE_MSOPTIMEOUT[0m
[1m[33mERRCODE_MSOPTIMEOUT[0m
[1m[33mERRCODE_MSOPTIMEOUT[0m
[1m[33mERRCODE_MSOPTIMEOUT[0m
[1m[33mERRCODE_MSOPTIMEOUT[0m
[1m[33mERRCODE_MSOPTIMEOUT[0m
[1m[33mERRCODE_MSOPTIMEOUT[0m
[1m[33mERRCODE_MSOPTIMEOUT[0m
[1m[33mERRCODE_MSOPTIMEOUT[0m
[1m[33mERRCODE_MSOPTIMEOUT[0m
[1m[33mERRCODE_MSOPTIMEOUT[0m
[1m[33mERRCODE_MSOPTIMEOUT[0m
[1m[33mERRCODE_MSOPTIMEOUT[0m
[1m[33mERRCODE_MSOPTIMEOUT[0m
[1m[33mERRCODE_MSOPTIMEOUT[0m
[1m[33mERRCODE_MSOPTIMEOUT[0m
[1m[33mERRCODE_MSOPTIMEOUT[0m
[1m[33mERRCODE_MSOPTIMEOUT[0m
[1m[33mERRCODE_MSOPTIMEOUT[0m
[1m[33mERRCODE_MSOPTIMEOUT[0m
[1m[33mERRCODE_MSOPTIMEOUT[0m
[1m[33mERRCODE_MSOPTIMEOUT[0m
[1m[33mERRCODE_MSOPTIMEOUT[0m
[1m[33mERRCODE_MSOPTIMEOUT[0m
[1m[33mERRCODE_MSOPTIMEOUT[0m
[1m[33mERRCODE_MSOPTIMEOUT[0m
[1m[33mERRCODE_MSOPTIMEOUT[0m
[1m[33mERRCODE_MSOPTIMEOUT[0m
[1m[33mERRCODE_MSOPTIMEOUT[0m
[1m[33mERRCODE_MSOPTIMEOUT[0m
[1m[33mERRCODE_MSOPTIMEOUT[0m
[1m[33mERRCODE_MSOPTIMEOUT[0m
[1m[33mERRCODE_MSOPTIMEOUT[0m
[1m[33mERRCODE_MSOPTIMEOUT[0m
[1m[33mERRCODE_MSOPTIMEOUT[0m
[1m[33mERRCODE_MSOPTIMEOUT[0m
[1m[33mERRCODE_MSOPTIMEOUT[0m
[1m[33mERRCODE_MSOPTIMEOUT[0m
[1m[33mERRCODE_MSOPTIMEOUT[0m
[1m[33mERRCODE_MSOPTIMEOUT[0m
[1m[33mERRCODE_MSOPTIMEOUT[0m
[1m[33mERRCODE_MSOPTIMEOUT[0m
[1m[33mERRCODE_MSOPTIMEOUT[0m
[1m[33mERRCODE_MSOPTIMEOUT[0m
[1m[33mERRCODE_MSOPTIMEOUT[0m
[1m[33mERRCODE_MSOPTIMEOUT[0m
[1m[33mERRCODE_MSOPTIMEOUT[0m
[1m[33mERRCODE_MSOPTIMEOUT[0m
[1m[33mERRCODE_MSOPTIMEOUT[0m
[1m[33mERRCODE_MSOPTIMEOUT[0m
[1m[33mERRCODE_MSOPTIMEOUT[0m
[1m[33mERRCODE_MSOPTIMEOUT[0m
[1m[33mERRCODE_MSOPTIMEOUT[0m
[1m[33mERRCODE_MSOPTIMEOUT[0m
[1m[33mERRCODE_MSOPTIMEOUT[0m
[1m[33mERRCODE_MSOPTIMEOUT[0m
[1m[33mERRCODE_MSOPTIMEOUT[0m
[1m[33mERRCODE_MSOPTIMEOUT[0m
[1m[33mERRCODE_MSOPTIMEOUT[0m
[1m[33mERRCODE_MSOPTIMEOUT[0m
[1m[33mERRCODE_MSOPTIMEOUT[0m
[1m[33mERRCODE_MSOPTIMEOUT[0m
[1m[33mERRCODE_MSOPTIMEOUT[0m
[1m[33mERRCODE_MSOPTIMEOUT[0m
[1m[33mERRCODE_MSOPTIMEOUT[0m
[1m[33mERRCODE_MSOPTIMEOUT[0m
[1m[33mERRCODE_MSOPTIMEOUT[0m
[1m[33mERRCODE_MSOPTIMEOUT[0m
[1m[33mERRCODE_MSOPTIMEOUT[0m
[1m[33mERRCODE_MSOPTIMEOUT[0m
[1m[33mERRCODE_MSOPTIMEOUT[0m
[1m[33mERRCODE_MSOPTIMEOUT[0m
[1m[33mERRCODE_MSOPTIMEOUT[0m
[1m[33mERRCODE_MSOPTIMEOUT[0m
[1m[33mERRCODE_MSOPTIMEOUT[0m
[1m[33mERRCODE_MSOPTIMEOUT[0m
[1m[33mERRCODE_MSOPTIMEOUT[0m
[1m[33mERRCODE_MSOPTIMEOUT[0m
[1m[33mERRCODE_MSOPTIMEOUT[0m
[1m[33mERRCODE_MSOPTIMEOUT[0m
[1m[33mERRCODE_MSOPTIMEOUT[0m
[1m[33mERRCODE_MSOPTIMEOUT[0m
[1m[33mERRCODE_MSOPTIMEOUT[0m
[1m[33mERRCODE_MSOPTIMEOUT[0m
[1m[33mERRCODE_MSOPTIMEOUT[0m
[1m[33mERRCODE_MSOPTIMEOUT[0m
[1m[33mERRCODE_MSOPTIMEOUT[0m
[1m[33mERRCODE_MSOPTIMEOUT[0m
[1m[33mERRCODE_MSOPTIMEOUT[0m
[1m[33mERRCODE_MSOPTIMEOUT[0m
[1m[33mERRCODE_MSOPTIMEOUT[0m
[1m[33mERRCODE_MSOPTIMEOUT[0m
[1m[33mERRCODE_MSOPTIMEOUT[0m
[1m[33mERRCODE_MSOPTIMEOUT[0m
[1m[33mERRCODE_MSOPTIMEOUT[0m
[1m[33mERRCODE_MSOPTIMEOUT[0m
[1m[33mERRCODE_MSOPTIMEOUT[0m
[1m[33mERRCODE_MSOPTIMEOUT[0m
[1m[33mERRCODE_MSOPTIMEOUT[0m
[1m[33mERRCODE_MSOPTIMEOUT[0m
[1m[33mERRCODE_MSOPTIMEOUT[0m
[1m[33mERRCODE_MSOPTIMEOUT[0m
[1m[33mERRCODE_MSOPTIMEOUT[0m
[1m[33mERRCODE_MSOPTIMEOUT[0m
[1m[33mERRCODE_MSOPTIMEOUT[0m
[1m[33mERRCODE_MSOPTIMEOUT[0m
[1m[33mERRCODE_MSOPTIMEOUT[0m
[1m[33mERRCODE_MSOPTIMEOUT[0m
[1m[33mERRCODE_MSOPTIMEOUT[0m
[1m[33mERRCODE_MSOPTIMEOUT[0m
[1m[33mERRCODE_MSOPTIMEOUT[0m
[1m[33mERRCODE_MSOPTIMEOUT[0m
[1m[33mERRCODE_MSOPTIMEOUT[0m
[1m[33mERRCODE_MSOPTIMEOUT[0m
[1m[33mERRCODE_MSOPTIMEOUT[0m
[1m[33mERRCODE_MSOPTIMEOUT[0m
[1m[33mERRCODE_MSOPTIMEOUT[0m
[1m[33mERRCODE_MSOPTIMEOUT[0m
[1m[33mERRCODE_MSOPTIMEOUT[0m
[1m[33mERRCODE_MSOPTIMEOUT[0m
[1m[33mERRCODE_MSOPTIMEOUT[0m
[1m[33mERRCODE_MSOPTIMEOUT[0m
[1m[33mERRCODE_MSOPTIMEOUT[0m
[1m[33mERRCODE_MSOPTIMEOUT[0m
[1m[33mERRCODE_MSOPTIMEOUT[0m
[1m[33mERRCODE_MSOPTIMEOUT[0m
[1m[33mERRCODE_MSOPTIMEOUT[0m
[1m[33mERRCODE_MSOPTIMEOUT[0m
[1m[33mERRCODE_MSOPTIMEOUT[0m
[1m[33mERRCODE_MSOPTIMEOUT[0m
[1m[33mERRCODE_MSOPTIMEOUT[0m
[1m[33mERRCODE_MSOPTIMEOUT[0m
[1m[33mERRCODE_MSOPTIMEOUT[0m
[1m[33mERRCODE_MSOPTIMEOUT[0m
[1m[33mERRCODE_MSOPTIMEOUT[0m
[1m[33mERRCODE_MSOPTIMEOUT[0m
[1m[33mERRCODE_MSOPTIMEOUT[0m
[1m[33mERRCODE_MSOPTIMEOUT[0m
[1m[33mERRCODE_MSOPTIMEOUT[0m
[1m[33mERRCODE_MSOPTIMEOUT[0m
[1m[33mERRCODE_MSOPTIMEOUT[0m
[1m[33mERRCODE_MSOPTIMEOUT[0m
[1m[33mERRCODE_MSOPTIMEOUT[0m
[1m[33mERRCODE_MSOPTIMEOUT[0m
[1m[33mERRCODE_MSOPTIMEOUT[0m
[1m[33mERRCODE_MSOPTIMEOUT[0m
[1m[33mERRCODE_MSOPTIMEOUT[0m
[1m[33mERRCODE_MSOPTIMEOUT[0m
[1m[33mERRCODE_MSOPTIMEOUT[0m
[1m[33mERRCODE_MSOPTIMEOUT[0m
[1m[33mERRCODE_MSOPTIMEOUT[0m
[1m[33mERRCODE_MSOPTIMEOUT[0m
[1m[33mERRCODE_MSOPTIMEOUT[0m
[1m[33mERRCODE_MSOPTIMEOUT[0m
[1m[33mERRCODE_MSOPTIMEOUT[0m
[1m[33mERRCODE_MSOPTIMEOUT[0m
[1m[33mERRCODE_MSOPTIMEOUT[0m
[1m[33mERRCODE_MSOPTIMEOUT[0m
[1m[33mERRCODE_MSOPTIMEOUT[0m
[1m[33mERRCODE_MSOPTIMEOUT[0m
[1m[33mERRCODE_MSOPTIMEOUT[0m
[1m[33mERRCODE_MSOPTIMEOUT[0m
[1m[33mERRCODE_MSOPTIMEOUT[0m
[1m[33mERRCODE_MSOPTIMEOUT[0m
[1m[33mERRCODE_MSOPTIMEOUT[0m
[1m[33mERRCODE_MSOPTIMEOUT[0m
[1m[33mERRCODE_MSOPTIMEOUT[0m
[1m[33mERRCODE_MSOPTIMEOUT[0m
[1m[33mERRCODE_MSOPTIMEOUT[0m
[1m[33mERRCODE_MSOPTIMEOUT[0m
[1m[33mERRCODE_MSOPTIMEOUT[0m
[1m[33mERRCODE_MSOPTIMEOUT[0m
[1m[33mERRCODE_MSOPTIMEOUT[0m
[1m[33mERRCODE_MSOPTIMEOUT[0m
[1m[33mERRCODE_MSOPTIMEOUT[0m
[1m[33mERRCODE_MSOPTIMEOUT[0m
[1m[33mERRCODE_MSOPTIMEOUT[0m
[1m[33mERRCODE_MSOPTIMEOUT[0m
[1m[33mERRCODE_MSOPTIMEOUT[0m
[1m[33mERRCODE_MSOPTIMEOUT[0m
[1m[33mERRCODE_MSOPTIMEOUT[0m
[1m[33mERRCODE_MSOPTIMEOUT[0m
[1m[33mERRCODE_MSOPTIMEOUT[0m
[1m[33mERRCODE_MSOPTIMEOUT[0m
[1m[33mERRCODE_MSOPTIMEOUT[0m
[1m[33mERRCODE_MSOPTIMEOUT[0m
[1m[33mERRCODE_MSOPTIMEOUT[0m
[1m[33mERRCODE_MSOPTIMEOUT[0m
[1m[33mERRCODE_MSOPTIMEOUT[0m
[1m[33mERRCODE_MSOPTIMEOUT[0m
[1m[33mERRCODE_MSOPTIMEOUT[0m
[1m[33mERRCODE_MSOPTIMEOUT[0m
[1m[33mERRCODE_MSOPTIMEOUT[0m
[1m[33mERRCODE_MSOPTIMEOUT[0m
[1m[33mERRCODE_MSOPTIMEOUT[0m
[1m[33mERRCODE_MSOPTIMEOUT[0m
[1m[33mERRCODE_MSOPTIMEOUT[0m
[1m[33mERRCODE_MSOPTIMEOUT[0m
[1m[33mERRCODE_MSOPTIMEOUT[0m
[1m[33mERRCODE_MSOPTIMEOUT[0m
[1m[33mERRCODE_MSOPTIMEOUT[0m
[1m[33mERRCODE_MSOPTIMEOUT[0m
[1m[33mERRCODE_MSOPTIMEOUT[0m
[1m[33mERRCODE_MSOPTIMEOUT[0m
[1m[33mERRCODE_MSOPTIMEOUT[0m
[1m[33mERRCODE_MSOPTIMEOUT[0m
[1m[33mERRCODE_MSOPTIMEOUT[0m
[1m[33mERRCODE_MSOPTIMEOUT[0m
[1m[33mERRCODE_MSOPTIMEOUT[0m
[1m[33mERRCODE_MSOPTIMEOUT[0m
[1m[33mERRCODE_MSOPTIMEOUT[0m
[1m[33mERRCODE_MSOPTIMEOUT[0m
[1m[33mERRCODE_MSOPTIMEOUT[0m
[1m[33mERRCODE_MSOPTIMEOUT[0m
[1m[33mERRCODE_MSOPTIMEOUT[0m
[1m[33mERRCODE_MSOPTIMEOUT[0m
[1m[33mERRCODE_MSOPTIMEOUT[0m
[1m[33mERRCODE_MSOPTIMEOUT[0m
[1m[33mERRCODE_MSOPTIMEOUT[0m
[1m[33mERRCODE_MSOPTIMEOUT[0m
[1m[33mERRCODE_MSOPTIMEOUT[0m
[1m[33mERRCODE_MSOPTIMEOUT[0m
[1m[33mERRCODE_MSOPTIMEOUT[0m
[1m[33mERRCODE_MSOPTIMEOUT[0m
[1m[33mERRCODE_MSOPTIMEOUT[0m
[1m[33mERRCODE_MSOPTIMEOUT[0m
[1m[33mERRCODE_MSOPTIMEOUT[0m
[1m[33mERRCODE_MSOPTIMEOUT[0m
[1m[33mERRCODE_MSOPTIMEOUT[0m
[1m[33mERRCODE_MSOPTIMEOUT[0m
[1m[33mERRCODE_MSOPTIMEOUT[0m
[1m[33mERRCODE_MSOPTIMEOUT[0m
[1m[33mERRCODE_MSOPTIMEOUT[0m
[1m[33mERRCODE_MSOPTIMEOUT[0m
[1m[33mERRCODE_MSOPTIMEOUT[0m
[1m[33mERRCODE_MSOPTIMEOUT[0m
[1m[33mERRCODE_MSOPTIMEOUT[0m
[1m[33mERRCODE_MSOPTIMEOUT[0m
[1m[33mERRCODE_MSOPTIMEOUT[0m
[1m[33mERRCODE_MSOPTIMEOUT[0m
[1m[33mERRCODE_MSOPTIMEOUT[0m
[1m[33mERRCODE_MSOPTIMEOUT[0m
[1m[33mERRCODE_MSOPTIMEOUT[0m
[1m[33mERRCODE_MSOPTIMEOUT[0m
[1m[33mERRCODE_MSOPTIMEOUT[0m
[1m[33mERRCODE_MSOPTIMEOUT[0m
[1m[33mERRCODE_MSOPTIMEOUT[0m
[1m[33mERRCODE_MSOPTIMEOUT[0m
[1m[33mERRCODE_MSOPTIMEOUT[0m
[1m[33mERRCODE_MSOPTIMEOUT[0m
[1m[33mERRCODE_MSOPTIMEOUT[0m
[1m[33mERRCODE_MSOPTIMEOUT[0m
[1m[33mERRCODE_MSOPTIMEOUT[0m
[1m[33mERRCODE_MSOPTIMEOUT[0m
[1m[33mERRCODE_MSOPTIMEOUT[0m
[1m[33mERRCODE_MSOPTIMEOUT[0m
[1m[33mERRCODE_MSOPTIMEOUT[0m
[1m[33mERRCODE_MSOPTIMEOUT[0m
[1m[33mERRCODE_MSOPTIMEOUT[0m
[1m[33mERRCODE_MSOPTIMEOUT[0m
[1m[33mERRCODE_MSOPTIMEOUT[0m
[1m[33mERRCODE_MSOPTIMEOUT[0m
[1m[33mERRCODE_MSOPTIMEOUT[0m
[1m[33mERRCODE_MSOPTIMEOUT[0m
[1m[33mERRCODE_MSOPTIMEOUT[0m
[1m[33mERRCODE_MSOPTIMEOUT[0m
[1m[33mERRCODE_MSOPTIMEOUT[0m
[1m[33mERRCODE_MSOPTIMEOUT[0m
[1m[33mERRCODE_MSOPTIMEOUT[0m
[1m[33mERRCODE_MSOPTIMEOUT[0m
[1m[33mERRCODE_MSOPTIMEOUT[0m
[1m[33mERRCODE_MSOPTIMEOUT[0m
[1m[33mERRCODE_MSOPTIMEOUT[0m
[1m[33mERRCODE_MSOPTIMEOUT[0m
[1m[33mERRCODE_MSOPTIMEOUT[0m
[1m[33mERRCODE_MSOPTIMEOUT[0m
[1m[33mERRCODE_MSOPTIMEOUT[0m
[1m[33mERRCODE_MSOPTIMEOUT[0m
[1m[33mERRCODE_MSOPTIMEOUT[0m
[1m[33mERRCODE_MSOPTIMEOUT[0m
[1m[33mERRCODE_MSOPTIMEOUT[0m
[1m[33mERRCODE_MSOPTIMEOUT[0m
[1m[33mERRCODE_MSOPTIMEOUT[0m
[1m[33mERRCODE_MSOPTIMEOUT[0m
[1m[33mERRCODE_MSOPTIMEOUT[0m
[1m[33mERRCODE_MSOPTIMEOUT[0m
[1m[33mERRCODE_MSOPTIMEOUT[0m
[1m[33mERRCODE_MSOPTIMEOUT[0m
[1m[33mERRCODE_MSOPTIMEOUT[0m
[1m[33mERRCODE_MSOPTIMEOUT[0m
[1m[33mERRCODE_MSOPTIMEOUT[0m
[1m[33mERRCODE_MSOPTIMEOUT[0m
[1m[33mERRCODE_MSOPTIMEOUT[0m
[1m[33mERRCODE_MSOPTIMEOUT[0m
[1m[33mERRCODE_MSOPTIMEOUT[0m
[1m[33mERRCODE_MSOPTIMEOUT[0m
[1m[33mERRCODE_MSOPTIMEOUT[0m
[1m[33mERRCODE_MSOPTIMEOUT[0m
[1m[33mERRCODE_MSOPTIMEOUT[0m
[1m[33mERRCODE_MSOPTIMEOUT[0m
[1m[33mERRCODE_MSOPTIMEOUT[0m
[1m[33mERRCODE_MSOPTIMEOUT[0m
[1m[33mERRCODE_MSOPTIMEOUT[0m
[1m[33mERRCODE_MSOPTIMEOUT[0m
[1m[33mERRCODE_MSOPTIMEOUT[0m
[1m[33mERRCODE_MSOPTIMEOUT[0m
[1m[33mERRCODE_MSOPTIMEOUT[0m
[1m[33mERRCODE_MSOPTIMEOUT[0m
[1m[33mERRCODE_MSOPTIMEOUT[0m
[1m[33mERRCODE_MSOPTIMEOUT[0m
[1m[33mERRCODE_MSOPTIMEOUT[0m
[1m[33mERRCODE_MSOPTIMEOUT[0m
[1m[33mERRCODE_MSOPTIMEOUT[0m
[1m[33mERRCODE_MSOPTIMEOUT[0m
[1m[33mERRCODE_MSOPTIMEOUT[0m
[1m[33mERRCODE_MSOPTIMEOUT[0m
[1m[33mERRCODE_MSOPTIMEOUT[0m
[1m[33mERRCODE_MSOPTIMEOUT[0m
[1m[33mERRCODE_MSOPTIMEOUT[0m
[1m[33mERRCODE_MSOPTIMEOUT[0m
[1m[33mERRCODE_MSOPTIMEOUT[0m
[1m[33mERRCODE_MSOPTIMEOUT[0m
[1m[33mERRCODE_MSOPTIMEOUT[0m
[1m[33mERRCODE_MSOPTIMEOUT[0m
[1m[33mERRCODE_MSOPTIMEOUT[0m
[1m[33mERRCODE_MSOPTIMEOUT[0m
[1m[33mERRCODE_MSOPTIMEOUT[0m
[1m[33mERRCODE_MSOPTIMEOUT[0m
[1m[33mERRCODE_MSOPTIMEOUT[0m
[1m[33mERRCODE_MSOPTIMEOUT[0m
[1m[33mERRCODE_MSOPTIMEOUT[0m
[1m[33mERRCODE_MSOPTIMEOUT[0m
[1m[33mERRCODE_MSOPTIMEOUT[0m
[1m[33mERRCODE_MSOPTIMEOUT[0m
[1m[33mERRCODE_MSOPTIMEOUT[0m
[1m[33mERRCODE_MSOPTIMEOUT[0m
[1m[33mERRCODE_MSOPTIMEOUT[0m
[1m[33mERRCODE_MSOPTIMEOUT[0m
[1m[33mERRCODE_MSOPTIMEOUT[0m
[1m[33mERRCODE_MSOPTIMEOUT[0m
[1m[33mERRCODE_MSOPTIMEOUT[0m
[1m[33mERRCODE_MSOPTIMEOUT[0m
[1m[33mERRCODE_MSOPTIMEOUT[0m
[1m[33mERRCODE_MSOPTIMEOUT[0m
[1m[33mERRCODE_MSOPTIMEOUT[0m
[1m[33mERRCODE_MSOPTIMEOUT[0m
[1m[33mERRCODE_MSOPTIMEOUT[0m
[1m[33mERRCODE_MSOPTIMEOUT[0m
[1m[33mERRCODE_MSOPTIMEOUT[0m
[1m[33mERRCODE_MSOPTIMEOUT[0m
[1m[33mERRCODE_MSOPTIMEOUT[0m
[1m[33mERRCODE_MSOPTIMEOUT[0m
[1m[33mERRCODE_MSOPTIMEOUT[0m
[1m[33mERRCODE_MSOPTIMEOUT[0m
[1m[33mERRCODE_MSOPTIMEOUT[0m
[1m[33mERRCODE_MSOPTIMEOUT[0m
[1m[33mERRCODE_MSOPTIMEOUT[0m
[1m[33mERRCODE_MSOPTIMEOUT[0m
[1m[33mERRCODE_MSOPTIMEOUT[0m
[1m[33mERRCODE_MSOPTIMEOUT[0m
[1m[33mERRCODE_MSOPTIMEOUT[0m
[1m[33mERRCODE_MSOPTIMEOUT[0m
[1m[33mERRCODE_MSOPTIMEOUT[0m
[1m[33mERRCODE_MSOPTIMEOUT[0m
[1m[33mERRCODE_MSOPTIMEOUT[0m
[1m[33mERRCODE_MSOPTIMEOUT[0m
[1m[33mERRCODE_MSOPTIMEOUT[0m
[1m[33mERRCODE_MSOPTIMEOUT[0m
[1m[33mERRCODE_MSOPTIMEOUT[0m
[1m[33mERRCODE_MSOPTIMEOUT[0m
[1m[33mERRCODE_MSOPTIMEOUT[0m
[1m[33mERRCODE_MSOPTIMEOUT[0m
[1m[33mERRCODE_MSOPTIMEOUT[0m
[1m[33mERRCODE_MSOPTIMEOUT[0m
[1m[33mERRCODE_MSOPTIMEOUT[0m
[1m[33mERRCODE_MSOPTIMEOUT[0m
[1m[33mERRCODE_MSOPTIMEOUT[0m
[1m[33mERRCODE_MSOPTIMEOUT[0m
[1m[33mERRCODE_MSOPTIMEOUT[0m
[1m[33mERRCODE_MSOPTIMEOUT[0m
[1m[33mERRCODE_MSOPTIMEOUT[0m
[1m[33mERRCODE_MSOPTIMEOUT[0m
[1m[33mERRCODE_MSOPTIMEOUT[0m
[1m[33mERRCODE_MSOPTIMEOUT[0m
[1m[33mERRCODE_MSOPTIMEOUT[0m
[1m[33mERRCODE_MSOPTIMEOUT[0m
[1m[33mERRCODE_MSOPTIMEOUT[0m
[1m[33mERRCODE_MSOPTIMEOUT[0m
[1m[33mERRCODE_MSOPTIMEOUT[0m
[1m[33mERRCODE_MSOPTIMEOUT[0m
[1m[33mERRCODE_MSOPTIMEOUT[0m
[1m[33mERRCODE_MSOPTIMEOUT[0m
[1m[33mERRCODE_MSOPTIMEOUT[0m
[1m[33mERRCODE_MSOPTIMEOUT[0m
[1m[33mERRCODE_MSOPTIMEOUT[0m
[1m[33mERRCODE_MSOPTIMEOUT[0m
[1m[33mERRCODE_MSOPTIMEOUT[0m
[1m[33mERRCODE_MSOPTIMEOUT[0m
[1m[33mERRCODE_MSOPTIMEOUT[0m
[1m[33mERRCODE_MSOPTIMEOUT[0m
[1m[33mERRCODE_MSOPTIMEOUT[0m
[1m[33mERRCODE_MSOPTIMEOUT[0m
[1m[33mERRCODE_MSOPTIMEOUT[0m
[1m[33mERRCODE_MSOPTIMEOUT[0m
[1m[33mERRCODE_MSOPTIMEOUT[0m
[1m[33mERRCODE_MSOPTIMEOUT[0m
[1m[33mERRCODE_MSOPTIMEOUT[0m
[1m[33mERRCODE_MSOPTIMEOUT[0m
[1m[33mERRCODE_MSOPTIMEOUT[0m
[1m[33mERRCODE_MSOPTIMEOUT[0m
[1m[33mERRCODE_MSOPTIMEOUT[0m
[1m[33mERRCODE_MSOPTIMEOUT[0m
[1m[33mERRCODE_MSOPTIMEOUT[0m
[1m[33mERRCODE_MSOPTIMEOUT[0m
[1m[33mERRCODE_MSOPTIMEOUT[0m
[1m[33mERRCODE_MSOPTIMEOUT[0m
[1m[33mERRCODE_MSOPTIMEOUT[0m
[1m[33mERRCODE_MSOPTIMEOUT[0m
[1m[33mERRCODE_MSOPTIMEOUT[0m
[1m[33mERRCODE_MSOPTIMEOUT[0m
[1m[33mERRCODE_MSOPTIMEOUT[0m
[1m[33mERRCODE_MSOPTIMEOUT[0m
[1m[33mERRCODE_MSOPTIMEOUT[0m
[1m[33mERRCODE_MSOPTIMEOUT[0m
[1m[33mERRCODE_MSOPTIMEOUT[0m
[1m[33mERRCODE_MSOPTIMEOUT[0m
[1m[33mERRCODE_MSOPTIMEOUT[0m
[1m[33mERRCODE_MSOPTIMEOUT[0m
[1m[33mERRCODE_MSOPTIMEOUT[0m
[1m[33mERRCODE_MSOPTIMEOUT[0m
[1m[33mERRCODE_MSOPTIMEOUT[0m
[1m[33mERRCODE_MSOPTIMEOUT[0m
[1m[33mERRCODE_MSOPTIMEOUT[0m
[1m[33mERRCODE_MSOPTIMEOUT[0m
[1m[33mERRCODE_MSOPTIMEOUT[0m
[1m[33mERRCODE_MSOPTIMEOUT[0m
[1m[33mERRCODE_MSOPTIMEOUT[0m
[1m[33mERRCODE_MSOPTIMEOUT[0m
[1m[33mERRCODE_MSOPTIMEOUT[0m
[1m[33mERRCODE_MSOPTIMEOUT[0m
[1m[33mERRCODE_MSOPTIMEOUT[0m
[1m[33mERRCODE_MSOPTIMEOUT[0m
[1m[33mERRCODE_MSOPTIMEOUT[0m
[1m[33mERRCODE_MSOPTIMEOUT[0m
[1m[33mERRCODE_MSOPTIMEOUT[0m
[1m[33mERRCODE_MSOPTIMEOUT[0m
[1m[33mERRCODE_MSOPTIMEOUT[0m
[1m[33mERRCODE_MSOPTIMEOUT[0m
[1m[33mERRCODE_MSOPTIMEOUT[0m
[1m[33mERRCODE_MSOPTIMEOUT[0m
[1m[33mERRCODE_MSOPTIMEOUT[0m
[1m[33mERRCODE_MSOPTIMEOUT[0m
[1m[33mERRCODE_MSOPTIMEOUT[0m
[1m[33mERRCODE_MSOPTIMEOUT[0m
[1m[33mERRCODE_MSOPTIMEOUT[0m
[1m[33mERRCODE_MSOPTIMEOUT[0m
[1m[33mERRCODE_MSOPTIMEOUT[0m
[1m[33mERRCODE_MSOPTIMEOUT[0m
[1m[33mERRCODE_MSOPTIMEOUT[0m
[1m[33mERRCODE_MSOPTIMEOUT[0m
[1m[33mERRCODE_MSOPTIMEOUT[0m
[1m[33mERRCODE_MSOPTIMEOUT[0m
[1m[33mERRCODE_MSOPTIMEOUT[0m
[1m[33mERRCODE_MSOPTIMEOUT[0m
[1m[33mERRCODE_MSOPTIMEOUT[0m
[1m[33mERRCODE_MSOPTIMEOUT[0m
[1m[33mERRCODE_MSOPTIMEOUT[0m
[1m[33mERRCODE_MSOPTIMEOUT[0m
[1m[33mERRCODE_MSOPTIMEOUT[0m
[1m[33mERRCODE_MSOPTIMEOUT[0m
[1m[33mERRCODE_MSOPTIMEOUT[0m
[1m[33mERRCODE_MSOPTIMEOUT[0m
[1m[33mERRCODE_MSOPTIMEOUT[0m
[1m[33mERRCODE_MSOPTIMEOUT[0m
[1m[33mERRCODE_MSOPTIMEOUT[0m
[1m[33mERRCODE_MSOPTIMEOUT[0m
[1m[33mERRCODE_MSOPTIMEOUT[0m
[1m[33mERRCODE_MSOPTIMEOUT[0m
[1m[33mERRCODE_MSOPTIMEOUT[0m
[1m[33mERRCODE_MSOPTIMEOUT[0m
[1m[33mERRCODE_MSOPTIMEOUT[0m
[1m[33mERRCODE_MSOPTIMEOUT[0m
[1m[33mERRCODE_MSOPTIMEOUT[0m
[1m[33mERRCODE_MSOPTIMEOUT[0m
[1m[33mERRCODE_MSOPTIMEOUT[0m
[1m[33mERRCODE_MSOPTIMEOUT[0m
[1m[33mERRCODE_MSOPTIMEOUT[0m
[1m[33mERRCODE_MSOPTIMEOUT[0m
[1m[33mERRCODE_MSOPTIMEOUT[0m
[1m[33mERRCODE_MSOPTIMEOUT[0m
[1m[33mERRCODE_MSOPTIMEOUT[0m
[1m[33mERRCODE_MSOPTIMEOUT[0m
[1m[33mERRCODE_MSOPTIMEOUT[0m
[1m[33mERRCODE_MSOPTIMEOUT[0m
[1m[33mERRCODE_MSOPTIMEOUT[0m
[1m[33mERRCODE_MSOPTIMEOUT[0m
[1m[33mERRCODE_MSOPTIMEOUT[0m
[1m[33mERRCODE_MSOPTIMEOUT[0m
[1m[33mERRCODE_MSOPTIMEOUT[0m
[1m[33mERRCODE_MSOPTIMEOUT[0m
[1m[33mERRCODE_MSOPTIMEOUT[0m
[1m[33mERRCODE_MSOPTIMEOUT[0m
[1m[33mERRCODE_MSOPTIMEOUT[0m
[1m[33mERRCODE_MSOPTIMEOUT[0m
[1m[33mERRCODE_MSOPTIMEOUT[0m
[1m[33mERRCODE_MSOPTIMEOUT[0m
[1m[33mERRCODE_MSOPTIMEOUT[0m
[1m[33mERRCODE_MSOPTIMEOUT[0m
[1m[33mERRCODE_MSOPTIMEOUT[0m
[1m[33mERRCODE_MSOPTIMEOUT[0m
[1m[33mERRCODE_MSOPTIMEOUT[0m
[1m[33mERRCODE_MSOPTIMEOUT[0m
[1m[33mERRCODE_MSOPTIMEOUT[0m
[1m[33mERRCODE_MSOPTIMEOUT[0m
[1m[33mERRCODE_MSOPTIMEOUT[0m
[1m[33mERRCODE_MSOPTIMEOUT[0m
[1m[33mERRCODE_MSOPTIMEOUT[0m
[1m[33mERRCODE_MSOPTIMEOUT[0m
[1m[33mERRCODE_MSOPTIMEOUT[0m
[1m[33mERRCODE_MSOPTIMEOUT[0m
[1m[33mERRCODE_MSOPTIMEOUT[0m
[1m[33mERRCODE_MSOPTIMEOUT[0m
[1m[33mERRCODE_MSOPTIMEOUT[0m
[1m[33mERRCODE_MSOPTIMEOUT[0m
[1m[33mERRCODE_MSOPTIMEOUT[0m
[1m[33mERRCODE_MSOPTIMEOUT[0m
[1m[33mERRCODE_MSOPTIMEOUT[0m
[1m[33mERRCODE_MSOPTIMEOUT[0m
[1m[33mERRCODE_MSOPTIMEOUT[0m
[1m[33mERRCODE_MSOPTIMEOUT[0m
[1m[33mERRCODE_MSOPTIMEOUT[0m
[1m[33mERRCODE_MSOPTIMEOUT[0m
[1m[33mERRCODE_MSOPTIMEOUT[0m
[1m[33mERRCODE_MSOPTIMEOUT[0m
[1m[33mERRCODE_MSOPTIMEOUT[0m
[1m[33mERRCODE_MSOPTIMEOUT[0m
[1m[33mERRCODE_MSOPTIMEOUT[0m
[1m[33mERRCODE_MSOPTIMEOUT[0m
[1m[33mERRCODE_MSOPTIMEOUT[0m
[1m[33mERRCODE_MSOPTIMEOUT[0m
[1m[33mERRCODE_MSOPTIMEOUT[0m
[1m[33mERRCODE_MSOPTIMEOUT[0m
[1m[33mERRCODE_MSOPTIMEOUT[0m
[1m[33mERRCODE_MSOPTIMEOUT[0m
[1m[33mERRCODE_MSOPTIMEOUT[0m
[1m[33mERRCODE_MSOPTIMEOUT[0m
[1m[33mERRCODE_MSOPTIMEOUT[0m
[1m[33mERRCODE_MSOPTIMEOUT[0m
[1m[33mERRCODE_MSOPTIMEOUT[0m
[1m[33mERRCODE_MSOPTIMEOUT[0m
[1m[33mERRCODE_MSOPTIMEOUT[0m
[1m[33mERRCODE_MSOPTIMEOUT[0m
[1m[33mERRCODE_MSOPTIMEOUT[0m
[1m[33mERRCODE_MSOPTIMEOUT[0m
[1m[33mERRCODE_MSOPTIMEOUT[0m
[1m[33mERRCODE_MSOPTIMEOUT[0m
[1m[33mERRCODE_MSOPTIMEOUT[0m
[1m[33mERRCODE_MSOPTIMEOUT[0m
[1m[33mERRCODE_MSOPTIMEOUT[0m
[1m[33mERRCODE_MSOPTIMEOUT[0m
[1m[33mERRCODE_MSOPTIMEOUT[0m
[1m[33mERRCODE_MSOPTIMEOUT[0m
[1m[33mERRCODE_MSOPTIMEOUT[0m
[1m[33mERRCODE_MSOPTIMEOUT[0m
[1m[33mERRCODE_MSOPTIMEOUT[0m
[1m[33mERRCODE_MSOPTIMEOUT[0m
[1m[33mERRCODE_MSOPTIMEOUT[0m
[1m[33mERRCODE_MSOPTIMEOUT[0m
[1m[33mERRCODE_MSOPTIMEOUT[0m
[1m[33mERRCODE_MSOPTIMEOUT[0m
[1m[33mERRCODE_MSOPTIMEOUT[0m
[1m[33mERRCODE_MSOPTIMEOUT[0m
[1m[33mERRCODE_MSOPTIMEOUT[0m
[1m[33mERRCODE_MSOPTIMEOUT[0m
[1m[33mERRCODE_MSOPTIMEOUT[0m
[1m[33mERRCODE_MSOPTIMEOUT[0m
[1m[33mERRCODE_MSOPTIMEOUT[0m
[1m[33mERRCODE_MSOPTIMEOUT[0m
[1m[33mERRCODE_MSOPTIMEOUT[0m
[1m[33mERRCODE_MSOPTIMEOUT[0m
[1m[33mERRCODE_MSOPTIMEOUT[0m
[1m[33mERRCODE_MSOPTIMEOUT[0m
[1m[33mERRCODE_MSOPTIMEOUT[0m
[1m[33mERRCODE_MSOPTIMEOUT[0m
[1m[33mERRCODE_MSOPTIMEOUT[0m
[1m[33mERRCODE_MSOPTIMEOUT[0m
[1m[33mERRCODE_MSOPTIMEOUT[0m
[1m[33mERRCODE_MSOPTIMEOUT[0m
[1m[33mERRCODE_MSOPTIMEOUT[0m
[1m[33mERRCODE_MSOPTIMEOUT[0m
[1m[33mERRCODE_MSOPTIMEOUT[0m
[1m[33mERRCODE_MSOPTIMEOUT[0m
[1m[33mERRCODE_MSOPTIMEOUT[0m
[1m[33mERRCODE_MSOPTIMEOUT[0m
[1m[33mERRCODE_MSOPTIMEOUT[0m
[1m[33mERRCODE_MSOPTIMEOUT[0m
[1m[33mERRCODE_MSOPTIMEOUT[0m
[1m[33mERRCODE_MSOPTIMEOUT[0m
[1m[33mERRCODE_MSOPTIMEOUT[0m
[1m[33mERRCODE_MSOPTIMEOUT[0m
[1m[33mERRCODE_MSOPTIMEOUT[0m
[1m[33mERRCODE_MSOPTIMEOUT[0m
[1m[33mERRCODE_MSOPTIMEOUT[0m
[1m[33mERRCODE_MSOPTIMEOUT[0m
[1m[33mERRCODE_MSOPTIMEOUT[0m
[1m[33mERRCODE_MSOPTIMEOUT[0m
[1m[33mERRCODE_MSOPTIMEOUT[0m
[1m[33mERRCODE_MSOPTIMEOUT[0m
[1m[33mERRCODE_MSOPTIMEOUT[0m
[1m[33mERRCODE_MSOPTIMEOUT[0m
[1m[33mERRCODE_MSOPTIMEOUT[0m
[1m[33mERRCODE_MSOPTIMEOUT[0m
[1m[33mERRCODE_MSOPTIMEOUT[0m
[1m[33mERRCODE_MSOPTIMEOUT[0m
[1m[33mERRCODE_MSOPTIMEOUT[0m
[1m[33mERRCODE_MSOPTIMEOUT[0m
[1m[33mERRCODE_MSOPTIMEOUT[0m
[1m[33mERRCODE_MSOPTIMEOUT[0m
[1m[33mERRCODE_MSOPTIMEOUT[0m
[1m[33mERRCODE_MSOPTIMEOUT[0m
[1m[33mERRCODE_MSOPTIMEOUT[0m
[1m[33mERRCODE_MSOPTIMEOUT[0m
[1m[33mERRCODE_MSOPTIMEOUT[0m
[1m[33mERRCODE_MSOPTIMEOUT[0m
[1m[33mERRCODE_MSOPTIMEOUT[0m
[1m[33mERRCODE_MSOPTIMEOUT[0m
[1m[33mERRCODE_MSOPTIMEOUT[0m
[1m[33mERRCODE_MSOPTIMEOUT[0m
[1m[33mERRCODE_MSOPTIMEOUT[0m
[1m[33mERRCODE_MSOPTIMEOUT[0m
[1m[33mERRCODE_MSOPTIMEOUT[0m
[1m[33mERRCODE_MSOPTIMEOUT[0m
[1m[33mERRCODE_MSOPTIMEOUT[0m
[1m[33mERRCODE_MSOPTIMEOUT[0m
[1m[33mERRCODE_MSOPTIMEOUT[0m
[1m[33mERRCODE_MSOPTIMEOUT[0m
[1m[33mERRCODE_MSOPTIMEOUT[0m
[1m[33mERRCODE_MSOPTIMEOUT[0m
[1m[33mERRCODE_MSOPTIMEOUT[0m
[1m[33mERRCODE_MSOPTIMEOUT[0m
[1m[33mERRCODE_MSOPTIMEOUT[0m
[1m[33mERRCODE_MSOPTIMEOUT[0m
[1m[33mERRCODE_MSOPTIMEOUT[0m
[1m[33mERRCODE_MSOPTIMEOUT[0m
[1m[33mERRCODE_MSOPTIMEOUT[0m
[1m[33mERRCODE_MSOPTIMEOUT[0m
[1m[33mERRCODE_MSOPTIMEOUT[0m
[1m[33mERRCODE_MSOPTIMEOUT[0m
[1m[33mERRCODE_MSOPTIMEOUT[0m
[1m[33mERRCODE_MSOPTIMEOUT[0m
[1m[33mERRCODE_MSOPTIMEOUT[0m
[1m[33mERRCODE_MSOPTIMEOUT[0m
[1m[33mERRCODE_MSOPTIMEOUT[0m
[1m[33mERRCODE_MSOPTIMEOUT[0m
[1m[33mERRCODE_MSOPTIMEOUT[0m
[1m[33mERRCODE_MSOPTIMEOUT[0m
[1m[33mERRCODE_MSOPTIMEOUT[0m
[1m[33mERRCODE_MSOPTIMEOUT[0m
[1m[33mERRCODE_MSOPTIMEOUT[0m
[1m[33mERRCODE_MSOPTIMEOUT[0m
[1m[33mERRCODE_MSOPTIMEOUT[0m
[1m[33mERRCODE_MSOPTIMEOUT[0m
[1m[33mERRCODE_MSOPTIMEOUT[0m
[1m[33mERRCODE_MSOPTIMEOUT[0m
[1m[33mERRCODE_MSOPTIMEOUT[0m
[1m[33mERRCODE_MSOPTIMEOUT[0m
[1m[33mERRCODE_MSOPTIMEOUT[0m
[1m[33mERRCODE_MSOPTIMEOUT[0m
[1m[33mERRCODE_MSOPTIMEOUT[0m
[1m[33mERRCODE_MSOPTIMEOUT[0m
[1m[33mERRCODE_MSOPTIMEOUT[0m
[1m[33mERRCODE_MSOPTIMEOUT[0m
[1m[33mERRCODE_MSOPTIMEOUT[0m
[1m[33mERRCODE_MSOPTIMEOUT[0m
[1m[33mERRCODE_MSOPTIMEOUT[0m
[1m[33mERRCODE_MSOPTIMEOUT[0m
[1m[33mERRCODE_MSOPTIMEOUT[0m
[1m[33mERRCODE_MSOPTIMEOUT[0m
[1m[33mERRCODE_MSOPTIMEOUT[0m
[1m[33mERRCODE_MSOPTIMEOUT[0m
[1m[33mERRCODE_MSOPTIMEOUT[0m
[1m[33mERRCODE_MSOPTIMEOUT[0m
[1m[33mERRCODE_MSOPTIMEOUT[0m
[1m[33mERRCODE_MSOPTIMEOUT[0m
[1m[33mERRCODE_MSOPTIMEOUT[0m
[1m[33mERRCODE_MSOPTIMEOUT[0m
[1m[33mERRCODE_MSOPTIMEOUT[0m
[1m[33mERRCODE_MSOPTIMEOUT[0m
[1m[33mERRCODE_MSOPTIMEOUT[0m
[1m[33mERRCODE_MSOPTIMEOUT[0m
[1m[33mERRCODE_MSOPTIMEOUT[0m
[1m[33mERRCODE_MSOPTIMEOUT[0m
[1m[33mERRCODE_MSOPTIMEOUT[0m
[1m[33mERRCODE_MSOPTIMEOUT[0m
[1m[33mERRCODE_MSOPTIMEOUT[0m
[1m[33mERRCODE_MSOPTIMEOUT[0m
[1m[33mERRCODE_MSOPTIMEOUT[0m
[1m[33mERRCODE_MSOPTIMEOUT[0m
[1m[33mERRCODE_MSOPTIMEOUT[0m
[1m[33mERRCODE_MSOPTIMEOUT[0m
[1m[33mERRCODE_MSOPTIMEOUT[0m
[1m[33mERRCODE_MSOPTIMEOUT[0m
[1m[33mERRCODE_MSOPTIMEOUT[0m
[1m[33mERRCODE_MSOPTIMEOUT[0m
[1m[33mERRCODE_MSOPTIMEOUT[0m
[1m[33mERRCODE_MSOPTIMEOUT[0m
[1m[33mERRCODE_MSOPTIMEOUT[0m
[1m[33mERRCODE_MSOPTIMEOUT[0m
[1m[33mERRCODE_MSOPTIMEOUT[0m
[1m[33mERRCODE_MSOPTIMEOUT[0m
[1m[33mERRCODE_MSOPTIMEOUT[0m
[1m[33mERRCODE_MSOPTIMEOUT[0m
[1m[33mERRCODE_MSOPTIMEOUT[0m
[1m[33mERRCODE_MSOPTIMEOUT[0m
[1m[33mERRCODE_MSOPTIMEOUT[0m
[1m[33mERRCODE_MSOPTIMEOUT[0m
[1m[33mERRCODE_MSOPTIMEOUT[0m
[1m[33mERRCODE_MSOPTIMEOUT[0m
[1m[33mERRCODE_MSOPTIMEOUT[0m
[1m[33mERRCODE_MSOPTIMEOUT[0m
[1m[33mERRCODE_MSOPTIMEOUT[0m
[1m[33mERRCODE_MSOPTIMEOUT[0m
[1m[33mERRCODE_MSOPTIMEOUT[0m
[1m[33mERRCODE_MSOPTIMEOUT[0m
[1m[33mERRCODE_MSOPTIMEOUT[0m
[1m[33mERRCODE_MSOPTIMEOUT[0m
[1m[33mERRCODE_MSOPTIMEOUT[0m
[1m[33mERRCODE_MSOPTIMEOUT[0m
[1m[33mERRCODE_MSOPTIMEOUT[0m
[1m[33mERRCODE_MSOPTIMEOUT[0m
[1m[33mERRCODE_MSOPTIMEOUT[0m
[1m[33mERRCODE_MSOPTIMEOUT[0m
[1m[33mERRCODE_MSOPTIMEOUT[0m
[1m[33mERRCODE_MSOPTIMEOUT[0m
[1m[33mERRCODE_MSOPTIMEOUT[0m
[1m[33mERRCODE_MSOPTIMEOUT[0m
[1m[33mERRCODE_MSOPTIMEOUT[0m
[1m[33mERRCODE_MSOPTIMEOUT[0m
[1m[33mERRCODE_MSOPTIMEOUT[0m
[1m[33mERRCODE_MSOPTIMEOUT[0m
[1m[33mERRCODE_MSOPTIMEOUT[0m
[1m[33mERRCODE_MSOPTIMEOUT[0m
[1m[33mERRCODE_MSOPTIMEOUT[0m
[1m[33mERRCODE_MSOPTIMEOUT[0m
[1m[33mERRCODE_MSOPTIMEOUT[0m
[1m[33mERRCODE_MSOPTIMEOUT[0m
[1m[33mERRCODE_MSOPTIMEOUT[0m
[1m[33mERRCODE_MSOPTIMEOUT[0m
[1m[33mERRCODE_MSOPTIMEOUT[0m
[1m[33mERRCODE_MSOPTIMEOUT[0m
[1m[33mERRCODE_MSOPTIMEOUT[0m
[1m[33mERRCODE_MSOPTIMEOUT[0m
[1m[33mERRCODE_MSOPTIMEOUT[0m
[1m[33mERRCODE_MSOPTIMEOUT[0m
[1m[33mERRCODE_MSOPTIMEOUT[0m
[1m[33mERRCODE_MSOPTIMEOUT[0m
[1m[33mERRCODE_MSOPTIMEOUT[0m
[1m[33mERRCODE_MSOPTIMEOUT[0m
[1m[33mERRCODE_MSOPTIMEOUT[0m
[1m[33mERRCODE_MSOPTIMEOUT[0m
[1m[33mERRCODE_MSOPTIMEOUT[0m
[1m[33mERRCODE_MSOPTIMEOUT[0m
[1m[33mERRCODE_MSOPTIMEOUT[0m
[1m[33mERRCODE_MSOPTIMEOUT[0m
[1m[33mERRCODE_MSOPTIMEOUT[0m
[1m[33mERRCODE_MSOPTIMEOUT[0m
[1m[33mERRCODE_MSOPTIMEOUT[0m
[1m[33mERRCODE_MSOPTIMEOUT[0m
[1m[33mERRCODE_MSOPTIMEOUT[0m
[1m[33mERRCODE_MSOPTIMEOUT[0m
[1m[33mERRCODE_MSOPTIMEOUT[0m
[1m[33mERRCODE_MSOPTIMEOUT[0m
[1m[33mERRCODE_MSOPTIMEOUT[0m
[1m[33mERRCODE_MSOPTIMEOUT[0m
[1m[33mERRCODE_MSOPTIMEOUT[0m
[1m[33mERRCODE_MSOPTIMEOUT[0m
[1m[33mERRCODE_MSOPTIMEOUT[0m
[1m[33mERRCODE_MSOPTIMEOUT[0m
[1m[33mERRCODE_MSOPTIMEOUT[0m
[1m[33mERRCODE_MSOPTIMEOUT[0m
[1m[33mERRCODE_MSOPTIMEOUT[0m
[1m[33mERRCODE_MSOPTIMEOUT[0m
[1m[33mERRCODE_MSOPTIMEOUT[0m
[1m[33mERRCODE_MSOPTIMEOUT[0m
[1m[33mERRCODE_MSOPTIMEOUT[0m
[1m[33mERRCODE_MSOPTIMEOUT[0m
[1m[33mERRCODE_MSOPTIMEOUT[0m
[1m[33mERRCODE_MSOPTIMEOUT[0m
[1m[33mERRCODE_MSOPTIMEOUT[0m
[1m[33mERRCODE_MSOPTIMEOUT[0m
[1m[33mERRCODE_MSOPTIMEOUT[0m
[1m[33mERRCODE_MSOPTIMEOUT[0m
[1m[33mERRCODE_MSOPTIMEOUT[0m
[1m[33mERRCODE_MSOPTIMEOUT[0m
[1m[33mERRCODE_MSOPTIMEOUT[0m
[1m[33mERRCODE_MSOPTIMEOUT[0m
[1m[33mERRCODE_MSOPTIMEOUT[0m
[1m[33mERRCODE_MSOPTIMEOUT[0m
[1m[33mERRCODE_MSOPTIMEOUT[0m
[1m[33mERRCODE_MSOPTIMEOUT[0m
[1m[33mERRCODE_MSOPTIMEOUT[0m
[1m[33mERRCODE_MSOPTIMEOUT[0m
[1m[33mERRCODE_MSOPTIMEOUT[0m
[1m[33mERRCODE_MSOPTIMEOUT[0m
[1m[33mERRCODE_MSOPTIMEOUT[0m
[1m[33mERRCODE_MSOPTIMEOUT[0m
[1m[33mERRCODE_MSOPTIMEOUT[0m
[1m[33mERRCODE_MSOPTIMEOUT[0m
[1m[33mERRCODE_MSOPTIMEOUT[0m
[1m[33mERRCODE_MSOPTIMEOUT[0m
[1m[33mERRCODE_MSOPTIMEOUT[0m
[1m[33mERRCODE_MSOPTIMEOUT[0m
[1m[33mERRCODE_MSOPTIMEOUT[0m
[1m[33mERRCODE_MSOPTIMEOUT[0m
[1m[33mERRCODE_MSOPTIMEOUT[0m
[1m[33mERRCODE_MSOPTIMEOUT[0m
[1m[33mERRCODE_MSOPTIMEOUT[0m
[1m[33mERRCODE_MSOPTIMEOUT[0m
[1m[33mERRCODE_MSOPTIMEOUT[0m
[1m[33mERRCODE_MSOPTIMEOUT[0m
[1m[33mERRCODE_MSOPTIMEOUT[0m
[1m[33mERRCODE_MSOPTIMEOUT[0m
[1m[33mERRCODE_MSOPTIMEOUT[0m
[1m[33mERRCODE_MSOPTIMEOUT[0m
[1m[33mERRCODE_MSOPTIMEOUT[0m
[1m[33mERRCODE_MSOPTIMEOUT[0m
[1m[33mERRCODE_MSOPTIMEOUT[0m
[1m[33mERRCODE_MSOPTIMEOUT[0m
[1m[33mERRCODE_MSOPTIMEOUT[0m
[1m[33mERRCODE_MSOPTIMEOUT[0m
[1m[33mERRCODE_MSOPTIMEOUT[0m
[1m[33mERRCODE_MSOPTIMEOUT[0m
[1m[33mERRCODE_MSOPTIMEOUT[0m
[1m[33mERRCODE_MSOPTIMEOUT[0m
[1m[33mERRCODE_MSOPTIMEOUT[0m
[1m[33mERRCODE_MSOPTIMEOUT[0m
[1m[33mERRCODE_MSOPTIMEOUT[0m
[1m[33mERRCODE_MSOPTIMEOUT[0m
[1m[33mERRCODE_MSOPTIMEOUT[0m
[1m[33mERRCODE_MSOPTIMEOUT[0m
[1m[33mERRCODE_MSOPTIMEOUT[0m
[1m[33mERRCODE_MSOPTIMEOUT[0m
[1m[33mERRCODE_MSOPTIMEOUT[0m
[1m[33mERRCODE_MSOPTIMEOUT[0m
[1m[33mERRCODE_MSOPTIMEOUT[0m
[1m[33mERRCODE_MSOPTIMEOUT[0m
[1m[33mERRCODE_MSOPTIMEOUT[0m
[1m[33mERRCODE_MSOPTIMEOUT[0m
[1m[33mERRCODE_MSOPTIMEOUT[0m
[1m[33mERRCODE_MSOPTIMEOUT[0m
[1m[33mERRCODE_MSOPTIMEOUT[0m
[1m[33mERRCODE_MSOPTIMEOUT[0m
[1m[33mERRCODE_MSOPTIMEOUT[0m
[1m[33mERRCODE_MSOPTIMEOUT[0m
[1m[33mERRCODE_MSOPTIMEOUT[0m
[1m[33mERRCODE_MSOPTIMEOUT[0m
[1m[33mERRCODE_MSOPTIMEOUT[0m
[1m[33mERRCODE_MSOPTIMEOUT[0m
[1m[33mERRCODE_MSOPTIMEOUT[0m
[1m[33mERRCODE_MSOPTIMEOUT[0m
[1m[33mERRCODE_MSOPTIMEOUT[0m
[1m[33mERRCODE_MSOPTIMEOUT[0m
[1m[33mERRCODE_MSOPTIMEOUT[0m
[1m[33mERRCODE_MSOPTIMEOUT[0m
[1m[33mERRCODE_MSOPTIMEOUT[0m
[1m[33mERRCODE_MSOPTIMEOUT[0m
[1m[33mERRCODE_MSOPTIMEOUT[0m
[1m[33mERRCODE_MSOPTIMEOUT[0m
[1m[33mERRCODE_MSOPTIMEOUT[0m
[1m[33mERRCODE_MSOPTIMEOUT[0m
[1m[33mERRCODE_MSOPTIMEOUT[0m
[1m[33mERRCODE_MSOPTIMEOUT[0m
[1m[33mERRCODE_MSOPTIMEOUT[0m
[1m[33mERRCODE_MSOPTIMEOUT[0m
[1m[33mERRCODE_MSOPTIMEOUT[0m
[1m[33mERRCODE_MSOPTIMEOUT[0m
[1m[33mERRCODE_MSOPTIMEOUT[0m
[1m[33mERRCODE_MSOPTIMEOUT[0m
[1m[33mERRCODE_MSOPTIMEOUT[0m
[1m[33mERRCODE_MSOPTIMEOUT[0m
[1m[33mERRCODE_MSOPTIMEOUT[0m
[1m[33mERRCODE_MSOPTIMEOUT[0m
[1m[33mERRCODE_MSOPTIMEOUT[0m
[1m[33mERRCODE_MSOPTIMEOUT[0m
[1m[33mERRCODE_MSOPTIMEOUT[0m
[1m[33mERRCODE_MSOPTIMEOUT[0m
[1m[33mERRCODE_MSOPTIMEOUT[0m
[1m[33mERRCODE_MSOPTIMEOUT[0m
[1m[33mERRCODE_MSOPTIMEOUT[0m
[1m[33mERRCODE_MSOPTIMEOUT[0m
[1m[33mERRCODE_MSOPTIMEOUT[0m
[1m[33mERRCODE_MSOPTIMEOUT[0m
[1m[33mERRCODE_MSOPTIMEOUT[0m
[1m[33mERRCODE_MSOPTIMEOUT[0m
[1m[33mERRCODE_MSOPTIMEOUT[0m
[1m[33mERRCODE_MSOPTIMEOUT[0m
[1m[33mERRCODE_MSOPTIMEOUT[0m
[1m[33mERRCODE_MSOPTIMEOUT[0m
[1m[33mERRCODE_MSOPTIMEOUT[0m
[1m[33mERRCODE_MSOPTIMEOUT[0m
[1m[33mERRCODE_MSOPTIMEOUT[0m
[1m[33mERRCODE_MSOPTIMEOUT[0m
[1m[33mERRCODE_MSOPTIMEOUT[0m
[1m[33mERRCODE_MSOPTIMEOUT[0m
[1m[33mERRCODE_MSOPTIMEOUT[0m
[1m[33mERRCODE_MSOPTIMEOUT[0m
[1m[33mERRCODE_MSOPTIMEOUT[0m
[1m[33mERRCODE_MSOPTIMEOUT[0m
[1m[33mERRCODE_MSOPTIMEOUT[0m
[1m[33mERRCODE_MSOPTIMEOUT[0m
[1m[33mERRCODE_MSOPTIMEOUT[0m
[1m[33mERRCODE_MSOPTIMEOUT[0m
[1m[33mERRCODE_MSOPTIMEOUT[0m
[1m[33mERRCODE_MSOPTIMEOUT[0m
[1m[33mERRCODE_MSOPTIMEOUT[0m
[1m[33mERRCODE_MSOPTIMEOUT[0m
[1m[33mERRCODE_MSOPTIMEOUT[0m
[1m[33mERRCODE_MSOPTIMEOUT[0m
[1m[33mERRCODE_MSOPTIMEOUT[0m
[1m[33mERRCODE_MSOPTIMEOUT[0m
[1m[37mmsg: 5129 point cloud size: 30720,ts:583.9807423600[0m
[1m[37mmsg: 5130 point cloud size: 86400,ts:1736.3601393600[0m
[1m[37mmsg: 5131 point cloud size: 86400,ts:1736.4601733600[0m
[1m[37mmsg: 5132 point cloud size: 86400,ts:1736.5601493600[0m
[1m[37mmsg: 5133 point cloud size: 86400,ts:1736.6601483600[0m
[1m[37mmsg: 5134 point cloud size: 86400,ts:1736.7601333600[0m
[1m[37mmsg: 5135 point cloud size: 86400,ts:1736.8601373600[0m
[1m[37mmsg: 5136 point cloud size: 83040,ts:1736.9601453600[0m
[1m[37mmsg: 5137 point cloud size: 85920,ts:1737.0606203600[0m
[1m[37mmsg: 5138 point cloud size: 86400,ts:1737.1601523600[0m
[1m[37mmsg: 5139 point cloud size: 86400,ts:1737.2601273600[0m
[1m[37mmsg: 5140 point cloud size: 86400,ts:1737.3601313600[0m
[1m[37mmsg: 5141 point cloud size: 86400,ts:1737.4601523600[0m
[1m[37mmsg: 5142 point cloud size: 86400,ts:1737.5601193600[0m
[1m[37mmsg: 5143 point cloud size: 86400,ts:1737.6601233600[0m
[1m[37mmsg: 5144 point cloud size: 86400,ts:1737.7601113600[0m
[1m[37mmsg: 5145 point cloud size: 86400,ts:1737.8601143600[0m
[1m[37mmsg: 5146 point cloud size: 83040,ts:1737.9601163600[0m
[1m[37mmsg: 5147 point cloud size: 85920,ts:1738.0605753600[0m
[1m[37mmsg: 5148 point cloud size: 86400,ts:1738.1601143600[0m
[1m[37mmsg: 5149 point cloud size: 86400,ts:1738.2601123600[0m
[1m[37mmsg: 5150 point cloud size: 86400,ts:1738.3600983600[0m
[1m[37mmsg: 5151 point cloud size: 86400,ts:1738.4601463600[0m
[1m[37mmsg: 5152 point cloud size: 86400,ts:1738.5601083600[0m
[1m[37mmsg: 5153 point cloud size: 86400,ts:1738.6600903600[0m
[1m[37mmsg: 5154 point cloud size: 86400,ts:1738.7601003600[0m
[1m[37mmsg: 5155 point cloud size: 86400,ts:1738.8600833600[0m
[1m[37mmsg: 5156 point cloud size: 83040,ts:1738.9601063600[0m
[1m[37mmsg: 5157 point cloud size: 85920,ts:1739.0605603600[0m
[1m[37mmsg: 5158 point cloud size: 86400,ts:1739.1600873600[0m
[1m[37mmsg: 5159 point cloud size: 86400,ts:1739.2600943600[0m
[1m[37mmsg: 5160 point cloud size: 86400,ts:1739.3600993600[0m
[1m[37mmsg: 5161 point cloud size: 86400,ts:1739.4600843600[0m
[1m[37mmsg: 5162 point cloud size: 86400,ts:1739.5600893600[0m
[1m[37mmsg: 5163 point cloud size: 86400,ts:1739.6600803600[0m
[1m[37mmsg: 5164 point cloud size: 86400,ts:1739.7600823600[0m
[1m[37mmsg: 5165 point cloud size: 86400,ts:1739.8601263600[0m
[1m[37mmsg: 5166 point cloud size: 83040,ts:1739.9600853600[0m
[1m[37mmsg: 5167 point cloud size: 85920,ts:1740.0605423600[0m
[1m[37mmsg: 5168 point cloud size: 86400,ts:1740.1600863600[0m
[1m[37mmsg: 5169 point cloud size: 86400,ts:1740.2601193600[0m
[1m[37mmsg: 5170 point cloud size: 86400,ts:1740.3600493600[0m
[1m[37mmsg: 5171 point cloud size: 86400,ts:1740.4600613600[0m
[1m[37mmsg: 5172 point cloud size: 86400,ts:1740.5600883600[0m
[1m[37mmsg: 5173 point cloud size: 86400,ts:1740.6600593600[0m
[1m[37mmsg: 5174 point cloud size: 86400,ts:1740.7600923600[0m
[1m[37mmsg: 5175 point cloud size: 86400,ts:1740.8600633600[0m
[1m[37mmsg: 5176 point cloud size: 83040,ts:1740.9600493600[0m
[1m[37mmsg: 5177 point cloud size: 85920,ts:1741.0604993600[0m
[1m[37mmsg: 5178 point cloud size: 86400,ts:1741.1600533600[0m
[1m[37mmsg: 5179 point cloud size: 86400,ts:1741.2600393600[0m
[1m[37mmsg: 5180 point cloud size: 86400,ts:1741.3600813600[0m
[1m[37mmsg: 5181 point cloud size: 86400,ts:1741.4600503600[0m
[1m[37mmsg: 5182 point cloud size: 86400,ts:1741.5600963600[0m
[1m[37mmsg: 5183 point cloud size: 86400,ts:1741.6600613600[0m
[1m[37mmsg: 5184 point cloud size: 86400,ts:1741.7600743600[0m
[1m[37mmsg: 5185 point cloud size: 86400,ts:1741.8600433600[0m
[1m[37mmsg: 5186 point cloud size: 83040,ts:1741.9600773600[0m
[1m[37mmsg: 5187 point cloud size: 85920,ts:1742.0604943600[0m
[1m[37mmsg: 5188 point cloud size: 86400,ts:1742.1605203600[0m
[1m[37mmsg: 5189 point cloud size: 86400,ts:1742.2600393600[0m
[1m[37mmsg: 5190 point cloud size: 86400,ts:1742.3600293600[0m
[1m[37mmsg: 5191 point cloud size: 86400,ts:1742.4600303600[0m
[1m[37mmsg: 5192 point cloud size: 86400,ts:1742.5600653600[0m
[1m[37mmsg: 5193 point cloud size: 86400,ts:1742.6600213600[0m
[1m[37mmsg: 5194 point cloud size: 86400,ts:1742.7600133600[0m
[1m[37mmsg: 5195 point cloud size: 86400,ts:1742.8600233600[0m
[1m[37mmsg: 5196 point cloud size: 83040,ts:1742.9600293600[0m
[1m[37mmsg: 5197 point cloud size: 85920,ts:1743.0604743600[0m
[1m[37mmsg: 5198 point cloud size: 86400,ts:1743.1600373600[0m
[1m[37mmsg: 5199 point cloud size: 86400,ts:1743.2600083600[0m
[1m[37mmsg: 5200 point cloud size: 86400,ts:1743.3600233600[0m
[1m[37mmsg: 5201 point cloud size: 86400,ts:1743.4600183600[0m
[1m[37mmsg: 5202 point cloud size: 86400,ts:1743.5600113600[0m
[1m[37mmsg: 5203 point cloud size: 86400,ts:1743.6601003600[0m
[1m[37mmsg: 5204 point cloud size: 86400,ts:1743.7600313600[0m
[1m[37mmsg: 5205 point cloud size: 86400,ts:1743.8600043600[0m
[1m[37mmsg: 5206 point cloud size: 83040,ts:1743.9600143600[0m
[1m[37mmsg: 5207 point cloud size: 85920,ts:1744.0604563600[0m
[1m[37mmsg: 5208 point cloud size: 86400,ts:1744.1600133600[0m
[1m[37mmsg: 5209 point cloud size: 86400,ts:1744.2600003600[0m
[1m[37mmsg: 5210 point cloud size: 86400,ts:1744.3605553600[0m
[1m[37mmsg: 5211 point cloud size: 86400,ts:1744.4600113600[0m
[1m[37mmsg: 5212 point cloud size: 86400,ts:1744.5600153600[0m
[1m[37mmsg: 5213 point cloud size: 86400,ts:1744.6599863600[0m
[1m[37mmsg: 5214 point cloud size: 86400,ts:1744.7599903600[0m
[1m[37mmsg: 5215 point cloud size: 86400,ts:1744.8599893600[0m
[1m[37mmsg: 5216 point cloud size: 83040,ts:1744.9600123600[0m
[1m[37mmsg: 5217 point cloud size: 85920,ts:1745.0604493600[0m
[1m[37mmsg: 5218 point cloud size: 86400,ts:1745.1599703600[0m
[1m[37mmsg: 5219 point cloud size: 86400,ts:1745.2599813600[0m
[1m[37mmsg: 5220 point cloud size: 86400,ts:1745.3600153600[0m
[1m[37mmsg: 5221 point cloud size: 86400,ts:1745.4599703600[0m
[1m[37mmsg: 5222 point cloud size: 86400,ts:1745.5601753600[0m
[1m[37mmsg: 5223 point cloud size: 86400,ts:1745.6599823600[0m
[1m[37mmsg: 5224 point cloud size: 86400,ts:1745.7599893600[0m
[1m[37mmsg: 5225 point cloud size: 86400,ts:1745.8599673600[0m
[1m[37mmsg: 5226 point cloud size: 83040,ts:1745.9599693600[0m
[1m[37mmsg: 5227 point cloud size: 85920,ts:1746.0604203600[0m
[1m[37mmsg: 5228 point cloud size: 86400,ts:1746.1599583600[0m
[1m[37mmsg: 5229 point cloud size: 86400,ts:1746.2599723600[0m
[1m[37mmsg: 5230 point cloud size: 86400,ts:1746.3599663600[0m
[1m[37mmsg: 5231 point cloud size: 86400,ts:1746.4599583600[0m
[1m[37mmsg: 5232 point cloud size: 86400,ts:1746.5599603600[0m
[1m[37mmsg: 5233 point cloud size: 86400,ts:1746.6600103600[0m
[1m[37mmsg: 5234 point cloud size: 86400,ts:1746.7599533600[0m
[1m[37mmsg: 5235 point cloud size: 86400,ts:1746.8599613600[0m
[1m[37mmsg: 5236 point cloud size: 83040,ts:1746.9599403600[0m
[1m[37mmsg: 5237 point cloud size: 85920,ts:1747.0603973600[0m
[1m[37mmsg: 5238 point cloud size: 86400,ts:1747.1599493600[0m
[1m[37mmsg: 5239 point cloud size: 86400,ts:1747.2599373600[0m
[1m[37mmsg: 5240 point cloud size: 86400,ts:1747.3599323600[0m
[1m[37mmsg: 5241 point cloud size: 86400,ts:1747.4599403600[0m
[1m[37mmsg: 5242 point cloud size: 86400,ts:1747.5599253600[0m
[1m[37mmsg: 5243 point cloud size: 86400,ts:1747.6599233600[0m
[1m[37mmsg: 5244 point cloud size: 86400,ts:1747.7598993600[0m
[1m[37mmsg: 5245 point cloud size: 86400,ts:1747.8599483600[0m
[1m[37mmsg: 5246 point cloud size: 83040,ts:1747.9599213600[0m
[1m[37mmsg: 5247 point cloud size: 85920,ts:1748.0604093600[0m
[1m[37mmsg: 5248 point cloud size: 86400,ts:1748.1599273600[0m
[1m[37mmsg: 5249 point cloud size: 86400,ts:1748.2599463600[0m
[1m[37mmsg: 5250 point cloud size: 86400,ts:1748.3599363600[0m
[1m[37mmsg: 5251 point cloud size: 86400,ts:1748.4599173600[0m
[1m[37mmsg: 5252 point cloud size: 86400,ts:1748.5599203600[0m
[1m[37mmsg: 5253 point cloud size: 86400,ts:1748.6599073600[0m
[1m[37mmsg: 5254 point cloud size: 86400,ts:1748.7599093600[0m
[1m[37mmsg: 5255 point cloud size: 86400,ts:1748.8599233600[0m
[1m[37mmsg: 5256 point cloud size: 83040,ts:1748.9599013600[0m
[1m[37mmsg: 5257 point cloud size: 85920,ts:1749.0603623600[0m
[1m[37mmsg: 5258 point cloud size: 86400,ts:1749.1599373600[0m
[1m[37mmsg: 5259 point cloud size: 86400,ts:1749.2599103600[0m
[1m[37mmsg: 5260 point cloud size: 86400,ts:1749.3599213600[0m
[1m[37mmsg: 5261 point cloud size: 86400,ts:1749.4598993600[0m
[1m[37mmsg: 5262 point cloud size: 86400,ts:1749.5599103600[0m
[1m[37mmsg: 5263 point cloud size: 86400,ts:1749.6599193600[0m
[1m[37mmsg: 5264 point cloud size: 86400,ts:1749.7599073600[0m
[1m[37mmsg: 5265 point cloud size: 86400,ts:1749.8599013600[0m
[1m[37mmsg: 5266 point cloud size: 83040,ts:1749.9599013600[0m
[1m[37mmsg: 5267 point cloud size: 85920,ts:1750.0603483600[0m
[1m[37mmsg: 5268 point cloud size: 86400,ts:1750.1598943600[0m
[1m[37mmsg: 5269 point cloud size: 86400,ts:1750.2598953600[0m
[1m[37mmsg: 5270 point cloud size: 86400,ts:1750.3598823600[0m
[1m[37mmsg: 5271 point cloud size: 86400,ts:1750.4598913600[0m
[1m[37mmsg: 5272 point cloud size: 86400,ts:1750.5598703600[0m
[1m[37mmsg: 5273 point cloud size: 86400,ts:1750.6598833600[0m
[1m[37mmsg: 5274 point cloud size: 86400,ts:1750.7598893600[0m
[1m[37mmsg: 5275 point cloud size: 86400,ts:1750.8598743600[0m
[1m[37mmsg: 5276 point cloud size: 83040,ts:1750.9598793600[0m
[1m[37mmsg: 5277 point cloud size: 85920,ts:1751.0603333600[0m
[1m[37mmsg: 5278 point cloud size: 86400,ts:1751.1599253600[0m
[1m[37mmsg: 5279 point cloud size: 86400,ts:1751.2599113600[0m
[1m[37mmsg: 5280 point cloud size: 86400,ts:1751.3598663600[0m
[1m[37mmsg: 5281 point cloud size: 86400,ts:1751.4598843600[0m
[1m[37mmsg: 5282 point cloud size: 86400,ts:1751.5598663600[0m
[1m[37mmsg: 5283 point cloud size: 86400,ts:1751.6598523600[0m
[1m[37mmsg: 5284 point cloud size: 86400,ts:1751.7598593600[0m
[1m[37mmsg: 5285 point cloud size: 86400,ts:1751.8598583600[0m
[1m[37mmsg: 5286 point cloud size: 83040,ts:1751.9598623600[0m
[1m[37mmsg: 5287 point cloud size: 85920,ts:1752.0603213600[0m
[1m[37mmsg: 5288 point cloud size: 86400,ts:1752.1598493600[0m
[1m[37mmsg: 5289 point cloud size: 86400,ts:1752.2598563600[0m
[1m[37mmsg: 5290 point cloud size: 86400,ts:1752.3598503600[0m
[1m[37mmsg: 5291 point cloud size: 86400,ts:1752.4598493600[0m
[1m[37mmsg: 5292 point cloud size: 86400,ts:1752.5598543600[0m
[1m[37mmsg: 5293 point cloud size: 86400,ts:1752.6598813600[0m
[1m[37mmsg: 5294 point cloud size: 86400,ts:1752.7598383600[0m
[1m[37mmsg: 5295 point cloud size: 86400,ts:1752.8598433600[0m
[1m[37mmsg: 5296 point cloud size: 83040,ts:1752.9598443600[0m
[1m[37mmsg: 5297 point cloud size: 85920,ts:1753.0602893600[0m
[1m[37mmsg: 5298 point cloud size: 86400,ts:1753.1598393600[0m
[1m[37mmsg: 5299 point cloud size: 86400,ts:1753.2598363600[0m
[1m[37mmsg: 5300 point cloud size: 86400,ts:1753.3598463600[0m
[1m[37mmsg: 5301 point cloud size: 86400,ts:1753.4598283600[0m
[1m[37mmsg: 5302 point cloud size: 86400,ts:1753.5598173600[0m
[1m[37mmsg: 5303 point cloud size: 86400,ts:1753.6598143600[0m
[1m[37mmsg: 5304 point cloud size: 86400,ts:1753.7598233600[0m
[1m[37mmsg: 5305 point cloud size: 86400,ts:1753.8598293600[0m
[1m[37mmsg: 5306 point cloud size: 83040,ts:1753.9598113600[0m
[1m[37mmsg: 5307 point cloud size: 85920,ts:1754.0602963600[0m
[1m[37mmsg: 5308 point cloud size: 86400,ts:1754.1598153600[0m
[1m[37mmsg: 5309 point cloud size: 86400,ts:1754.2598093600[0m
[1m[37mmsg: 5310 point cloud size: 86400,ts:1754.3598063600[0m
[1m[37mmsg: 5311 point cloud size: 86400,ts:1754.4598123600[0m
[1m[37mmsg: 5312 point cloud size: 86400,ts:1754.5597963600[0m
[1m[37mmsg: 5313 point cloud size: 86400,ts:1754.6598063600[0m
[1m[37mmsg: 5314 point cloud size: 86400,ts:1754.7598093600[0m
[1m[37mmsg: 5315 point cloud size: 86400,ts:1754.8598023600[0m
[1m[37mmsg: 5316 point cloud size: 83040,ts:1754.9598163600[0m
[1m[37mmsg: 5317 point cloud size: 85920,ts:1755.0602583600[0m
[1m[37mmsg: 5318 point cloud size: 86400,ts:1755.1598033600[0m
[1m[37mmsg: 5319 point cloud size: 86400,ts:1755.2598013600[0m
[1m[37mmsg: 5320 point cloud size: 86400,ts:1755.3598063600[0m
[1m[37mmsg: 5321 point cloud size: 86400,ts:1755.4597913600[0m
[1m[37mmsg: 5322 point cloud size: 86400,ts:1755.5597943600[0m
[1m[37mmsg: 5323 point cloud size: 86400,ts:1755.6597813600[0m
[1m[37mmsg: 5324 point cloud size: 86400,ts:1755.7597883600[0m
[1m[37mmsg: 5325 point cloud size: 86400,ts:1755.8597873600[0m
[1m[37mmsg: 5326 point cloud size: 83040,ts:1755.9597923600[0m
[1m[37mmsg: 5327 point cloud size: 85920,ts:1756.0602433600[0m
[1m[37mmsg: 5328 point cloud size: 86400,ts:1756.1597803600[0m
[1m[37mmsg: 5329 point cloud size: 86400,ts:1756.2597913600[0m
[1m[37mmsg: 5330 point cloud size: 86400,ts:1756.3597733600[0m
[1m[37mmsg: 5331 point cloud size: 86400,ts:1756.4597733600[0m
[1m[37mmsg: 5332 point cloud size: 86400,ts:1756.5597763600[0m
[1m[37mmsg: 5333 point cloud size: 86400,ts:1756.6597823600[0m
[1m[37mmsg: 5334 point cloud size: 86400,ts:1756.7597673600[0m
[1m[37mmsg: 5335 point cloud size: 86400,ts:1756.8597783600[0m
[1m[37mmsg: 5336 point cloud size: 83040,ts:1756.9597753600[0m
[1m[37mmsg: 5337 point cloud size: 85920,ts:1757.0602223600[0m
[1m[37mmsg: 5338 point cloud size: 86400,ts:1757.1597623600[0m
[1m[37mmsg: 5339 point cloud size: 86400,ts:1757.2597713600[0m
[1m[37mmsg: 5340 point cloud size: 86400,ts:1757.3597643600[0m
[1m[37mmsg: 5341 point cloud size: 86400,ts:1757.4597593600[0m
[1m[37mmsg: 5342 point cloud size: 86400,ts:1757.5597593600[0m
[1m[37mmsg: 5343 point cloud size: 86400,ts:1757.6597623600[0m
[1m[37mmsg: 5344 point cloud size: 86400,ts:1757.7597693600[0m
[1m[37mmsg: 5345 point cloud size: 86400,ts:1757.8597603600[0m
[1m[37mmsg: 5346 point cloud size: 83040,ts:1757.9597563600[0m
[1m[37mmsg: 5347 point cloud size: 85920,ts:1758.0602253600[0m
[1m[37mmsg: 5348 point cloud size: 86400,ts:1758.1597593600[0m
[1m[37mmsg: 5349 point cloud size: 86400,ts:1758.2597473600[0m
[1m[37mmsg: 5350 point cloud size: 86400,ts:1758.3597363600[0m
[1m[37mmsg: 5351 point cloud size: 86400,ts:1758.4597383600[0m
[1m[37mmsg: 5352 point cloud size: 86400,ts:1758.5597433600[0m
[1m[37mmsg: 5353 point cloud size: 86400,ts:1758.6597303600[0m
[1m[37mmsg: 5354 point cloud size: 86400,ts:1758.7597363600[0m
[1m[37mmsg: 5355 point cloud size: 86400,ts:1758.8597333600[0m
[1m[37mmsg: 5356 point cloud size: 83040,ts:1758.9597353600[0m
[1m[37mmsg: 5357 point cloud size: 85920,ts:1759.0601983600[0m
[1m[37mmsg: 5358 point cloud size: 86400,ts:1759.1597373600[0m
[1m[37mmsg: 5359 point cloud size: 86400,ts:1759.2597323600[0m
[1m[37mmsg: 5360 point cloud size: 86400,ts:1759.3597183600[0m
[1m[37mmsg: 5361 point cloud size: 86400,ts:1759.4597173600[0m
[1m[37mmsg: 5362 point cloud size: 86400,ts:1759.5597273600[0m
[1m[37mmsg: 5363 point cloud size: 86400,ts:1759.6597693600[0m
[1m[37mmsg: 5364 point cloud size: 86400,ts:1759.7597243600[0m
[1m[37mmsg: 5365 point cloud size: 86400,ts:1759.8597153600[0m
[1m[37mmsg: 5366 point cloud size: 83040,ts:1759.9597163600[0m
[1m[37mmsg: 5367 point cloud size: 85920,ts:1760.0601813600[0m
[1m[37mmsg: 5368 point cloud size: 86400,ts:1760.1597043600[0m
[1m[37mmsg: 5369 point cloud size: 86400,ts:1760.2596993600[0m
[1m[37mmsg: 5370 point cloud size: 86400,ts:1760.3596953600[0m
[1m[37mmsg: 5371 point cloud size: 86400,ts:1760.4597013600[0m
[1m[37mmsg: 5372 point cloud size: 86400,ts:1760.5597033600[0m
[1m[37mmsg: 5373 point cloud size: 86400,ts:1760.6597053600[0m
[1m[37mmsg: 5374 point cloud size: 86400,ts:1760.7596973600[0m
[1m[37mmsg: 5375 point cloud size: 86400,ts:1760.8596973600[0m
[1m[37mmsg: 5376 point cloud size: 83040,ts:1760.9597003600[0m
[1m[37mmsg: 5377 point cloud size: 85920,ts:1761.0601693600[0m
[1m[37mmsg: 5378 point cloud size: 86400,ts:1761.1596883600[0m
[1m[37mmsg: 5379 point cloud size: 86400,ts:1761.2596953600[0m
[1m[37mmsg: 5380 point cloud size: 86400,ts:1761.3596933600[0m
[1m[37mmsg: 5381 point cloud size: 86400,ts:1761.4596843600[0m
[1m[37mmsg: 5382 point cloud size: 86400,ts:1761.5596843600[0m
[1m[37mmsg: 5383 point cloud size: 86400,ts:1761.6596923600[0m
[1m[37mmsg: 5384 point cloud size: 86400,ts:1761.7596823600[0m
[1m[37mmsg: 5385 point cloud size: 86400,ts:1761.8596833600[0m
[1m[37mmsg: 5386 point cloud size: 83040,ts:1761.9596863600[0m
[1m[37mmsg: 5387 point cloud size: 85920,ts:1762.0601293600[0m
[1m[37mmsg: 5388 point cloud size: 86400,ts:1762.1596603600[0m
[1m[37mmsg: 5389 point cloud size: 86400,ts:1762.2596753600[0m
[1m[37mmsg: 5390 point cloud size: 86400,ts:1762.3596803600[0m
[1m[37mmsg: 5391 point cloud size: 86400,ts:1762.4596713600[0m
[1m[37mmsg: 5392 point cloud size: 86400,ts:1762.5596693600[0m
[1m[37mmsg: 5393 point cloud size: 86400,ts:1762.6596733600[0m
[1m[37mmsg: 5394 point cloud size: 86400,ts:1762.7596613600[0m
[1m[37mmsg: 5395 point cloud size: 86400,ts:1762.8596603600[0m
[1m[37mmsg: 5396 point cloud size: 83040,ts:1762.9596623600[0m
[1m[37mmsg: 5397 point cloud size: 85920,ts:1763.0601143600[0m
[1m[37mmsg: 5398 point cloud size: 86400,ts:1763.1596543600[0m
[1m[37mmsg: 5399 point cloud size: 86400,ts:1763.2596583600[0m
[1m[37mmsg: 5400 point cloud size: 86400,ts:1763.3596423600[0m
[1m[37mmsg: 5401 point cloud size: 86400,ts:1763.4596493600[0m
[1m[37mmsg: 5402 point cloud size: 86400,ts:1763.5596533600[0m
[1m[37mmsg: 5403 point cloud size: 86400,ts:1763.6596363600[0m
[1m[37mmsg: 5404 point cloud size: 86400,ts:1763.7596383600[0m
[1m[37mmsg: 5405 point cloud size: 86400,ts:1763.8596473600[0m
[1m[37mmsg: 5406 point cloud size: 83040,ts:1763.9596503600[0m
[1m[37mmsg: 5407 point cloud size: 85920,ts:1764.0600933600[0m
[1m[37mmsg: 5408 point cloud size: 86400,ts:1764.1596383600[0m
[1m[37mmsg: 5409 point cloud size: 86400,ts:1764.2596413600[0m
[1m[37mmsg: 5410 point cloud size: 86400,ts:1764.3596273600[0m
[1m[37mmsg: 5411 point cloud size: 86400,ts:1764.4596283600[0m
[1m[37mmsg: 5412 point cloud size: 86400,ts:1764.5596313600[0m
[1m[37mmsg: 5413 point cloud size: 86400,ts:1764.6596203600[0m
[1m[37mmsg: 5414 point cloud size: 86400,ts:1764.7596233600[0m
[1m[37mmsg: 5415 point cloud size: 86400,ts:1764.8596273600[0m
[1m[37mmsg: 5416 point cloud size: 83040,ts:1764.9596293600[0m
[1m[37mmsg: 5417 point cloud size: 85920,ts:1765.0600703600[0m
[1m[37mmsg: 5418 point cloud size: 86400,ts:1765.1596213600[0m
[1m[37mmsg: 5419 point cloud size: 86400,ts:1765.2596193600[0m
[1m[37mmsg: 5420 point cloud size: 86400,ts:1765.3596093600[0m
[1m[37mmsg: 5421 point cloud size: 86400,ts:1765.4596183600[0m
[1m[37mmsg: 5422 point cloud size: 86400,ts:1765.5596153600[0m
[1m[37mmsg: 5423 point cloud size: 86400,ts:1765.6596173600[0m
[1m[37mmsg: 5424 point cloud size: 86400,ts:1765.7596043600[0m
[1m[37mmsg: 5425 point cloud size: 86400,ts:1765.8596103600[0m
[1m[37mmsg: 5426 point cloud size: 83040,ts:1765.9596113600[0m
[1m[37mmsg: 5427 point cloud size: 85920,ts:1766.0600583600[0m
[1m[37mmsg: 5428 point cloud size: 86400,ts:1766.1596033600[0m
[1m[37mmsg: 5429 point cloud size: 86400,ts:1766.2596033600[0m
[1m[37mmsg: 5430 point cloud size: 86400,ts:1766.3596053600[0m
[1m[37mmsg: 5431 point cloud size: 86400,ts:1766.4595953600[0m
[1m[37mmsg: 5432 point cloud size: 86400,ts:1766.5596013600[0m
[1m[37mmsg: 5433 point cloud size: 86400,ts:1766.6595813600[0m
[1m[37mmsg: 5434 point cloud size: 86400,ts:1766.7595913600[0m
[1m[37mmsg: 5435 point cloud size: 86400,ts:1766.8595883600[0m
[1m[37mmsg: 5436 point cloud size: 83040,ts:1766.9595963600[0m
[1m[37mmsg: 5437 point cloud size: 85920,ts:1767.0600403600[0m
[1m[37mmsg: 5438 point cloud size: 86400,ts:1767.1595813600[0m
[1m[37mmsg: 5439 point cloud size: 86400,ts:1767.2595843600[0m
[1m[37mmsg: 5440 point cloud size: 86400,ts:1767.3595873600[0m
[1m[37mmsg: 5441 point cloud size: 86400,ts:1767.4595973600[0m
[1m[37mmsg: 5442 point cloud size: 86400,ts:1767.5595823600[0m
[1m[37mmsg: 5443 point cloud size: 86400,ts:1767.6595873600[0m
[1m[37mmsg: 5444 point cloud size: 86400,ts:1767.7595703600[0m
[1m[37mmsg: 5445 point cloud size: 86400,ts:1767.8595733600[0m
[1m[37mmsg: 5446 point cloud size: 83040,ts:1767.9595753600[0m
[1m[37mmsg: 5447 point cloud size: 85920,ts:1768.0600213600[0m
[1m[37mmsg: 5448 point cloud size: 86400,ts:1768.1595653600[0m
[1m[37mmsg: 5449 point cloud size: 86400,ts:1768.2595683600[0m
[1m[37mmsg: 5450 point cloud size: 86400,ts:1768.3595703600[0m
[1m[37mmsg: 5451 point cloud size: 86400,ts:1768.4595573600[0m
[1m[37mmsg: 5452 point cloud size: 86400,ts:1768.5595623600[0m
[1m[37mmsg: 5453 point cloud size: 86400,ts:1768.6595633600[0m
[1m[37mmsg: 5454 point cloud size: 86400,ts:1768.7595593600[0m
[1m[37mmsg: 5455 point cloud size: 86400,ts:1768.8595543600[0m
[1m[37mmsg: 5456 point cloud size: 83040,ts:1768.9595613600[0m
[1m[37mmsg: 5457 point cloud size: 85920,ts:1769.0600273600[0m
[1m[37mmsg: 5458 point cloud size: 86400,ts:1769.1595463600[0m
[1m[37mmsg: 5459 point cloud size: 86400,ts:1769.2595833600[0m
[1m[37mmsg: 5460 point cloud size: 86400,ts:1769.3595543600[0m
[1m[37mmsg: 5461 point cloud size: 86400,ts:1769.4595423600[0m
[1m[37mmsg: 5462 point cloud size: 86400,ts:1769.5595453600[0m
[1m[37mmsg: 5463 point cloud size: 86400,ts:1769.6595533600[0m
[1m[37mmsg: 5464 point cloud size: 86400,ts:1769.7595353600[0m
[1m[37mmsg: 5465 point cloud size: 86400,ts:1769.8595393600[0m
[1m[37mmsg: 5466 point cloud size: 83040,ts:1769.9595383600[0m
[1m[37mmsg: 5467 point cloud size: 85920,ts:1770.0599823600[0m
[1m[37mmsg: 5468 point cloud size: 86400,ts:1770.1595423600[0m
[1m[37mmsg: 5469 point cloud size: 86400,ts:1770.2595383600[0m
[1m[37mmsg: 5470 point cloud size: 86400,ts:1770.3595393600[0m
[1m[37mmsg: 5471 point cloud size: 86400,ts:1770.4595393600[0m
[1m[37mmsg: 5472 point cloud size: 86400,ts:1770.5595253600[0m
[1m[37mmsg: 5473 point cloud size: 86400,ts:1770.6595283600[0m
[1m[37mmsg: 5474 point cloud size: 86400,ts:1770.7595203600[0m
[1m[37mmsg: 5475 point cloud size: 86400,ts:1770.8595213600[0m
[1m[37mmsg: 5476 point cloud size: 83040,ts:1770.9595223600[0m
[1m[37mmsg: 5477 point cloud size: 85920,ts:1771.0599693600[0m
[1m[37mmsg: 5478 point cloud size: 86400,ts:1771.1595113600[0m
[1m[37mmsg: 5479 point cloud size: 86400,ts:1771.2595193600[0m
[1m[37mmsg: 5480 point cloud size: 86400,ts:1771.3595183600[0m
[1m[37mmsg: 5481 point cloud size: 86400,ts:1771.4595043600[0m
[1m[37mmsg: 5482 point cloud size: 86400,ts:1771.5595083600[0m
[1m[37mmsg: 5483 point cloud size: 86400,ts:1771.6595113600[0m
[1m[37mmsg: 5484 point cloud size: 86400,ts:1771.7595123600[0m
[1m[37mmsg: 5485 point cloud size: 86400,ts:1771.8595003600[0m
[1m[37mmsg: 5486 point cloud size: 83040,ts:1771.9595113600[0m
[1m[37mmsg: 5487 point cloud size: 85920,ts:1772.0599683600[0m
[1m[37mmsg: 5488 point cloud size: 86400,ts:1772.1594963600[0m
[1m[37mmsg: 5489 point cloud size: 86400,ts:1772.2594973600[0m
[1m[37mmsg: 5490 point cloud size: 86400,ts:1772.3594903600[0m
[1m[37mmsg: 5491 point cloud size: 86400,ts:1772.4594863600[0m
[1m[37mmsg: 5492 point cloud size: 86400,ts:1772.5594893600[0m
[1m[37mmsg: 5493 point cloud size: 86400,ts:1772.6594763600[0m
[1m[37mmsg: 5494 point cloud size: 86400,ts:1772.7594813600[0m
[1m[37mmsg: 5495 point cloud size: 86400,ts:1772.8594813600[0m
[1m[37mmsg: 5496 point cloud size: 83040,ts:1772.9594873600[0m
[1m[37mmsg: 5497 point cloud size: 85920,ts:1773.0599373600[0m
[1m[37mmsg: 5498 point cloud size: 86400,ts:1773.1594803600[0m
[1m[37mmsg: 5499 point cloud size: 86400,ts:1773.2594873600[0m
[1m[37mmsg: 5500 point cloud size: 86400,ts:1773.3594683600[0m
[1m[37mmsg: 5501 point cloud size: 86400,ts:1773.4594863600[0m
[1m[37mmsg: 5502 point cloud size: 86400,ts:1773.5594673600[0m
[1m[37mmsg: 5503 point cloud size: 86400,ts:1773.6594763600[0m
[1m[37mmsg: 5504 point cloud size: 86400,ts:1773.7594663600[0m
[1m[37mmsg: 5505 point cloud size: 86400,ts:1773.8594693600[0m
[1m[37mmsg: 5506 point cloud size: 83040,ts:1773.9594653600[0m
[1m[37mmsg: 5507 point cloud size: 85920,ts:1774.0599133600[0m
[1m[37mmsg: 5508 point cloud size: 86400,ts:1774.1594543600[0m
[1m[37mmsg: 5509 point cloud size: 86400,ts:1774.2594683600[0m
[1m[37mmsg: 5510 point cloud size: 86400,ts:1774.3594483600[0m
[1m[37mmsg: 5511 point cloud size: 86400,ts:1774.4594553600[0m
[1m[37mmsg: 5512 point cloud size: 86400,ts:1774.5594593600[0m
[1m[37mmsg: 5513 point cloud size: 86400,ts:1774.6594553600[0m
[1m[37mmsg: 5514 point cloud size: 86400,ts:1774.7594633600[0m
[1m[37mmsg: 5515 point cloud size: 86400,ts:1774.8594313600[0m
[1m[37mmsg: 5516 point cloud size: 83040,ts:1774.9594303600[0m
[1m[37mmsg: 5517 point cloud size: 85920,ts:1775.0599013600[0m
[1m[37mmsg: 5518 point cloud size: 86400,ts:1775.1594403600[0m
[1m[37mmsg: 5519 point cloud size: 86400,ts:1775.2594473600[0m
[1m[37mmsg: 5520 point cloud size: 86400,ts:1775.3594273600[0m
[1m[37mmsg: 5521 point cloud size: 86400,ts:1775.4594383600[0m
[1m[37mmsg: 5522 point cloud size: 86400,ts:1775.5594153600[0m
[1m[37mmsg: 5523 point cloud size: 86400,ts:1775.6594343600[0m
[1m[37mmsg: 5524 point cloud size: 86400,ts:1775.7594243600[0m
[1m[37mmsg: 5525 point cloud size: 86400,ts:1775.8594363600[0m
[1m[37mmsg: 5526 point cloud size: 83040,ts:1775.9594383600[0m
[1m[37mmsg: 5527 point cloud size: 85920,ts:1776.0598843600[0m
[1m[37mmsg: 5528 point cloud size: 86400,ts:1776.1594213600[0m
[1m[37mmsg: 5529 point cloud size: 86400,ts:1776.2594203600[0m
[1m[37mmsg: 5530 point cloud size: 86400,ts:1776.3594123600[0m
[1m[37mmsg: 5531 point cloud size: 86400,ts:1776.4594193600[0m
[1m[37mmsg: 5532 point cloud size: 86400,ts:1776.5594143600[0m
[1m[37mmsg: 5533 point cloud size: 86400,ts:1776.6594203600[0m
[1m[37mmsg: 5534 point cloud size: 86400,ts:1776.7594053600[0m
[1m[37mmsg: 5535 point cloud size: 86400,ts:1776.8594123600[0m
[1m[37mmsg: 5536 point cloud size: 83040,ts:1776.9594153600[0m
[1m[37mmsg: 5537 point cloud size: 85920,ts:1777.0598623600[0m
[1m[37mmsg: 5538 point cloud size: 86400,ts:1777.1594203600[0m
[1m[37mmsg: 5539 point cloud size: 86400,ts:1777.2594083600[0m
[1m[37mmsg: 5540 point cloud size: 86400,ts:1777.3593813600[0m
[1m[37mmsg: 5541 point cloud size: 86400,ts:1777.4593983600[0m
[1m[37mmsg: 5542 point cloud size: 86400,ts:1777.5594083600[0m
[1m[37mmsg: 5543 point cloud size: 86400,ts:1777.6594163600[0m
[1m[37mmsg: 5544 point cloud size: 86400,ts:1777.7593743600[0m
[1m[37mmsg: 5545 point cloud size: 86400,ts:1777.8593913600[0m
[1m[37mmsg: 5546 point cloud size: 83040,ts:1777.9593963600[0m
[1m[37mmsg: 5547 point cloud size: 85920,ts:1778.0598433600[0m
[1m[37mmsg: 5548 point cloud size: 86400,ts:1778.1593913600[0m
[1m[37mmsg: 5549 point cloud size: 86400,ts:1778.2593873600[0m
[1m[37mmsg: 5550 point cloud size: 86400,ts:1778.3593793600[0m
[1m[37mmsg: 5551 point cloud size: 86400,ts:1778.4593833600[0m
[1m[37mmsg: 5552 point cloud size: 86400,ts:1778.5593813600[0m
[1m[37mmsg: 5553 point cloud size: 86400,ts:1778.6593893600[0m
[1m[37mmsg: 5554 point cloud size: 86400,ts:1778.7593713600[0m
[1m[37mmsg: 5555 point cloud size: 86400,ts:1778.8593733600[0m
[1m[37mmsg: 5556 point cloud size: 83040,ts:1778.9593613600[0m
[1m[37mmsg: 5557 point cloud size: 85920,ts:1779.0598293600[0m
[1m[37mmsg: 5558 point cloud size: 86400,ts:1779.1593763600[0m
[1m[37mmsg: 5559 point cloud size: 86400,ts:1779.2593793600[0m
[1m[37mmsg: 5560 point cloud size: 86400,ts:1779.3593763600[0m
[1m[37mmsg: 5561 point cloud size: 86400,ts:1779.4593863600[0m
[1m[37mmsg: 5562 point cloud size: 86400,ts:1779.5593713600[0m
[1m[37mmsg: 5563 point cloud size: 86400,ts:1779.6593553600[0m
[1m[37mmsg: 5564 point cloud size: 86400,ts:1779.7593553600[0m
[1m[37mmsg: 5565 point cloud size: 86400,ts:1779.8593603600[0m
[1m[37mmsg: 5566 point cloud size: 83040,ts:1779.9596053600[0m
[1m[37mmsg: 5567 point cloud size: 85920,ts:1780.0598103600[0m
[1m[37mmsg: 5568 point cloud size: 86400,ts:1780.1593593600[0m
[1m[37mmsg: 5569 point cloud size: 86400,ts:1780.2593533600[0m
[1m[37mmsg: 5570 point cloud size: 86400,ts:1780.3593563600[0m
[1m[37mmsg: 5571 point cloud size: 86400,ts:1780.4593433600[0m
[1m[37mmsg: 5572 point cloud size: 86400,ts:1780.5593513600[0m
[1m[37mmsg: 5573 point cloud size: 86400,ts:1780.6593383600[0m
[1m[37mmsg: 5574 point cloud size: 86400,ts:1780.7593533600[0m
[1m[37mmsg: 5575 point cloud size: 86400,ts:1780.8593373600[0m
[1m[37mmsg: 5576 point cloud size: 83040,ts:1780.9593483600[0m
[1m[37mmsg: 5577 point cloud size: 85920,ts:1781.0597953600[0m
[1m[37mmsg: 5578 point cloud size: 86400,ts:1781.1593513600[0m
[1m[37mmsg: 5579 point cloud size: 86400,ts:1781.2593393600[0m
[1m[37mmsg: 5580 point cloud size: 86400,ts:1781.3593183600[0m
[1m[37mmsg: 5581 point cloud size: 86400,ts:1781.4593233600[0m
[1m[37mmsg: 5582 point cloud size: 86400,ts:1781.5593413600[0m
[1m[37mmsg: 5583 point cloud size: 86400,ts:1781.6593633600[0m
[1m[37mmsg: 5584 point cloud size: 86400,ts:1781.7593223600[0m
[1m[37mmsg: 5585 point cloud size: 86400,ts:1781.8593233600[0m
[1m[37mmsg: 5586 point cloud size: 83040,ts:1781.9593343600[0m
[1m[37mmsg: 5587 point cloud size: 85920,ts:1782.0597783600[0m
[1m[37mmsg: 5588 point cloud size: 86400,ts:1782.1593153600[0m
[1m[37mmsg: 5589 point cloud size: 86400,ts:1782.2593203600[0m
[1m[37mmsg: 5590 point cloud size: 86400,ts:1782.3593073600[0m
[1m[37mmsg: 5591 point cloud size: 86400,ts:1782.4593093600[0m
[1m[37mmsg: 5592 point cloud size: 86400,ts:1782.5593163600[0m
[1m[37mmsg: 5593 point cloud size: 86400,ts:1782.6593183600[0m
[1m[37mmsg: 5594 point cloud size: 86400,ts:1782.7593033600[0m
[1m[37mmsg: 5595 point cloud size: 86400,ts:1782.8593063600[0m
[1m[37mmsg: 5596 point cloud size: 83040,ts:1782.9593083600[0m
[1m[37mmsg: 5597 point cloud size: 85920,ts:1783.0597593600[0m
[1m[37mmsg: 5598 point cloud size: 86400,ts:1783.1593003600[0m
[1m[37mmsg: 5599 point cloud size: 86400,ts:1783.2593003600[0m
[1m[37mmsg: 5600 point cloud size: 86400,ts:1783.3592933600[0m
[1m[37mmsg: 5601 point cloud size: 86400,ts:1783.4592883600[0m
[1m[37mmsg: 5602 point cloud size: 86400,ts:1783.5592963600[0m
[1m[37mmsg: 5603 point cloud size: 86400,ts:1783.6592993600[0m
[1m[37mmsg: 5604 point cloud size: 86400,ts:1783.7593013600[0m
[1m[37mmsg: 5605 point cloud size: 86400,ts:1783.8592863600[0m
[1m[37mmsg: 5606 point cloud size: 83040,ts:1783.9592933600[0m
[1m[37mmsg: 5607 point cloud size: 85920,ts:1784.0597443600[0m
[1m[37mmsg: 5608 point cloud size: 86400,ts:1784.1592843600[0m
[1m[37mmsg: 5609 point cloud size: 86400,ts:1784.2592653600[0m
[1m[37mmsg: 5610 point cloud size: 86400,ts:1784.3592683600[0m
[1m[37mmsg: 5611 point cloud size: 86400,ts:1784.4592753600[0m
[1m[37mmsg: 5612 point cloud size: 86400,ts:1784.5592823600[0m
[1m[37mmsg: 5613 point cloud size: 86400,ts:1784.6592903600[0m
[1m[37mmsg: 5614 point cloud size: 86400,ts:1784.7592673600[0m
[1m[37mmsg: 5615 point cloud size: 86400,ts:1784.8592583600[0m
[1m[37mmsg: 5616 point cloud size: 83040,ts:1784.9592723600[0m
[1m[37mmsg: 5617 point cloud size: 85920,ts:1785.0597273600[0m
[1m[37mmsg: 5618 point cloud size: 86400,ts:1785.1592633600[0m
[1m[37mmsg: 5619 point cloud size: 86400,ts:1785.2592723600[0m
[1m[37mmsg: 5620 point cloud size: 86400,ts:1785.3592723600[0m
[1m[37mmsg: 5621 point cloud size: 86400,ts:1785.4592703600[0m
[1m[37mmsg: 5622 point cloud size: 86400,ts:1785.5592613600[0m
[1m[37mmsg: 5623 point cloud size: 86400,ts:1785.6592633600[0m
[1m[37mmsg: 5624 point cloud size: 86400,ts:1785.7592733600[0m
[1m[37mmsg: 5625 point cloud size: 86400,ts:1785.8592503600[0m
[1m[37mmsg: 5626 point cloud size: 83040,ts:1785.9592593600[0m
[1m[37mmsg: 5627 point cloud size: 85920,ts:1786.0597063600[0m
[1m[37mmsg: 5628 point cloud size: 86400,ts:1786.1592523600[0m
[1m[37mmsg: 5629 point cloud size: 86400,ts:1786.2592523600[0m
[1m[37mmsg: 5630 point cloud size: 86400,ts:1786.3592353600[0m
[1m[37mmsg: 5631 point cloud size: 86400,ts:1786.4592383600[0m
[1m[37mmsg: 5632 point cloud size: 86400,ts:1786.5592393600[0m
[1m[37mmsg: 5633 point cloud size: 86400,ts:1786.6592423600[0m
[1m[37mmsg: 5634 point cloud size: 86400,ts:1786.7592573600[0m
[1m[37mmsg: 5635 point cloud size: 86400,ts:1786.8592393600[0m
[1m[37mmsg: 5636 point cloud size: 83040,ts:1786.9592433600[0m
[1m[37mmsg: 5637 point cloud size: 85920,ts:1787.0596883600[0m
[1m[37mmsg: 5638 point cloud size: 86400,ts:1787.1592383600[0m
[1m[37mmsg: 5639 point cloud size: 86400,ts:1787.2592343600[0m
[1m[37mmsg: 5640 point cloud size: 86400,ts:1787.3592343600[0m
[1m[37mmsg: 5641 point cloud size: 86400,ts:1787.4592173600[0m
[1m[37mmsg: 5642 point cloud size: 86400,ts:1787.5592343600[0m
[1m[37mmsg: 5643 point cloud size: 86400,ts:1787.6592293600[0m
[1m[37mmsg: 5644 point cloud size: 86400,ts:1787.7592193600[0m
[1m[37mmsg: 5645 point cloud size: 86400,ts:1787.8592173600[0m
[1m[37mmsg: 5646 point cloud size: 83040,ts:1787.9592193600[0m
[1m[37mmsg: 5647 point cloud size: 85920,ts:1788.0596733600[0m
[1m[37mmsg: 5648 point cloud size: 86400,ts:1788.1592183600[0m
[1m[37mmsg: 5649 point cloud size: 86400,ts:1788.2592133600[0m
[1m[37mmsg: 5650 point cloud size: 86400,ts:1788.3592003600[0m
[1m[37mmsg: 5651 point cloud size: 86400,ts:1788.4592063600[0m
[1m[37mmsg: 5652 point cloud size: 86400,ts:1788.5592063600[0m
[1m[37mmsg: 5653 point cloud size: 86400,ts:1788.6592083600[0m
[1m[37mmsg: 5654 point cloud size: 86400,ts:1788.7592003600[0m
[1m[37mmsg: 5655 point cloud size: 86400,ts:1788.8591873600[0m
[1m[37mmsg: 5656 point cloud size: 83040,ts:1788.9591993600[0m
[1m[37mmsg: 5657 point cloud size: 85920,ts:1789.0596643600[0m
[1m[37mmsg: 5658 point cloud size: 86400,ts:1789.1591953600[0m
[1m[37mmsg: 5659 point cloud size: 86400,ts:1789.2591973600[0m
[1m[37mmsg: 5660 point cloud size: 86400,ts:1789.3591973600[0m
[1m[37mmsg: 5661 point cloud size: 86400,ts:1789.4591843600[0m
[1m[37mmsg: 5662 point cloud size: 86400,ts:1789.5591913600[0m
[1m[37mmsg: 5663 point cloud size: 86400,ts:1789.6592043600[0m
[1m[37mmsg: 5664 point cloud size: 86400,ts:1789.7591763600[0m
[1m[37mmsg: 5665 point cloud size: 86400,ts:1789.8591853600[0m
[1m[37mmsg: 5666 point cloud size: 83040,ts:1789.9591773600[0m
[1m[37mmsg: 5667 point cloud size: 85920,ts:1790.0596263600[0m
[1m[37mmsg: 5668 point cloud size: 86400,ts:1790.1591723600[0m
[1m[37mmsg: 5669 point cloud size: 86400,ts:1790.2591753600[0m
[1m[37mmsg: 5670 point cloud size: 86400,ts:1790.3591703600[0m
[1m[37mmsg: 5671 point cloud size: 86400,ts:1790.4591653600[0m
[1m[37mmsg: 5672 point cloud size: 86400,ts:1790.5591683600[0m
[1m[37mmsg: 5673 point cloud size: 86400,ts:1790.6591743600[0m
[1m[37mmsg: 5674 point cloud size: 86400,ts:1790.7591593600[0m
[1m[37mmsg: 5675 point cloud size: 86400,ts:1790.8591693600[0m
[1m[37mmsg: 5676 point cloud size: 83040,ts:1790.9591663600[0m
[1m[37mmsg: 5677 point cloud size: 85920,ts:1791.0596543600[0m
[1m[37mmsg: 5678 point cloud size: 86400,ts:1791.1591623600[0m
[1m[37mmsg: 5679 point cloud size: 86400,ts:1791.2591743600[0m
[1m[37mmsg: 5680 point cloud size: 86400,ts:1791.3591933600[0m
[1m[37mmsg: 5681 point cloud size: 86400,ts:1791.4591503600[0m
[1m[37mmsg: 5682 point cloud size: 86400,ts:1791.5591543600[0m
[1m[37mmsg: 5683 point cloud size: 86400,ts:1791.6591583600[0m
[1m[37mmsg: 5684 point cloud size: 86400,ts:1791.7591413600[0m
[1m[37mmsg: 5685 point cloud size: 86400,ts:1791.8591433600[0m
[1m[37mmsg: 5686 point cloud size: 83040,ts:1791.9591473600[0m
[1m[37mmsg: 5687 point cloud size: 85920,ts:1792.0595973600[0m
[1m[37mmsg: 5688 point cloud size: 86400,ts:1792.1591433600[0m
[1m[37mmsg: 5689 point cloud size: 86400,ts:1792.2591413600[0m
[1m[37mmsg: 5690 point cloud size: 86400,ts:1792.3591423600[0m
[1m[37mmsg: 5691 point cloud size: 86400,ts:1792.4591303600[0m
[1m[37mmsg: 5692 point cloud size: 86400,ts:1792.5591333600[0m
[1m[37mmsg: 5693 point cloud size: 86400,ts:1792.6591443600[0m
[1m[37mmsg: 5694 point cloud size: 86400,ts:1792.7591793600[0m
[1m[37mmsg: 5695 point cloud size: 86400,ts:1792.8592043600[0m
[1m[37mmsg: 5696 point cloud size: 83040,ts:1792.9591183600[0m
[1m[37mmsg: 5697 point cloud size: 85920,ts:1793.0595913600[0m
[1m[37mmsg: 5698 point cloud size: 86400,ts:1793.1591183600[0m
[1m[37mmsg: 5699 point cloud size: 86400,ts:1793.2591223600[0m
[1m[37mmsg: 5700 point cloud size: 86400,ts:1793.3591253600[0m
[1m[37mmsg: 5701 point cloud size: 86400,ts:1793.4591293600[0m
[1m[37mmsg: 5702 point cloud size: 86400,ts:1793.5591163600[0m
[1m[37mmsg: 5703 point cloud size: 86400,ts:1793.6591203600[0m
[1m[37mmsg: 5704 point cloud size: 86400,ts:1793.7591063600[0m
[1m[37mmsg: 5705 point cloud size: 86400,ts:1793.8591083600[0m
[1m[37mmsg: 5706 point cloud size: 83040,ts:1793.9591033600[0m
[1m[37mmsg: 5707 point cloud size: 85920,ts:1794.0595693600[0m
[1m[37mmsg: 5708 point cloud size: 86400,ts:1794.1591233600[0m
[1m[37mmsg: 5709 point cloud size: 86400,ts:1794.2592243600[0m
[1m[37mmsg: 5710 point cloud size: 86400,ts:1794.3591353600[0m
[1m[37mmsg: 5711 point cloud size: 86400,ts:1794.4591043600[0m
[1m[37mmsg: 5712 point cloud size: 86400,ts:1794.5591163600[0m
[1m[37mmsg: 5713 point cloud size: 86400,ts:1794.6590933600[0m
[1m[37mmsg: 5714 point cloud size: 86400,ts:1794.7590783600[0m
[1m[37mmsg: 5715 point cloud size: 86400,ts:1794.8591063600[0m
[1m[37mmsg: 5716 point cloud size: 83040,ts:1794.9591093600[0m
[1m[37mmsg: 5717 point cloud size: 85920,ts:1795.0595633600[0m
[1m[37mmsg: 5718 point cloud size: 86400,ts:1795.1591813600[0m
[1m[37mmsg: 5719 point cloud size: 86400,ts:1795.2590883600[0m
[1m[37mmsg: 5720 point cloud size: 86400,ts:1795.3590863600[0m
[1m[37mmsg: 5721 point cloud size: 86400,ts:1795.4590773600[0m
[1m[37mmsg: 5722 point cloud size: 86400,ts:1795.5590803600[0m
[1m[37mmsg: 5723 point cloud size: 86400,ts:1795.6590863600[0m
[1m[37mmsg: 5724 point cloud size: 86400,ts:1795.7590883600[0m
[1m[37mmsg: 5725 point cloud size: 86400,ts:1795.8590643600[0m
[1m[37mmsg: 5726 point cloud size: 83040,ts:1795.9590613600[0m
[1m[37mmsg: 5727 point cloud size: 85920,ts:1796.0595133600[0m
[1m[37mmsg: 5728 point cloud size: 86400,ts:1796.1590753600[0m
[1m[37mmsg: 5729 point cloud size: 86400,ts:1796.2590583600[0m
[1m[37mmsg: 5730 point cloud size: 86400,ts:1796.3590853600[0m
[1m[37mmsg: 5731 point cloud size: 86400,ts:1796.4590553600[0m
[1m[37mmsg: 5732 point cloud size: 86400,ts:1796.5590713600[0m
[1m[37mmsg: 5733 point cloud size: 86400,ts:1796.6590543600[0m
[1m[37mmsg: 5734 point cloud size: 86400,ts:1796.7591093600[0m
[1m[37mmsg: 5735 point cloud size: 86400,ts:1796.8590693600[0m
[1m[37mmsg: 5736 point cloud size: 83040,ts:1796.9590593600[0m
[1m[37mmsg: 5737 point cloud size: 85920,ts:1797.0595293600[0m
[1m[37mmsg: 5738 point cloud size: 86400,ts:1797.1590473600[0m
[1m[37mmsg: 5739 point cloud size: 86400,ts:1797.2590513600[0m
[1m[37mmsg: 5740 point cloud size: 86400,ts:1797.3590573600[0m
[1m[37mmsg: 5741 point cloud size: 86400,ts:1797.4590433600[0m
[1m[37mmsg: 5742 point cloud size: 86400,ts:1797.5590963600[0m
[1m[37mmsg: 5743 point cloud size: 86400,ts:1797.6590553600[0m
[1m[37mmsg: 5744 point cloud size: 86400,ts:1797.7590423600[0m
[1m[37mmsg: 5745 point cloud size: 86400,ts:1797.8590413600[0m
[1m[37mmsg: 5746 point cloud size: 83040,ts:1797.9590433600[0m
[1m[37mmsg: 5747 point cloud size: 85920,ts:1798.0594913600[0m
[1m[37mmsg: 5748 point cloud size: 86400,ts:1798.1590523600[0m
[1m[37mmsg: 5749 point cloud size: 86400,ts:1798.2590463600[0m
[1m[37mmsg: 5750 point cloud size: 86400,ts:1798.3590263600[0m
[1m[37mmsg: 5751 point cloud size: 86400,ts:1798.4590393600[0m
[1m[37mmsg: 5752 point cloud size: 86400,ts:1798.5590423600[0m
[1m[37mmsg: 5753 point cloud size: 86400,ts:1798.6590513600[0m
[1m[37mmsg: 5754 point cloud size: 86400,ts:1798.7590773600[0m
[1m[37mmsg: 5755 point cloud size: 86400,ts:1798.8590293600[0m
[1m[37mmsg: 5756 point cloud size: 83040,ts:1798.9590313600[0m
[1m[37mmsg: 5757 point cloud size: 85920,ts:1799.0595293600[0m
[1m[37mmsg: 5758 point cloud size: 86400,ts:1799.1590203600[0m
[1m[37mmsg: 5759 point cloud size: 86400,ts:1799.2590253600[0m
[1m[37mmsg: 5760 point cloud size: 86400,ts:1799.3590053600[0m
[1m[37mmsg: 5761 point cloud size: 86400,ts:1799.4590093600[0m
[1m[37mmsg: 5762 point cloud size: 86400,ts:1799.5590323600[0m
[1m[37mmsg: 5763 point cloud size: 86400,ts:1799.6589973600[0m
[1m[37mmsg: 5764 point cloud size: 86400,ts:1799.7590633600[0m
[1m[37mmsg: 5765 point cloud size: 86400,ts:1799.8590133600[0m
[1m[37mmsg: 5766 point cloud size: 83040,ts:1799.9590083600[0m
[1m[37mmsg: 5767 point cloud size: 85920,ts:1800.0594693600[0m
[1m[37mmsg: 5768 point cloud size: 86400,ts:1800.1590153600[0m
[1m[37mmsg: 5769 point cloud size: 86400,ts:1800.2589893600[0m
[1m[37mmsg: 5770 point cloud size: 86400,ts:1800.3589913600[0m
[1m[37mmsg: 5771 point cloud size: 86400,ts:1800.4590563600[0m
[1m[37mmsg: 5772 point cloud size: 86400,ts:1800.5589923600[0m
[1m[37mmsg: 5773 point cloud size: 86400,ts:1800.6590103600[0m
[1m[37mmsg: 5774 point cloud size: 86400,ts:1800.7590103600[0m
[1m[37mmsg: 5775 point cloud size: 86400,ts:1800.8589923600[0m
[1m[37mmsg: 5776 point cloud size: 83040,ts:1800.9589903600[0m
[1m[37mmsg: 5777 point cloud size: 85920,ts:1801.0594953600[0m
[1m[37mmsg: 5778 point cloud size: 86400,ts:1801.1589853600[0m
[1m[37mmsg: 5779 point cloud size: 86400,ts:1801.2589823600[0m
[1m[37mmsg: 5780 point cloud size: 86400,ts:1801.3589903600[0m
[1m[37mmsg: 5781 point cloud size: 86400,ts:1801.4589983600[0m
[1m[37mmsg: 5782 point cloud size: 86400,ts:1801.5589783600[0m
[1m[37mmsg: 5783 point cloud size: 86400,ts:1801.6589833600[0m
[1m[37mmsg: 5784 point cloud size: 86400,ts:1801.7589643600[0m
[1m[37mmsg: 5785 point cloud size: 86400,ts:1801.8589683600[0m
[1m[37mmsg: 5786 point cloud size: 83040,ts:1801.9589773600[0m
[1m[37mmsg: 5787 point cloud size: 85920,ts:1802.0594373600[0m
[1m[37mmsg: 5788 point cloud size: 86400,ts:1802.1589633600[0m
[1m[37mmsg: 5789 point cloud size: 86400,ts:1802.2589653600[0m
[1m[37mmsg: 5790 point cloud size: 86400,ts:1802.3589663600[0m
[1m[37mmsg: 5791 point cloud size: 86400,ts:1802.4589543600[0m
[1m[37mmsg: 5792 point cloud size: 86400,ts:1802.5589633600[0m
[1m[37mmsg: 5793 point cloud size: 86400,ts:1802.6589673600[0m
[1m[37mmsg: 5794 point cloud size: 86400,ts:1802.7589453600[0m
[1m[37mmsg: 5795 point cloud size: 86400,ts:1802.8589503600[0m
[1m[37mmsg: 5796 point cloud size: 83040,ts:1802.9589583600[0m
[1m[37mmsg: 5797 point cloud size: 85920,ts:1803.0594063600[0m
[1m[37mmsg: 5798 point cloud size: 86400,ts:1803.1589453600[0m
[1m[37mmsg: 5799 point cloud size: 86400,ts:1803.2589563600[0m
[1m[37mmsg: 5800 point cloud size: 86400,ts:1803.3589543600[0m
[1m[37mmsg: 5801 point cloud size: 86400,ts:1803.4589453600[0m
[1m[37mmsg: 5802 point cloud size: 86400,ts:1803.5589733600[0m
[1m[37mmsg: 5803 point cloud size: 86400,ts:1803.6589473600[0m
[1m[37mmsg: 5804 point cloud size: 86400,ts:1803.7589393600[0m
[1m[37mmsg: 5805 point cloud size: 86400,ts:1803.8589393600[0m
[1m[37mmsg: 5806 point cloud size: 83040,ts:1803.9589383600[0m
[1m[37mmsg: 5807 point cloud size: 85920,ts:1804.0593873600[0m
[1m[37mmsg: 5808 point cloud size: 86400,ts:1804.1589343600[0m
[1m[37mmsg: 5809 point cloud size: 86400,ts:1804.2589353600[0m
[1m[37mmsg: 5810 point cloud size: 86400,ts:1804.3589353600[0m
[1m[37mmsg: 5811 point cloud size: 86400,ts:1804.4589243600[0m
[1m[37mmsg: 5812 point cloud size: 86400,ts:1804.5589223600[0m
[1m[37mmsg: 5813 point cloud size: 86400,ts:1804.6589293600[0m
[1m[37mmsg: 5814 point cloud size: 86400,ts:1804.7589203600[0m
[1m[37mmsg: 5815 point cloud size: 86400,ts:1804.8589273600[0m
[1m[37mmsg: 5816 point cloud size: 83040,ts:1804.9589283600[0m
[1m[37mmsg: 5817 point cloud size: 85920,ts:1805.0593763600[0m
[1m[37mmsg: 5818 point cloud size: 86400,ts:1805.1589123600[0m
[1m[37mmsg: 5819 point cloud size: 86400,ts:1805.2589153600[0m
[1m[37mmsg: 5820 point cloud size: 86400,ts:1805.3589163600[0m
[1m[37mmsg: 5821 point cloud size: 86400,ts:1805.4589213600[0m
[1m[37mmsg: 5822 point cloud size: 86400,ts:1805.5589083600[0m
[1m[37mmsg: 5823 point cloud size: 86400,ts:1805.6589183600[0m
[1m[37mmsg: 5824 point cloud size: 86400,ts:1805.7588943600[0m
[1m[37mmsg: 5825 point cloud size: 86400,ts:1805.8588973600[0m
[1m[37mmsg: 5826 point cloud size: 83040,ts:1805.9589063600[0m
[1m[37mmsg: 5827 point cloud size: 85920,ts:1806.0593473600[0m
[1m[37mmsg: 5828 point cloud size: 86400,ts:1806.1588933600[0m
[1m[37mmsg: 5829 point cloud size: 86400,ts:1806.2588993600[0m
[1m[37mmsg: 5830 point cloud size: 86400,ts:1806.3588973600[0m
[1m[37mmsg: 5831 point cloud size: 86400,ts:1806.4589103600[0m
[1m[37mmsg: 5832 point cloud size: 86400,ts:1806.5588883600[0m
[1m[37mmsg: 5833 point cloud size: 86400,ts:1806.6588903600[0m
[1m[37mmsg: 5834 point cloud size: 86400,ts:1806.7588833600[0m
[1m[37mmsg: 5835 point cloud size: 86400,ts:1806.8588833600[0m
[1m[37mmsg: 5836 point cloud size: 83040,ts:1806.9588843600[0m
[1m[37mmsg: 5837 point cloud size: 85920,ts:1807.0593733600[0m
[1m[37mmsg: 5838 point cloud size: 86400,ts:1807.1588833600[0m
[1m[37mmsg: 5839 point cloud size: 86400,ts:1807.2588813600[0m
[1m[37mmsg: 5840 point cloud size: 86400,ts:1807.3588823600[0m
[1m[37mmsg: 5841 point cloud size: 86400,ts:1807.4588683600[0m
[1m[37mmsg: 5842 point cloud size: 86400,ts:1807.5588693600[0m
[1m[37mmsg: 5843 point cloud size: 86400,ts:1807.6588773600[0m
[1m[37mmsg: 5844 point cloud size: 86400,ts:1807.7588643600[0m
[1m[37mmsg: 5845 point cloud size: 86400,ts:1807.8588693600[0m
[1m[37mmsg: 5846 point cloud size: 83040,ts:1807.9588713600[0m
[1m[37mmsg: 5847 point cloud size: 85920,ts:1808.0593413600[0m
[1m[37mmsg: 5848 point cloud size: 86400,ts:1808.1588573600[0m
[1m[37mmsg: 5849 point cloud size: 86400,ts:1808.2588603600[0m
[1m[37mmsg: 5850 point cloud size: 86400,ts:1808.3588723600[0m
[1m[37mmsg: 5851 point cloud size: 86400,ts:1808.4588543600[0m
[1m[37mmsg: 5852 point cloud size: 86400,ts:1808.5588553600[0m
[1m[37mmsg: 5853 point cloud size: 86400,ts:1808.6588573600[0m
[1m[37mmsg: 5854 point cloud size: 86400,ts:1808.7588453600[0m
[1m[37mmsg: 5855 point cloud size: 86400,ts:1808.8588633600[0m
[1m[37mmsg: 5856 point cloud size: 83040,ts:1808.9588513600[0m
[1m[37mmsg: 5857 point cloud size: 85920,ts:1809.0593083600[0m
[1m[37mmsg: 5858 point cloud size: 86400,ts:1809.1588423600[0m
[1m[37mmsg: 5859 point cloud size: 86400,ts:1809.2588423600[0m
[1m[37mmsg: 5860 point cloud size: 86400,ts:1809.3588573600[0m
[1m[37mmsg: 5861 point cloud size: 86400,ts:1809.4588323600[0m
[1m[37mmsg: 5862 point cloud size: 86400,ts:1809.5588393600[0m
[1m[37mmsg: 5863 point cloud size: 86400,ts:1809.6588333600[0m
[1m[37mmsg: 5864 point cloud size: 86400,ts:1809.7588303600[0m
[1m[37mmsg: 5865 point cloud size: 86400,ts:1809.8588343600[0m
[1m[37mmsg: 5866 point cloud size: 83040,ts:1809.9588383600[0m
[1m[37mmsg: 5867 point cloud size: 85920,ts:1810.0592823600[0m
[1m[37mmsg: 5868 point cloud size: 86400,ts:1810.1588303600[0m
[1m[37mmsg: 5869 point cloud size: 86400,ts:1810.2588253600[0m
[1m[37mmsg: 5870 point cloud size: 86400,ts:1810.3588403600[0m
[1m[37mmsg: 5871 point cloud size: 86400,ts:1810.4588353600[0m
[1m[37mmsg: 5872 point cloud size: 86400,ts:1810.5588153600[0m
[1m[37mmsg: 5873 point cloud size: 86400,ts:1810.6588183600[0m
[1m[37mmsg: 5874 point cloud size: 86400,ts:1810.7588083600[0m
[1m[37mmsg: 5875 point cloud size: 86400,ts:1810.8588103600[0m
[1m[37mmsg: 5876 point cloud size: 83040,ts:1810.9588113600[0m
[1m[37mmsg: 5877 point cloud size: 85920,ts:1811.0592603600[0m
[1m[37mmsg: 5878 point cloud size: 86400,ts:1811.1588143600[0m
[1m[37mmsg: 5879 point cloud size: 86400,ts:1811.2588063600[0m
[1m[37mmsg: 5880 point cloud size: 86400,ts:1811.3588113600[0m
[1m[37mmsg: 5881 point cloud size: 86400,ts:1811.4588203600[0m
[1m[37mmsg: 5882 point cloud size: 86400,ts:1811.5587993600[0m
[1m[37mmsg: 5883 point cloud size: 86400,ts:1811.6588033600[0m
[1m[37mmsg: 5884 point cloud size: 86400,ts:1811.7587893600[0m
[1m[37mmsg: 5885 point cloud size: 86400,ts:1811.8588173600[0m
[1m[37mmsg: 5886 point cloud size: 83040,ts:1811.9588013600[0m
[1m[37mmsg: 5887 point cloud size: 85920,ts:1812.0592583600[0m
[1m[37mmsg: 5888 point cloud size: 86400,ts:1812.1587863600[0m
[1m[37mmsg: 5889 point cloud size: 86400,ts:1812.2587893600[0m
[1m[37mmsg: 5890 point cloud size: 86400,ts:1812.3587803600[0m
[1m[37mmsg: 5891 point cloud size: 86400,ts:1812.4587773600[0m
[1m[37mmsg: 5892 point cloud size: 86400,ts:1812.5587823600[0m
[1m[37mmsg: 5893 point cloud size: 86400,ts:1812.6587873600[0m
[1m[37mmsg: 5894 point cloud size: 86400,ts:1812.7587703600[0m
[1m[37mmsg: 5895 point cloud size: 86400,ts:1812.8587743600[0m
[1m[37mmsg: 5896 point cloud size: 83040,ts:1812.9587673600[0m
[1m[37mmsg: 5897 point cloud size: 85920,ts:1813.0592243600[0m
[1m[37mmsg: 5898 point cloud size: 86400,ts:1813.1587683600[0m
[1m[37mmsg: 5899 point cloud size: 86400,ts:1813.2587733600[0m
[1m[37mmsg: 5900 point cloud size: 86400,ts:1813.3587773600[0m
[1m[37mmsg: 5901 point cloud size: 86400,ts:1813.4587763600[0m
[1m[37mmsg: 5902 point cloud size: 86400,ts:1813.5587663600[0m
[1m[37mmsg: 5903 point cloud size: 86400,ts:1813.6587723600[0m
[1m[37mmsg: 5904 point cloud size: 86400,ts:1813.7587573600[0m
[1m[37mmsg: 5905 point cloud size: 86400,ts:1813.8587573600[0m
[1m[37mmsg: 5906 point cloud size: 83040,ts:1813.9587653600[0m
[1m[37mmsg: 5907 point cloud size: 85920,ts:1814.0592123600[0m
[1m[37mmsg: 5908 point cloud size: 86400,ts:1814.1587553600[0m
[1m[37mmsg: 5909 point cloud size: 86400,ts:1814.2587633600[0m
[1m[37mmsg: 5910 point cloud size: 86400,ts:1814.3587593600[0m
[1m[37mmsg: 5911 point cloud size: 86400,ts:1814.4587423600[0m
[1m[37mmsg: 5912 point cloud size: 86400,ts:1814.5587483600[0m
[1m[37mmsg: 5913 point cloud size: 86400,ts:1814.6587503600[0m
[1m[37mmsg: 5914 point cloud size: 86400,ts:1814.7587353600[0m
[1m[37mmsg: 5915 point cloud size: 86400,ts:1814.8587393600[0m
[1m[37mmsg: 5916 point cloud size: 83040,ts:1814.9587443600[0m
[1m[37mmsg: 5917 point cloud size: 85920,ts:1815.0591873600[0m
[1m[37mmsg: 5918 point cloud size: 86400,ts:1815.1587363600[0m
[1m[37mmsg: 5919 point cloud size: 86400,ts:1815.2587433600[0m
[1m[37mmsg: 5920 point cloud size: 86400,ts:1815.3587433600[0m
[1m[37mmsg: 5921 point cloud size: 86400,ts:1815.4587283600[0m
[1m[37mmsg: 5922 point cloud size: 86400,ts:1815.5587333600[0m
[1m[37mmsg: 5923 point cloud size: 86400,ts:1815.6587333600[0m
[1m[37mmsg: 5924 point cloud size: 86400,ts:1815.7587853600[0m
[1m[37mmsg: 5925 point cloud size: 86400,ts:1815.8587213600[0m
[1m[37mmsg: 5926 point cloud size: 83040,ts:1815.9587453600[0m
[1m[37mmsg: 5927 point cloud size: 85920,ts:1816.0591793600[0m
[1m[37mmsg: 5928 point cloud size: 86400,ts:1816.1587213600[0m
[1m[37mmsg: 5929 point cloud size: 86400,ts:1816.2587203600[0m
[1m[37mmsg: 5930 point cloud size: 86400,ts:1816.3587133600[0m
[1m[37mmsg: 5931 point cloud size: 86400,ts:1816.4587153600[0m
[1m[37mmsg: 5932 point cloud size: 86400,ts:1816.5587193600[0m
[1m[37mmsg: 5933 point cloud size: 86400,ts:1816.6587003600[0m
[1m[37mmsg: 5934 point cloud size: 86400,ts:1816.7586993600[0m
[1m[37mmsg: 5935 point cloud size: 86400,ts:1816.8587053600[0m
[1m[37mmsg: 5936 point cloud size: 83040,ts:1816.9587083600[0m
[1m[37mmsg: 5937 point cloud size: 85920,ts:1817.0591583600[0m
[1m[37mmsg: 5938 point cloud size: 86400,ts:1817.1587033600[0m
[1m[37mmsg: 5939 point cloud size: 86400,ts:1817.2587033600[0m
[1m[37mmsg: 5940 point cloud size: 86400,ts:1817.3586973600[0m
[1m[37mmsg: 5941 point cloud size: 86400,ts:1817.4586933600[0m
[1m[37mmsg: 5942 point cloud size: 86400,ts:1817.5587003600[0m
[1m[37mmsg: 5943 point cloud size: 86400,ts:1817.6586803600[0m
[1m[37mmsg: 5944 point cloud size: 86400,ts:1817.7586853600[0m
[1m[37mmsg: 5945 point cloud size: 86400,ts:1817.8586973600[0m
[1m[37mmsg: 5946 point cloud size: 83040,ts:1817.9586993600[0m
[1m[37mmsg: 5947 point cloud size: 85920,ts:1818.0591363600[0m
[1m[37mmsg: 5948 point cloud size: 86400,ts:1818.1586823600[0m
[1m[37mmsg: 5949 point cloud size: 86400,ts:1818.2586923600[0m
[1m[37mmsg: 5950 point cloud size: 86400,ts:1818.3586773600[0m
[1m[37mmsg: 5951 point cloud size: 86400,ts:1818.4586853600[0m
[1m[37mmsg: 5952 point cloud size: 86400,ts:1818.5586883600[0m
[1m[37mmsg: 5953 point cloud size: 86400,ts:1818.6586903600[0m
[1m[37mmsg: 5954 point cloud size: 86400,ts:1818.7586933600[0m
[1m[37mmsg: 5955 point cloud size: 86400,ts:1818.8587023600[0m
[1m[37mmsg: 5956 point cloud size: 83040,ts:1818.9586803600[0m
[1m[37mmsg: 5957 point cloud size: 85920,ts:1819.0591233600[0m
[1m[37mmsg: 5958 point cloud size: 86400,ts:1819.1586643600[0m
[1m[37mmsg: 5959 point cloud size: 86400,ts:1819.2586683600[0m
[1m[37mmsg: 5960 point cloud size: 86400,ts:1819.3586573600[0m
[1m[37mmsg: 5961 point cloud size: 86400,ts:1819.4586643600[0m
[1m[37mmsg: 5962 point cloud size: 86400,ts:1819.5586633600[0m
[1m[37mmsg: 5963 point cloud size: 86400,ts:1819.6586483600[0m
[1m[37mmsg: 5964 point cloud size: 86400,ts:1819.7586543600[0m
[1m[37mmsg: 5965 point cloud size: 86400,ts:1819.8586593600[0m
[1m[37mmsg: 5966 point cloud size: 83040,ts:1819.9586623600[0m
[1m[37mmsg: 5967 point cloud size: 85920,ts:1820.0591073600[0m
[1m[37mmsg: 5968 point cloud size: 86400,ts:1820.1586373600[0m
[1m[37mmsg: 5969 point cloud size: 86400,ts:1820.2586513600[0m
[1m[37mmsg: 5970 point cloud size: 86400,ts:1820.3586603600[0m
[1m[37mmsg: 5971 point cloud size: 86400,ts:1820.4586473600[0m
[1m[37mmsg: 5972 point cloud size: 86400,ts:1820.5586503600[0m
[1m[37mmsg: 5973 point cloud size: 86400,ts:1820.6586543600[0m
[1m[37mmsg: 5974 point cloud size: 86400,ts:1820.7586353600[0m
[1m[37mmsg: 5975 point cloud size: 86400,ts:1820.8586353600[0m
[1m[37mmsg: 5976 point cloud size: 83040,ts:1820.9586383600[0m
[1m[37mmsg: 5977 point cloud size: 85920,ts:1821.0591083600[0m
[1m[37mmsg: 5978 point cloud size: 86400,ts:1821.1586323600[0m
[1m[37mmsg: 5979 point cloud size: 86400,ts:1821.2586393600[0m
[1m[37mmsg: 5980 point cloud size: 86400,ts:1821.3586403600[0m
[1m[37mmsg: 5981 point cloud size: 86400,ts:1821.4586223600[0m
[1m[37mmsg: 5982 point cloud size: 86400,ts:1821.5586263600[0m
[1m[37mmsg: 5983 point cloud size: 86400,ts:1821.6586353600[0m
[1m[37mmsg: 5984 point cloud size: 86400,ts:1821.7586503600[0m
[1m[37mmsg: 5985 point cloud size: 86400,ts:1821.8586193600[0m
[1m[37mmsg: 5986 point cloud size: 83040,ts:1821.9586653600[0m
[1m[37mmsg: 5987 point cloud size: 85920,ts:1822.0590673600[0m
[1m[37mmsg: 5988 point cloud size: 86400,ts:1822.1586323600[0m
[1m[37mmsg: 5989 point cloud size: 86400,ts:1822.2586863600[0m
[1m[37mmsg: 5990 point cloud size: 86400,ts:1822.3586193600[0m
[1m[37mmsg: 5991 point cloud size: 86400,ts:1822.4586043600[0m
[1m[37mmsg: 5992 point cloud size: 86400,ts:1822.5586553600[0m
[1m[37mmsg: 5993 point cloud size: 86400,ts:1822.6586113600[0m
[1m[37mmsg: 5994 point cloud size: 86400,ts:1822.7586143600[0m
[1m[37mmsg: 5995 point cloud size: 86400,ts:1822.8586053600[0m
[1m[37mmsg: 5996 point cloud size: 83040,ts:1822.9586073600[0m
[1m[37mmsg: 5997 point cloud size: 85920,ts:1823.0590673600[0m
[1m[37mmsg: 5998 point cloud size: 86400,ts:1823.1585933600[0m
[1m[37mmsg: 5999 point cloud size: 86400,ts:1823.2585993600[0m
[1m[37mmsg: 6000 point cloud size: 86400,ts:1823.3586083600[0m
[1m[37mmsg: 6001 point cloud size: 86400,ts:1823.4585883600[0m
[1m[37mmsg: 6002 point cloud size: 86400,ts:1823.5586003600[0m
[1m[37mmsg: 6003 point cloud size: 86400,ts:1823.6585843600[0m
[1m[37mmsg: 6004 point cloud size: 86400,ts:1823.7586243600[0m
[1m[37mmsg: 6005 point cloud size: 86400,ts:1823.8585953600[0m
[1m[37mmsg: 6006 point cloud size: 83040,ts:1823.9585743600[0m
[1m[37mmsg: 6007 point cloud size: 85920,ts:1824.0590393600[0m
[1m[37mmsg: 6008 point cloud size: 86400,ts:1824.1585813600[0m
[1m[37mmsg: 6009 point cloud size: 86400,ts:1824.2585873600[0m
[1m[37mmsg: 6010 point cloud size: 86400,ts:1824.3585683600[0m
[1m[37mmsg: 6011 point cloud size: 86400,ts:1824.4585923600[0m
[1m[37mmsg: 6012 point cloud size: 86400,ts:1824.5599963600[0m
[1m[37mmsg: 6013 point cloud size: 86400,ts:1824.6604143600[0m
[1m[37mmsg: 6014 point cloud size: 86400,ts:1824.7586393600[0m
[1m[37mmsg: 6015 point cloud size: 86400,ts:1824.8585703600[0m
[1m[37mmsg: 6016 point cloud size: 83040,ts:1824.9585693600[0m
[1m[37mmsg: 6017 point cloud size: 85920,ts:1825.0590343600[0m
[1m[37mmsg: 6018 point cloud size: 86400,ts:1825.1585643600[0m
[1m[37mmsg: 6019 point cloud size: 86400,ts:1825.2586333600[0m
[1m[37mmsg: 6020 point cloud size: 86400,ts:1825.3585663600[0m
[1m[37mmsg: 6021 point cloud size: 86400,ts:1825.4585573600[0m
[1m[37mmsg: 6022 point cloud size: 86400,ts:1825.5585673600[0m
[1m[37mmsg: 6023 point cloud size: 86400,ts:1825.6585623600[0m
[1m[37mmsg: 6024 point cloud size: 86400,ts:1825.7585553600[0m
[1m[37mmsg: 6025 point cloud size: 86400,ts:1825.8585543600[0m
[1m[37mmsg: 6026 point cloud size: 83040,ts:1825.9585623600[0m
[1m[37mmsg: 6027 point cloud size: 85920,ts:1826.0590193600[0m
[1m[37mmsg: 6028 point cloud size: 86400,ts:1826.1585583600[0m
[1m[37mmsg: 6029 point cloud size: 86400,ts:1826.2585453600[0m
[1m[37mmsg: 6030 point cloud size: 86400,ts:1826.3585643600[0m
[1m[37mmsg: 6031 point cloud size: 86400,ts:1826.4585563600[0m
[1m[37mmsg: 6032 point cloud size: 86400,ts:1826.5585433600[0m
[1m[37mmsg: 6033 point cloud size: 86400,ts:1826.6585413600[0m
[1m[37mmsg: 6034 point cloud size: 86400,ts:1826.7585293600[0m
[1m[37mmsg: 6035 point cloud size: 86400,ts:1826.8585363600[0m
[1m[37mmsg: 6036 point cloud size: 83040,ts:1826.9585413600[0m
[1m[37mmsg: 6037 point cloud size: 85920,ts:1827.0589863600[0m
[1m[37mmsg: 6038 point cloud size: 86400,ts:1827.1585283600[0m
[1m[37mmsg: 6039 point cloud size: 86400,ts:1827.2585333600[0m
[1m[37mmsg: 6040 point cloud size: 86400,ts:1827.3585343600[0m
[1m[37mmsg: 6041 point cloud size: 86400,ts:1827.4585163600[0m
[1m[37mmsg: 6042 point cloud size: 86400,ts:1827.5585203600[0m
[1m[37mmsg: 6043 point cloud size: 86400,ts:1827.6585263600[0m
[1m[37mmsg: 6044 point cloud size: 86400,ts:1827.7585143600[0m
[1m[37mmsg: 6045 point cloud size: 86400,ts:1827.8585163600[0m
[1m[37mmsg: 6046 point cloud size: 83040,ts:1827.9585163600[0m
[1m[37mmsg: 6047 point cloud size: 85920,ts:1828.0589703600[0m
[1m[37mmsg: 6048 point cloud size: 86400,ts:1828.1585583600[0m
[1m[37mmsg: 6049 point cloud size: 86400,ts:1828.2585003600[0m
[1m[37mmsg: 6050 point cloud size: 86400,ts:1828.3585043600[0m
[1m[37mmsg: 6051 point cloud size: 86400,ts:1828.4585003600[0m
[1m[37mmsg: 6052 point cloud size: 86400,ts:1828.5585063600[0m
[1m[37mmsg: 6053 point cloud size: 86400,ts:1828.6585113600[0m
[1m[37mmsg: 6054 point cloud size: 86400,ts:1828.7584993600[0m
[1m[37mmsg: 6055 point cloud size: 86400,ts:1828.8585023600[0m
[1m[37mmsg: 6056 point cloud size: 83040,ts:1828.9584863600[0m
[1m[37mmsg: 6057 point cloud size: 85920,ts:1829.0589523600[0m
[1m[37mmsg: 6058 point cloud size: 86400,ts:1829.1584973600[0m
[1m[37mmsg: 6059 point cloud size: 86400,ts:1829.2584983600[0m
[1m[37mmsg: 6060 point cloud size: 86400,ts:1829.3585013600[0m
[1m[37mmsg: 6061 point cloud size: 86400,ts:1829.4584943600[0m
[1m[37mmsg: 6062 point cloud size: 86400,ts:1829.5584903600[0m
[1m[37mmsg: 6063 point cloud size: 86400,ts:1829.6584963600[0m
[1m[37mmsg: 6064 point cloud size: 86400,ts:1829.7584793600[0m
[1m[37mmsg: 6065 point cloud size: 86400,ts:1829.8584873600[0m
[1m[37mmsg: 6066 point cloud size: 83040,ts:1829.9585003600[0m
[1m[37mmsg: 6067 point cloud size: 85920,ts:1830.0589493600[0m
[1m[37mmsg: 6068 point cloud size: 86400,ts:1830.1584793600[0m
[1m[37mmsg: 6069 point cloud size: 86400,ts:1830.2584813600[0m
[1m[37mmsg: 6070 point cloud size: 86400,ts:1830.3584673600[0m
[1m[37mmsg: 6071 point cloud size: 86400,ts:1830.4584703600[0m
[1m[37mmsg: 6072 point cloud size: 86400,ts:1830.5584713600[0m
[1m[37mmsg: 6073 point cloud size: 86400,ts:1830.6584633600[0m
[1m[37mmsg: 6074 point cloud size: 86400,ts:1830.7584843600[0m
[1m[37mmsg: 6075 point cloud size: 86400,ts:1830.8584623600[0m
[1m[37mmsg: 6076 point cloud size: 83040,ts:1830.9584703600[0m
[1m[37mmsg: 6077 point cloud size: 85920,ts:1831.0589273600[0m
[1m[37mmsg: 6078 point cloud size: 86400,ts:1831.1584603600[0m
[1m[37mmsg: 6079 point cloud size: 86400,ts:1831.2584583600[0m
[1m[37mmsg: 6080 point cloud size: 86400,ts:1831.3584613600[0m
[1m[37mmsg: 6081 point cloud size: 86400,ts:1831.4584463600[0m
[1m[37mmsg: 6082 point cloud size: 86400,ts:1831.5584513600[0m
[1m[37mmsg: 6083 point cloud size: 86400,ts:1831.6584383600[0m
[1m[37mmsg: 6084 point cloud size: 86400,ts:1831.7584523600[0m
[1m[37mmsg: 6085 point cloud size: 86400,ts:1831.8584513600[0m
[1m[37mmsg: 6086 point cloud size: 83040,ts:1831.9584513600[0m
[1m[37mmsg: 6087 point cloud size: 85920,ts:1832.0588993600[0m
[1m[37mmsg: 6088 point cloud size: 86400,ts:1832.1584383600[0m
[1m[37mmsg: 6089 point cloud size: 86400,ts:1832.2584423600[0m
[1m[37mmsg: 6090 point cloud size: 86400,ts:1832.3584303600[0m
[1m[37mmsg: 6091 point cloud size: 86400,ts:1832.4584923600[0m
[1m[37mmsg: 6092 point cloud size: 86400,ts:1832.5584333600[0m
[1m[37mmsg: 6093 point cloud size: 86400,ts:1832.6584223600[0m
[1m[37mmsg: 6094 point cloud size: 86400,ts:1832.7584363600[0m
[1m[37mmsg: 6095 point cloud size: 86400,ts:1832.8584323600[0m
[1m[37mmsg: 6096 point cloud size: 83040,ts:1832.9584313600[0m
[1m[37mmsg: 6097 point cloud size: 85920,ts:1833.0588833600[0m
[1m[37mmsg: 6098 point cloud size: 86400,ts:1833.1584323600[0m
[1m[37mmsg: 6099 point cloud size: 86400,ts:1833.2584213600[0m
[1m[37mmsg: 6100 point cloud size: 86400,ts:1833.3584253600[0m
[1m[37mmsg: 6101 point cloud size: 86400,ts:1833.4584133600[0m
[1m[37mmsg: 6102 point cloud size: 86400,ts:1833.5584253600[0m
[1m[37mmsg: 6103 point cloud size: 86400,ts:1833.6584303600[0m
[1m[37mmsg: 6104 point cloud size: 86400,ts:1833.7584123600[0m
[1m[37mmsg: 6105 point cloud size: 86400,ts:1833.8584093600[0m
[1m[37mmsg: 6106 point cloud size: 83040,ts:1833.9583953600[0m
[1m[37mmsg: 6107 point cloud size: 85920,ts:1834.0588623600[0m
[1m[37mmsg: 6108 point cloud size: 86400,ts:1834.1584043600[0m
[1m[37mmsg: 6109 point cloud size: 86400,ts:1834.2584063600[0m
[1m[37mmsg: 6110 point cloud size: 86400,ts:1834.3584073600[0m
[1m[37mmsg: 6111 point cloud size: 86400,ts:1834.4583943600[0m
[1m[37mmsg: 6112 point cloud size: 86400,ts:1834.5583813600[0m
[1m[37mmsg: 6113 point cloud size: 86400,ts:1834.6584033600[0m
[1m[37mmsg: 6114 point cloud size: 86400,ts:1834.7583993600[0m
[1m[37mmsg: 6115 point cloud size: 86400,ts:1834.8583943600[0m
[1m[37mmsg: 6116 point cloud size: 83040,ts:1834.9583963600[0m
[1m[37mmsg: 6117 point cloud size: 85920,ts:1835.0588403600[0m
[1m[37mmsg: 6118 point cloud size: 86400,ts:1835.1583853600[0m
[1m[37mmsg: 6119 point cloud size: 86400,ts:1835.2583883600[0m
[1m[37mmsg: 6120 point cloud size: 86400,ts:1835.3583923600[0m
[1m[37mmsg: 6121 point cloud size: 86400,ts:1835.4583883600[0m
[1m[37mmsg: 6122 point cloud size: 86400,ts:1835.5583863600[0m
[1m[37mmsg: 6123 point cloud size: 86400,ts:1835.6583893600[0m
[1m[37mmsg: 6124 point cloud size: 86400,ts:1835.7583973600[0m
[1m[37mmsg: 6125 point cloud size: 86400,ts:1835.8583743600[0m
[1m[37mmsg: 6126 point cloud size: 83040,ts:1835.9583783600[0m
[1m[37mmsg: 6127 point cloud size: 85920,ts:1836.0588323600[0m
[1m[37mmsg: 6128 point cloud size: 86400,ts:1836.1583693600[0m
[1m[37mmsg: 6129 point cloud size: 86400,ts:1836.2583833600[0m
[1m[37mmsg: 6130 point cloud size: 86400,ts:1836.3583763600[0m
[1m[37mmsg: 6131 point cloud size: 86400,ts:1836.4583613600[0m
[1m[37mmsg: 6132 point cloud size: 86400,ts:1836.5583643600[0m
[1m[37mmsg: 6133 point cloud size: 86400,ts:1836.6583403600[0m
[1m[37mmsg: 6134 point cloud size: 86400,ts:1836.7583603600[0m
[1m[37mmsg: 6135 point cloud size: 86400,ts:1836.8583653600[0m
[1m[37mmsg: 6136 point cloud size: 83040,ts:1836.9583593600[0m
[1m[37mmsg: 6137 point cloud size: 85920,ts:1837.0588123600[0m
[1m[37mmsg: 6138 point cloud size: 86400,ts:1837.1583483600[0m
[1m[37mmsg: 6139 point cloud size: 86400,ts:1837.2583663600[0m
[1m[37mmsg: 6140 point cloud size: 86400,ts:1837.3583383600[0m
[1m[37mmsg: 6141 point cloud size: 86400,ts:1837.4583433600[0m
[1m[37mmsg: 6142 point cloud size: 86400,ts:1837.5583483600[0m
[1m[37mmsg: 6143 point cloud size: 86400,ts:1837.6583533600[0m
[1m[37mmsg: 6144 point cloud size: 86400,ts:1837.7583443600[0m
[1m[37mmsg: 6145 point cloud size: 86400,ts:1837.8583493600[0m
[1m[37mmsg: 6146 point cloud size: 83040,ts:1837.9583513600[0m
[1m[37mmsg: 6147 point cloud size: 85920,ts:1838.0587933600[0m
[1m[37mmsg: 6148 point cloud size: 86400,ts:1838.1583443600[0m
[1m[37mmsg: 6149 point cloud size: 86400,ts:1838.2583483600[0m
[1m[37mmsg: 6150 point cloud size: 86400,ts:1838.3583503600[0m
[1m[37mmsg: 6151 point cloud size: 86400,ts:1838.4583283600[0m
[1m[37mmsg: 6152 point cloud size: 86400,ts:1838.5583313600[0m
[1m[37mmsg: 6153 point cloud size: 86400,ts:1838.6583333600[0m
[1m[37mmsg: 6154 point cloud size: 86400,ts:1838.7583383600[0m
[1m[37mmsg: 6155 point cloud size: 86400,ts:1838.8583333600[0m
[1m[37mmsg: 6156 point cloud size: 83040,ts:1838.9583333600[0m
[1m[37mmsg: 6157 point cloud size: 85920,ts:1839.0587893600[0m
[1m[37mmsg: 6158 point cloud size: 86400,ts:1839.1583173600[0m
[1m[37mmsg: 6159 point cloud size: 86400,ts:1839.2583243600[0m
[1m[37mmsg: 6160 point cloud size: 86400,ts:1839.3583343600[0m
[1m[37mmsg: 6161 point cloud size: 86400,ts:1839.4583153600[0m
[1m[37mmsg: 6162 point cloud size: 86400,ts:1839.5583133600[0m
[1m[37mmsg: 6163 point cloud size: 86400,ts:1839.6583013600[0m
[1m[37mmsg: 6164 point cloud size: 86400,ts:1839.7583023600[0m
[1m[37mmsg: 6165 point cloud size: 86400,ts:1839.8583073600[0m
[1m[37mmsg: 6166 point cloud size: 83040,ts:1839.9583233600[0m
[1m[37mmsg: 6167 point cloud size: 85920,ts:1840.0587703600[0m
[1m[37mmsg: 6168 point cloud size: 86400,ts:1840.1583083600[0m
[1m[37mmsg: 6169 point cloud size: 86400,ts:1840.2583013600[0m
[1m[37mmsg: 6170 point cloud size: 86400,ts:1840.3582883600[0m
[1m[37mmsg: 6171 point cloud size: 86400,ts:1840.4582903600[0m
[1m[37mmsg: 6172 point cloud size: 86400,ts:1840.5582933600[0m
[1m[37mmsg: 6173 point cloud size: 86400,ts:1840.6582953600[0m
[1m[37mmsg: 6174 point cloud size: 86400,ts:1840.7583113600[0m
[1m[37mmsg: 6175 point cloud size: 86400,ts:1840.8582883600[0m
[1m[37mmsg: 6176 point cloud size: 83040,ts:1840.9582913600[0m
[1m[37mmsg: 6177 point cloud size: 85920,ts:1841.0587743600[0m
[1m[37mmsg: 6178 point cloud size: 86400,ts:1841.1582973600[0m
[1m[37mmsg: 6179 point cloud size: 86400,ts:1841.2582863600[0m
[1m[37mmsg: 6180 point cloud size: 86400,ts:1841.3582943600[0m
[1m[37mmsg: 6181 point cloud size: 86400,ts:1841.4582923600[0m
[1m[37mmsg: 6182 point cloud size: 86400,ts:1841.5582823600[0m
[1m[37mmsg: 6183 point cloud size: 86400,ts:1841.6582843600[0m
[1m[37mmsg: 6184 point cloud size: 86400,ts:1841.7582913600[0m
[1m[37mmsg: 6185 point cloud size: 86400,ts:1841.8582743600[0m
[1m[37mmsg: 6186 point cloud size: 83040,ts:1841.9582753600[0m
[1m[37mmsg: 6187 point cloud size: 85920,ts:1842.0587403600[0m
[1m[37mmsg: 6188 point cloud size: 86400,ts:1842.1582703600[0m
[1m[37mmsg: 6189 point cloud size: 86400,ts:1842.2582773600[0m
[1m[37mmsg: 6190 point cloud size: 86400,ts:1842.3582763600[0m
[1m[37mmsg: 6191 point cloud size: 86400,ts:1842.4582723600[0m
[1m[37mmsg: 6192 point cloud size: 86400,ts:1842.5582683600[0m
[1m[37mmsg: 6193 point cloud size: 86400,ts:1842.6582683600[0m
[1m[37mmsg: 6194 point cloud size: 86400,ts:1842.7582523600[0m
[1m[37mmsg: 6195 point cloud size: 86400,ts:1842.8582603600[0m
[1m[37mmsg: 6196 point cloud size: 83040,ts:1842.9582683600[0m
[1m[37mmsg: 6197 point cloud size: 85920,ts:1843.0587043600[0m
[1m[37mmsg: 6198 point cloud size: 86400,ts:1843.1582583600[0m
[1m[37mmsg: 6199 point cloud size: 86400,ts:1843.2582373600[0m
[1m[37mmsg: 6200 point cloud size: 86400,ts:1843.3582563600[0m
[1m[37mmsg: 6201 point cloud size: 86400,ts:1843.4582433600[0m
[1m[37mmsg: 6202 point cloud size: 86400,ts:1843.5582483600[0m
[1m[37mmsg: 6203 point cloud size: 86400,ts:1843.6582623600[0m
[1m[37mmsg: 6204 point cloud size: 86400,ts:1843.7582353600[0m
[1m[37mmsg: 6205 point cloud size: 86400,ts:1843.8582433600[0m
[1m[37mmsg: 6206 point cloud size: 83040,ts:1843.9582493600[0m
[1m[37mmsg: 6207 point cloud size: 85920,ts:1844.0586883600[0m
[1m[37mmsg: 6208 point cloud size: 86400,ts:1844.1582353600[0m
[1m[37mmsg: 6209 point cloud size: 86400,ts:1844.2582393600[0m
[1m[37mmsg: 6210 point cloud size: 86400,ts:1844.3582783600[0m
[1m[37mmsg: 6211 point cloud size: 86400,ts:1844.4582273600[0m
[1m[37mmsg: 6212 point cloud size: 86400,ts:1844.5582533600[0m
[1m[37mmsg: 6213 point cloud size: 86400,ts:1844.6582223600[0m
[1m[37mmsg: 6214 point cloud size: 86400,ts:1844.7582453600[0m
[1m[37mmsg: 6215 point cloud size: 86400,ts:1844.8582063600[0m
[1m[37mmsg: 6216 point cloud size: 83040,ts:1844.9582103600[0m
[1m[37mmsg: 6217 point cloud size: 85920,ts:1845.0586883600[0m
[1m[37mmsg: 6218 point cloud size: 86400,ts:1845.1582113600[0m
[1m[37mmsg: 6219 point cloud size: 86400,ts:1845.2582023600[0m
[1m[37mmsg: 6220 point cloud size: 86400,ts:1845.3582173600[0m
[1m[37mmsg: 6221 point cloud size: 86400,ts:1845.4582223600[0m
[1m[37mmsg: 6222 point cloud size: 86400,ts:1845.5582243600[0m
[1m[37mmsg: 6223 point cloud size: 86400,ts:1845.6582013600[0m
[1m[37mmsg: 6224 point cloud size: 86400,ts:1845.7582073600[0m
[1m[37mmsg: 6225 point cloud size: 86400,ts:1845.8582063600[0m
[1m[37mmsg: 6226 point cloud size: 83040,ts:1845.9581913600[0m
[1m[37mmsg: 6227 point cloud size: 85920,ts:1846.0586553600[0m
[1m[37mmsg: 6228 point cloud size: 86400,ts:1846.1581983600[0m
[1m[37mmsg: 6229 point cloud size: 86400,ts:1846.2582003600[0m
[1m[37mmsg: 6230 point cloud size: 86400,ts:1846.3582013600[0m
[1m[37mmsg: 6231 point cloud size: 86400,ts:1846.4582043600[0m
[1m[37mmsg: 6232 point cloud size: 86400,ts:1846.5581953600[0m
[1m[37mmsg: 6233 point cloud size: 86400,ts:1846.6582003600[0m
[1m[37mmsg: 6234 point cloud size: 86400,ts:1846.7581973600[0m
[1m[37mmsg: 6235 point cloud size: 86400,ts:1846.8581843600[0m
[1m[37mmsg: 6236 point cloud size: 83040,ts:1846.9581943600[0m
[1m[37mmsg: 6237 point cloud size: 85920,ts:1847.0586553600[0m
[1m[37mmsg: 6238 point cloud size: 86400,ts:1847.1581913600[0m
[1m[37mmsg: 6239 point cloud size: 86400,ts:1847.2581813600[0m
[1m[37mmsg: 6240 point cloud size: 86400,ts:1847.3581703600[0m
[1m[37mmsg: 6241 point cloud size: 86400,ts:1847.4581753600[0m
[1m[37mmsg: 6242 point cloud size: 86400,ts:1847.5581773600[0m
[1m[37mmsg: 6243 point cloud size: 86400,ts:1847.6581673600[0m
[1m[37mmsg: 6244 point cloud size: 86400,ts:1847.7581753600[0m
[1m[37mmsg: 6245 point cloud size: 86400,ts:1847.8581733600[0m
[1m[37mmsg: 6246 point cloud size: 83040,ts:1847.9581953600[0m
[1m[37mmsg: 6247 point cloud size: 85920,ts:1848.0586883600[0m
[1m[37mmsg: 6248 point cloud size: 86400,ts:1848.1581723600[0m
[1m[37mmsg: 6249 point cloud size: 86400,ts:1848.2581743600[0m
[1m[37mmsg: 6250 point cloud size: 86400,ts:1848.3581743600[0m
[1m[37mmsg: 6251 point cloud size: 86400,ts:1848.4581813600[0m
[1m[37mmsg: 6252 point cloud size: 86400,ts:1848.5581623600[0m
[1m[37mmsg: 6253 point cloud size: 86400,ts:1848.6582433600[0m
[1m[37mmsg: 6254 point cloud size: 86400,ts:1848.7581713600[0m
[1m[37mmsg: 6255 point cloud size: 86400,ts:1848.8581533600[0m
[1m[37mmsg: 6256 point cloud size: 83040,ts:1848.9581533600[0m
[1m[37mmsg: 6257 point cloud size: 85920,ts:1849.0586063600[0m
[1m[37mmsg: 6258 point cloud size: 86400,ts:1849.1581463600[0m
[1m[37mmsg: 6259 point cloud size: 86400,ts:1849.2581453600[0m
[1m[37mmsg: 6260 point cloud size: 86400,ts:1849.3581323600[0m
[1m[37mmsg: 6261 point cloud size: 86400,ts:1849.4581633600[0m
[1m[37mmsg: 6262 point cloud size: 86400,ts:1849.5581393600[0m
[1m[37mmsg: 6263 point cloud size: 86400,ts:1849.6581603600[0m
[1m[37mmsg: 6264 point cloud size: 86400,ts:1849.7581553600[0m
[1m[37mmsg: 6265 point cloud size: 86400,ts:1849.8581743600[0m
[1m[37mmsg: 6266 point cloud size: 83040,ts:1849.9581503600[0m
[1m[37mmsg: 6267 point cloud size: 85920,ts:1850.0588343600[0m
[1m[37mmsg: 6268 point cloud size: 86400,ts:1850.1581403600[0m
[1m[37mmsg: 6269 point cloud size: 86400,ts:1850.2581203600[0m
[1m[37mmsg: 6270 point cloud size: 86400,ts:1850.3581753600[0m
[1m[37mmsg: 6271 point cloud size: 86400,ts:1850.4581623600[0m
[1m[37mmsg: 6272 point cloud size: 86400,ts:1850.5581463600[0m
[1m[37mmsg: 6273 point cloud size: 86400,ts:1850.6581253600[0m
[1m[37mmsg: 6274 point cloud size: 86400,ts:1850.7581133600[0m
[1m[37mmsg: 6275 point cloud size: 86400,ts:1850.8581153600[0m
[1m[37mmsg: 6276 point cloud size: 83040,ts:1850.9581173600[0m
[1m[37mmsg: 6277 point cloud size: 85920,ts:1851.0585873600[0m
[1m[37mmsg: 6278 point cloud size: 86400,ts:1851.1581143600[0m
[1m[37mmsg: 6279 point cloud size: 86400,ts:1851.2581203600[0m
[1m[37mmsg: 6280 point cloud size: 86400,ts:1851.3580993600[0m
[1m[37mmsg: 6281 point cloud size: 86400,ts:1851.4582353600[0m
[1m[37mmsg: 6282 point cloud size: 86400,ts:1851.5594813600[0m
[1m[37mmsg: 6283 point cloud size: 86400,ts:1851.6580993600[0m
[1m[37mmsg: 6284 point cloud size: 86400,ts:1851.7581403600[0m
[1m[37mmsg: 6285 point cloud size: 86400,ts:1851.8581013600[0m
[1m[37mmsg: 6286 point cloud size: 83040,ts:1851.9581073600[0m
[1m[37mmsg: 6287 point cloud size: 85920,ts:1852.0585713600[0m
[1m[37mmsg: 6288 point cloud size: 86400,ts:1852.1581213600[0m
[1m[37mmsg: 6289 point cloud size: 86400,ts:1852.2581333600[0m
[1m[37mmsg: 6290 point cloud size: 86400,ts:1852.3581103600[0m
[1m[37mmsg: 6291 point cloud size: 86400,ts:1852.4580833600[0m
[1m[37mmsg: 6292 point cloud size: 86400,ts:1852.5580873600[0m
[1m[37mmsg: 6293 point cloud size: 86400,ts:1852.6580963600[0m
[1m[37mmsg: 6294 point cloud size: 86400,ts:1852.7580943600[0m
[1m[37mmsg: 6295 point cloud size: 86400,ts:1852.8580663600[0m
[1m[37mmsg: 6296 point cloud size: 83040,ts:1852.9580773600[0m
[1m[37mmsg: 6297 point cloud size: 85920,ts:1853.0585373600[0m
[1m[37mmsg: 6298 point cloud size: 86400,ts:1853.1581093600[0m
[1m[37mmsg: 6299 point cloud size: 86400,ts:1853.2580663600[0m
[1m[37mmsg: 6300 point cloud size: 86400,ts:1853.3580683600[0m
[1m[37mmsg: 6301 point cloud size: 86400,ts:1853.4580723600[0m
[1m[37mmsg: 6302 point cloud size: 86400,ts:1853.5580773600[0m
[1m[37mmsg: 6303 point cloud size: 86400,ts:1853.6580823600[0m
[1m[37mmsg: 6304 point cloud size: 86400,ts:1853.7582343600[0m
[1m[37mmsg: 6305 point cloud size: 86400,ts:1853.8580763600[0m
[1m[37mmsg: 6306 point cloud size: 83040,ts:1853.9580713600[0m
[1m[37mmsg: 6307 point cloud size: 85920,ts:1854.0585143600[0m
[1m[37mmsg: 6308 point cloud size: 86400,ts:1854.1580653600[0m
[1m[37mmsg: 6309 point cloud size: 86400,ts:1854.2580663600[0m
[1m[37mmsg: 6310 point cloud size: 86400,ts:1854.3580653600[0m
[1m[37mmsg: 6311 point cloud size: 86400,ts:1854.4580553600[0m
[1m[37mmsg: 6312 point cloud size: 86400,ts:1854.5580873600[0m
[1m[37mmsg: 6313 point cloud size: 86400,ts:1854.6580803600[0m
[1m[37mmsg: 6314 point cloud size: 86400,ts:1854.7580453600[0m
[1m[37mmsg: 6315 point cloud size: 86400,ts:1854.8580323600[0m
[1m[37mmsg: 6316 point cloud size: 83040,ts:1854.9580413600[0m
[1m[37mmsg: 6317 point cloud size: 85920,ts:1855.0585123600[0m
[1m[37mmsg: 6318 point cloud size: 86400,ts:1855.1580423600[0m
[1m[37mmsg: 6319 point cloud size: 86400,ts:1855.2580483600[0m
[1m[37mmsg: 6320 point cloud size: 86400,ts:1855.3580303600[0m
[1m[37mmsg: 6321 point cloud size: 86400,ts:1855.4580343600[0m
[1m[37mmsg: 6322 point cloud size: 86400,ts:1855.5580373600[0m
[1m[37mmsg: 6323 point cloud size: 86400,ts:1855.6580453600[0m
[1m[37mmsg: 6324 point cloud size: 86400,ts:1855.7580453600[0m
[1m[37mmsg: 6325 point cloud size: 86400,ts:1855.8580293600[0m
[1m[37mmsg: 6326 point cloud size: 83040,ts:1855.9580343600[0m
[1m[37mmsg: 6327 point cloud size: 85920,ts:1856.0584873600[0m
[1m[37mmsg: 6328 point cloud size: 86400,ts:1856.1580293600[0m
[1m[37mmsg: 6329 point cloud size: 86400,ts:1856.2580383600[0m
[1m[37mmsg: 6330 point cloud size: 86400,ts:1856.3580303600[0m
[1m[37mmsg: 6331 point cloud size: 86400,ts:1856.4580553600[0m
[1m[37mmsg: 6332 point cloud size: 86400,ts:1856.5580183600[0m
[1m[37mmsg: 6333 point cloud size: 86400,ts:1856.6580653600[0m
[1m[37mmsg: 6334 point cloud size: 86400,ts:1856.7580293600[0m
[1m[37mmsg: 6335 point cloud size: 86400,ts:1856.8581123600[0m
[1m[37mmsg: 6336 point cloud size: 83040,ts:1856.9580183600[0m
[1m[37mmsg: 6337 point cloud size: 85920,ts:1857.0585063600[0m
[1m[37mmsg: 6338 point cloud size: 86400,ts:1857.1580163600[0m
[1m[37mmsg: 6339 point cloud size: 86400,ts:1857.2580433600[0m
[1m[37mmsg: 6340 point cloud size: 86400,ts:1857.3580073600[0m
[1m[37mmsg: 6341 point cloud size: 86400,ts:1857.4580473600[0m
[1m[37mmsg: 6342 point cloud size: 86400,ts:1857.5580233600[0m
[1m[37mmsg: 6343 point cloud size: 86400,ts:1857.6580083600[0m
[1m[37mmsg: 6344 point cloud size: 86400,ts:1857.7579923600[0m
[1m[37mmsg: 6345 point cloud size: 86400,ts:1857.8580163600[0m
[1m[37mmsg: 6346 point cloud size: 83040,ts:1857.9580033600[0m
[1m[37mmsg: 6347 point cloud size: 85920,ts:1858.0584573600[0m
[1m[37mmsg: 6348 point cloud size: 86400,ts:1858.1579913600[0m
[1m[37mmsg: 6349 point cloud size: 86400,ts:1858.2580033600[0m
[1m[37mmsg: 6350 point cloud size: 86400,ts:1858.3580023600[0m
[1m[37mmsg: 6351 point cloud size: 86400,ts:1858.4579903600[0m
[1m[37mmsg: 6352 point cloud size: 86400,ts:1858.5580013600[0m
[1m[37mmsg: 6353 point cloud size: 86400,ts:1858.6579833600[0m
[1m[37mmsg: 6354 point cloud size: 86400,ts:1858.7579763600[0m
[1m[37mmsg: 6355 point cloud size: 86400,ts:1858.8579863600[0m
[1m[37mmsg: 6356 point cloud size: 83040,ts:1858.9580273600[0m
[1m[37mmsg: 6357 point cloud size: 85920,ts:1859.0584383600[0m
[1m[37mmsg: 6358 point cloud size: 86400,ts:1859.1579803600[0m
[1m[37mmsg: 6359 point cloud size: 86400,ts:1859.2579783600[0m
[1m[37mmsg: 6360 point cloud size: 86400,ts:1859.3579723600[0m
[1m[37mmsg: 6361 point cloud size: 86400,ts:1859.4579743600[0m
[1m[37mmsg: 6362 point cloud size: 86400,ts:1859.5579933600[0m
[1m[37mmsg: 6363 point cloud size: 86400,ts:1859.6579763600[0m
[1m[37mmsg: 6364 point cloud size: 86400,ts:1859.7579803600[0m
[1m[37mmsg: 6365 point cloud size: 86400,ts:1859.8579683600[0m
[1m[37mmsg: 6366 point cloud size: 83040,ts:1859.9579653600[0m
[1m[37mmsg: 6367 point cloud size: 85920,ts:1860.0584143600[0m
[1m[37mmsg: 6368 point cloud size: 86400,ts:1860.1579583600[0m
[1m[37mmsg: 6369 point cloud size: 86400,ts:1860.2579603600[0m
[1m[37mmsg: 6370 point cloud size: 86400,ts:1860.3579663600[0m
[1m[37mmsg: 6371 point cloud size: 86400,ts:1860.4579833600[0m
[1m[37mmsg: 6372 point cloud size: 86400,ts:1860.5579483600[0m
[1m[37mmsg: 6373 point cloud size: 86400,ts:1860.6579603600[0m
[1m[37mmsg: 6374 point cloud size: 86400,ts:1860.7579613600[0m
[1m[37mmsg: 6375 point cloud size: 86400,ts:1860.8579543600[0m
[1m[37mmsg: 6376 point cloud size: 83040,ts:1860.9579673600[0m
[1m[37mmsg: 6377 point cloud size: 85920,ts:1861.0584053600[0m
[1m[37mmsg: 6378 point cloud size: 86400,ts:1861.1579503600[0m
[1m[37mmsg: 6379 point cloud size: 86400,ts:1861.2579473600[0m
[1m[37mmsg: 6380 point cloud size: 86400,ts:1861.3579463600[0m
[1m[37mmsg: 6381 point cloud size: 86400,ts:1861.4579383600[0m
[1m[37mmsg: 6382 point cloud size: 86400,ts:1861.5579383600[0m
[1m[37mmsg: 6383 point cloud size: 86400,ts:1861.6579483600[0m
[1m[37mmsg: 6384 point cloud size: 86400,ts:1861.7579443600[0m
[1m[37mmsg: 6385 point cloud size: 86400,ts:1861.8579383600[0m
[1m[37mmsg: 6386 point cloud size: 83040,ts:1861.9579323600[0m
[1m[37mmsg: 6387 point cloud size: 85920,ts:1862.0583783600[0m
[1m[37mmsg: 6388 point cloud size: 86400,ts:1862.1579303600[0m
[1m[37mmsg: 6389 point cloud size: 86400,ts:1862.2579353600[0m
[1m[37mmsg: 6390 point cloud size: 86400,ts:1862.3579193600[0m
[1m[37mmsg: 6391 point cloud size: 86400,ts:1862.4579233600[0m
[1m[37mmsg: 6392 point cloud size: 86400,ts:1862.5579213600[0m
[1m[37mmsg: 6393 point cloud size: 86400,ts:1862.6579543600[0m
[1m[37mmsg: 6394 point cloud size: 86400,ts:1862.7579283600[0m
[1m[37mmsg: 6395 point cloud size: 86400,ts:1862.8579183600[0m
[1m[37mmsg: 6396 point cloud size: 83040,ts:1862.9579163600[0m
[1m[37mmsg: 6397 point cloud size: 85920,ts:1863.0583733600[0m
[1m[37mmsg: 6398 point cloud size: 86400,ts:1863.1579613600[0m
[1m[37mmsg: 6399 point cloud size: 86400,ts:1863.2579113600[0m
[1m[37mmsg: 6400 point cloud size: 86400,ts:1863.3579183600[0m
[1m[37mmsg: 6401 point cloud size: 86400,ts:1863.4579063600[0m
[1m[37mmsg: 6402 point cloud size: 86400,ts:1863.5579063600[0m
[1m[37mmsg: 6403 point cloud size: 86400,ts:1863.6579063600[0m
[1m[37mmsg: 6404 point cloud size: 86400,ts:1863.7579003600[0m
[1m[37mmsg: 6405 point cloud size: 86400,ts:1863.8578923600[0m
[1m[37mmsg: 6406 point cloud size: 83040,ts:1863.9579203600[0m
[1m[37mmsg: 6407 point cloud size: 85920,ts:1864.0583463600[0m
[1m[37mmsg: 6408 point cloud size: 86400,ts:1864.1578913600[0m
[1m[37mmsg: 6409 point cloud size: 86400,ts:1864.2579013600[0m
[1m[37mmsg: 6410 point cloud size: 86400,ts:1864.3578973600[0m
[1m[37mmsg: 6411 point cloud size: 86400,ts:1864.4578823600[0m
[1m[37mmsg: 6412 point cloud size: 86400,ts:1864.5578893600[0m
[1m[37mmsg: 6413 point cloud size: 86400,ts:1864.6578873600[0m
[1m[37mmsg: 6414 point cloud size: 86400,ts:1864.7578773600[0m
[1m[37mmsg: 6415 point cloud size: 86400,ts:1864.8579003600[0m
[1m[37mmsg: 6416 point cloud size: 83040,ts:1864.9579033600[0m
[1m[37mmsg: 6417 point cloud size: 85920,ts:1865.0583433600[0m
[1m[37mmsg: 6418 point cloud size: 86400,ts:1865.1578753600[0m
[1m[37mmsg: 6419 point cloud size: 86400,ts:1865.2578753600[0m
[1m[37mmsg: 6420 point cloud size: 86400,ts:1865.3578853600[0m
[1m[37mmsg: 6421 point cloud size: 86400,ts:1865.4578643600[0m
[1m[37mmsg: 6422 point cloud size: 86400,ts:1865.5578753600[0m
[1m[37mmsg: 6423 point cloud size: 86400,ts:1865.6578773600[0m
[1m[37mmsg: 6424 point cloud size: 86400,ts:1865.7578813600[0m
[1m[37mmsg: 6425 point cloud size: 86400,ts:1865.8578623600[0m
[1m[37mmsg: 6426 point cloud size: 83040,ts:1865.9579063600[0m
[1m[37mmsg: 6427 point cloud size: 85920,ts:1866.0583253600[0m
[1m[37mmsg: 6428 point cloud size: 86400,ts:1866.1578623600[0m
[1m[37mmsg: 6429 point cloud size: 86400,ts:1866.2578643600[0m
[1m[37mmsg: 6430 point cloud size: 86400,ts:1866.3578663600[0m
[1m[37mmsg: 6431 point cloud size: 86400,ts:1866.4578533600[0m
[1m[37mmsg: 6432 point cloud size: 86400,ts:1866.5578513600[0m
[1m[37mmsg: 6433 point cloud size: 86400,ts:1866.6578533600[0m
[1m[37mmsg: 6434 point cloud size: 86400,ts:1866.7578373600[0m
[1m[37mmsg: 6435 point cloud size: 86400,ts:1866.8578463600[0m
[1m[37mmsg: 6436 point cloud size: 83040,ts:1866.9578343600[0m
[1m[37mmsg: 6437 point cloud size: 85920,ts:1867.0582933600[0m
[1m[37mmsg: 6438 point cloud size: 86400,ts:1867.1578363600[0m
[1m[37mmsg: 6439 point cloud size: 86400,ts:1867.2578463600[0m
[1m[37mmsg: 6440 point cloud size: 86400,ts:1867.3578483600[0m
[1m[37mmsg: 6441 point cloud size: 86400,ts:1867.4578623600[0m
[1m[37mmsg: 6442 point cloud size: 86400,ts:1867.5578333600[0m
[1m[37mmsg: 6443 point cloud size: 86400,ts:1867.6578673600[0m
[1m[37mmsg: 6444 point cloud size: 86400,ts:1867.7578273600[0m
[1m[37mmsg: 6445 point cloud size: 86400,ts:1867.8578293600[0m
[1m[37mmsg: 6446 point cloud size: 83040,ts:1867.9578303600[0m
[1m[37mmsg: 6447 point cloud size: 85920,ts:1868.0582723600[0m
[1m[37mmsg: 6448 point cloud size: 86400,ts:1868.1578653600[0m
[1m[37mmsg: 6449 point cloud size: 86400,ts:1868.2578273600[0m
[1m[37mmsg: 6450 point cloud size: 86400,ts:1868.3578303600[0m
[1m[37mmsg: 6451 point cloud size: 86400,ts:1868.4578093600[0m
[1m[37mmsg: 6452 point cloud size: 86400,ts:1868.5578433600[0m
[1m[37mmsg: 6453 point cloud size: 86400,ts:1868.6578023600[0m
[1m[37mmsg: 6454 point cloud size: 86400,ts:1868.7578163600[0m
[1m[37mmsg: 6455 point cloud size: 86400,ts:1868.8578143600[0m
[1m[37mmsg: 6456 point cloud size: 83040,ts:1868.9578173600[0m
[1m[37mmsg: 6457 point cloud size: 85920,ts:1869.0582563600[0m
[1m[37mmsg: 6458 point cloud size: 86400,ts:1869.1578093600[0m
[1m[37mmsg: 6459 point cloud size: 86400,ts:1869.2578173600[0m
[1m[37mmsg: 6460 point cloud size: 86400,ts:1869.3578153600[0m
[1m[37mmsg: 6461 point cloud size: 86400,ts:1869.4577993600[0m
[1m[37mmsg: 6462 point cloud size: 86400,ts:1869.5578043600[0m
[1m[37mmsg: 6463 point cloud size: 86400,ts:1869.6578073600[0m
[1m[37mmsg: 6464 point cloud size: 86400,ts:1869.7578163600[0m
[1m[37mmsg: 6465 point cloud size: 86400,ts:1869.8578023600[0m
[1m[37mmsg: 6466 point cloud size: 83040,ts:1869.9578073600[0m
[1m[37mmsg: 6467 point cloud size: 85920,ts:1870.0582443600[0m
[1m[37mmsg: 6468 point cloud size: 86400,ts:1870.1577893600[0m
[1m[37mmsg: 6469 point cloud size: 86400,ts:1870.2577833600[0m
[1m[37mmsg: 6470 point cloud size: 86400,ts:1870.3577883600[0m
[1m[37mmsg: 6471 point cloud size: 86400,ts:1870.4578523600[0m
[1m[37mmsg: 6472 point cloud size: 86400,ts:1870.5578003600[0m
[1m[37mmsg: 6473 point cloud size: 86400,ts:1870.6577853600[0m
[1m[37mmsg: 6474 point cloud size: 86400,ts:1870.7578383600[0m
[1m[37mmsg: 6475 point cloud size: 86400,ts:1870.8577743600[0m
[1m[37mmsg: 6476 point cloud size: 83040,ts:1870.9577743600[0m
[1m[37mmsg: 6477 point cloud size: 85920,ts:1871.0582593600[0m
[1m[37mmsg: 6478 point cloud size: 86400,ts:1871.1577723600[0m
[1m[37mmsg: 6479 point cloud size: 86400,ts:1871.2577793600[0m
[1m[37mmsg: 6480 point cloud size: 86400,ts:1871.3577823600[0m
[1m[37mmsg: 6481 point cloud size: 86400,ts:1871.4577613600[0m
[1m[37mmsg: 6482 point cloud size: 86400,ts:1871.5577703600[0m
[1m[37mmsg: 6483 point cloud size: 86400,ts:1871.6577693600[0m
[1m[37mmsg: 6484 point cloud size: 86400,ts:1871.7577693600[0m
[1m[37mmsg: 6485 point cloud size: 86400,ts:1871.8577563600[0m
[1m[37mmsg: 6486 point cloud size: 83040,ts:1871.9577833600[0m
[1m[37mmsg: 6487 point cloud size: 85920,ts:1872.0582473600[0m
[1m[37mmsg: 6488 point cloud size: 86400,ts:1872.1577663600[0m
[1m[37mmsg: 6489 point cloud size: 86400,ts:1872.2578453600[0m
[1m[37mmsg: 6490 point cloud size: 86400,ts:1872.3577603600[0m
[1m[37mmsg: 6491 point cloud size: 86400,ts:1872.4577533600[0m
[1m[37mmsg: 6492 point cloud size: 86400,ts:1872.5577473600[0m
[1m[37mmsg: 6493 point cloud size: 86400,ts:1872.6577713600[0m
[1m[37mmsg: 6494 point cloud size: 86400,ts:1872.7577533600[0m
[1m[37mmsg: 6495 point cloud size: 86400,ts:1872.8577403600[0m
[1m[37mmsg: 6496 point cloud size: 83040,ts:1872.9577413600[0m
[1m[37mmsg: 6497 point cloud size: 85920,ts:1873.0581973600[0m
[1m[37mmsg: 6498 point cloud size: 86400,ts:1873.1577533600[0m
[1m[37mmsg: 6499 point cloud size: 86400,ts:1873.2577363600[0m
[1m[37mmsg: 6500 point cloud size: 86400,ts:1873.3577273600[0m
[1m[37mmsg: 6501 point cloud size: 86400,ts:1873.4577283600[0m
[1m[37mmsg: 6502 point cloud size: 86400,ts:1873.5577293600[0m
[1m[37mmsg: 6503 point cloud size: 86400,ts:1873.6577413600[0m
[1m[37mmsg: 6504 point cloud size: 86400,ts:1873.7577263600[0m
[1m[37mmsg: 6505 point cloud size: 86400,ts:1873.8577473600[0m
[1m[37mmsg: 6506 point cloud size: 83040,ts:1873.9577263600[0m
[1m[37mmsg: 6507 point cloud size: 85920,ts:1874.0581703600[0m
[1m[37mmsg: 6508 point cloud size: 86400,ts:1874.1577173600[0m
[1m[37mmsg: 6509 point cloud size: 86400,ts:1874.2577223600[0m
[1m[37mmsg: 6510 point cloud size: 86400,ts:1874.3577213600[0m
[1m[37mmsg: 6511 point cloud size: 86400,ts:1874.4577063600[0m
[1m[37mmsg: 6512 point cloud size: 86400,ts:1874.5577103600[0m
[1m[37mmsg: 6513 point cloud size: 86400,ts:1874.6577163600[0m
[1m[37mmsg: 6514 point cloud size: 86400,ts:1874.7577423600[0m
[1m[37mmsg: 6515 point cloud size: 86400,ts:1874.8577143600[0m
[1m[37mmsg: 6516 point cloud size: 83040,ts:1874.9577123600[0m
[1m[37mmsg: 6517 point cloud size: 85920,ts:1875.0581533600[0m
[1m[37mmsg: 6518 point cloud size: 86400,ts:1875.1577193600[0m
[1m[37mmsg: 6519 point cloud size: 86400,ts:1875.2577023600[0m
[1m[37mmsg: 6520 point cloud size: 86400,ts:1875.3577043600[0m
[1m[37mmsg: 6521 point cloud size: 86400,ts:1875.4577093600[0m
[1m[37mmsg: 6522 point cloud size: 86400,ts:1875.5576963600[0m
[1m[37mmsg: 6523 point cloud size: 86400,ts:1875.6577013600[0m
[1m[37mmsg: 6524 point cloud size: 86400,ts:1875.7576913600[0m
[1m[37mmsg: 6525 point cloud size: 86400,ts:1875.8576903600[0m
[1m[37mmsg: 6526 point cloud size: 83040,ts:1875.9576963600[0m
[1m[37mmsg: 6527 point cloud size: 85920,ts:1876.0581403600[0m
[1m[37mmsg: 6528 point cloud size: 86400,ts:1876.1576923600[0m
[1m[37mmsg: 6529 point cloud size: 86400,ts:1876.2576853600[0m
[1m[37mmsg: 6530 point cloud size: 86400,ts:1876.3576943600[0m
[1m[37mmsg: 6531 point cloud size: 86400,ts:1876.4576893600[0m
[1m[37mmsg: 6532 point cloud size: 86400,ts:1876.5576783600[0m
[1m[37mmsg: 6533 point cloud size: 86400,ts:1876.6576813600[0m
[1m[37mmsg: 6534 point cloud size: 86400,ts:1876.7576813600[0m
[1m[37mmsg: 6535 point cloud size: 86400,ts:1876.8576783600[0m
[1m[37mmsg: 6536 point cloud size: 83040,ts:1876.9576803600[0m
[1m[37mmsg: 6537 point cloud size: 85920,ts:1877.0581323600[0m
[1m[37mmsg: 6538 point cloud size: 86400,ts:1877.1576623600[0m
[1m[37mmsg: 6539 point cloud size: 86400,ts:1877.2576833600[0m
[1m[37mmsg: 6540 point cloud size: 86400,ts:1877.3577153600[0m
[1m[37mmsg: 6541 point cloud size: 86400,ts:1877.4576733600[0m
[1m[37mmsg: 6542 point cloud size: 86400,ts:1877.5576643600[0m
[1m[37mmsg: 6543 point cloud size: 86400,ts:1877.6576703600[0m
[1m[37mmsg: 6544 point cloud size: 86400,ts:1877.7576463600[0m
[1m[37mmsg: 6545 point cloud size: 86400,ts:1877.8576653600[0m
[1m[37mmsg: 6546 point cloud size: 83040,ts:1877.9576643600[0m
[1m[37mmsg: 6547 point cloud size: 85920,ts:1878.0581163600[0m
[1m[37mmsg: 6548 point cloud size: 86400,ts:1878.1576663600[0m
[1m[37mmsg: 6549 point cloud size: 86400,ts:1878.2576473600[0m
[1m[37mmsg: 6550 point cloud size: 86400,ts:1878.3576553600[0m
[1m[37mmsg: 6551 point cloud size: 86400,ts:1878.4576413600[0m
[1m[37mmsg: 6552 point cloud size: 86400,ts:1878.5576813600[0m
[1m[37mmsg: 6553 point cloud size: 86400,ts:1878.6576303600[0m
[1m[37mmsg: 6554 point cloud size: 86400,ts:1878.7576383600[0m
[1m[37mmsg: 6555 point cloud size: 86400,ts:1878.8576373600[0m
[1m[37mmsg: 6556 point cloud size: 83040,ts:1878.9576483600[0m
[1m[37mmsg: 6557 point cloud size: 85920,ts:1879.0581233600[0m
[1m[37mmsg: 6558 point cloud size: 86400,ts:1879.1576353600[0m
[1m[37mmsg: 6559 point cloud size: 86400,ts:1879.2576363600[0m
[1m[37mmsg: 6560 point cloud size: 86400,ts:1879.3576433600[0m
[1m[37mmsg: 6561 point cloud size: 86400,ts:1879.4576423600[0m
[1m[37mmsg: 6562 point cloud size: 86400,ts:1879.5576263600[0m
[1m[37mmsg: 6563 point cloud size: 86400,ts:1879.6576303600[0m
[1m[37mmsg: 6564 point cloud size: 86400,ts:1879.7576203600[0m
[1m[37mmsg: 6565 point cloud size: 86400,ts:1879.8576173600[0m
[1m[37mmsg: 6566 point cloud size: 83040,ts:1879.9576423600[0m
[1m[37mmsg: 6567 point cloud size: 85920,ts:1880.0580843600[0m
[1m[37mmsg: 6568 point cloud size: 86400,ts:1880.1576243600[0m
[1m[37mmsg: 6569 point cloud size: 86400,ts:1880.2576483600[0m
[1m[37mmsg: 6570 point cloud size: 86400,ts:1880.3575893600[0m
[1m[37mmsg: 6571 point cloud size: 86400,ts:1880.4576063600[0m
[1m[37mmsg: 6572 point cloud size: 86400,ts:1880.5576663600[0m
[1m[37mmsg: 6573 point cloud size: 86400,ts:1880.6576113600[0m
[1m[37mmsg: 6574 point cloud size: 86400,ts:1880.7576023600[0m
[1m[37mmsg: 6575 point cloud size: 86400,ts:1880.8576003600[0m
[1m[37mmsg: 6576 point cloud size: 83040,ts:1880.9576113600[0m
[1m[37mmsg: 6577 point cloud size: 85920,ts:1881.0581153600[0m
[1m[37mmsg: 6578 point cloud size: 86400,ts:1881.1576123600[0m
[1m[37mmsg: 6579 point cloud size: 86400,ts:1881.2576003600[0m
[1m[37mmsg: 6580 point cloud size: 86400,ts:1881.3576023600[0m
[1m[37mmsg: 6581 point cloud size: 86400,ts:1881.4575863600[0m
[1m[37mmsg: 6582 point cloud size: 86400,ts:1881.5575963600[0m
[1m[37mmsg: 6583 point cloud size: 86400,ts:1881.6575993600[0m
[1m[37mmsg: 6584 point cloud size: 86400,ts:1881.7575793600[0m
[1m[37mmsg: 6585 point cloud size: 86400,ts:1881.8575893600[0m
[1m[37mmsg: 6586 point cloud size: 83040,ts:1881.9575993600[0m
[1m[37mmsg: 6587 point cloud size: 85920,ts:1882.0580413600[0m
[1m[37mmsg: 6588 point cloud size: 86400,ts:1882.1575833600[0m
[1m[37mmsg: 6589 point cloud size: 86400,ts:1882.2575843600[0m
[1m[37mmsg: 6590 point cloud size: 86400,ts:1882.3575893600[0m
[1m[37mmsg: 6591 point cloud size: 86400,ts:1882.4575823600[0m
[1m[37mmsg: 6592 point cloud size: 86400,ts:1882.5575873600[0m
[1m[37mmsg: 6593 point cloud size: 86400,ts:1882.6575793600[0m
[1m[37mmsg: 6594 point cloud size: 86400,ts:1882.7575813600[0m
[1m[37mmsg: 6595 point cloud size: 86400,ts:1882.8575723600[0m
[1m[37mmsg: 6596 point cloud size: 83040,ts:1882.9575723600[0m
[1m[37mmsg: 6597 point cloud size: 85920,ts:1883.0583103600[0m
[1m[37mmsg: 6598 point cloud size: 86400,ts:1883.1575793600[0m
[1m[37mmsg: 6599 point cloud size: 86400,ts:1883.2575593600[0m
[1m[37mmsg: 6600 point cloud size: 86400,ts:1883.3575743600[0m
[1m[37mmsg: 6601 point cloud size: 86400,ts:1883.4575513600[0m
[1m[37mmsg: 6602 point cloud size: 86400,ts:1883.5575593600[0m
[1m[37mmsg: 6603 point cloud size: 86400,ts:1883.6575673600[0m
[1m[37mmsg: 6604 point cloud size: 86400,ts:1883.7575663600[0m
[1m[37mmsg: 6605 point cloud size: 86400,ts:1883.8575793600[0m
[1m[37mmsg: 6606 point cloud size: 83040,ts:1883.9575513600[0m
[1m[37mmsg: 6607 point cloud size: 85920,ts:1884.0580113600[0m
[1m[37mmsg: 6608 point cloud size: 86400,ts:1884.1575523600[0m
[1m[37mmsg: 6609 point cloud size: 86400,ts:1884.2575483600[0m
[1m[37mmsg: 6610 point cloud size: 86400,ts:1884.3575513600[0m
[1m[37mmsg: 6611 point cloud size: 86400,ts:1884.4575563600[0m
[1m[37mmsg: 6612 point cloud size: 86400,ts:1884.5575913600[0m
[1m[37mmsg: 6613 point cloud size: 86400,ts:1884.6575523600[0m
[1m[37mmsg: 6614 point cloud size: 86400,ts:1884.7575393600[0m
[1m[37mmsg: 6615 point cloud size: 86400,ts:1884.8575473600[0m
[1m[37mmsg: 6616 point cloud size: 83040,ts:1884.9575443600[0m
[1m[37mmsg: 6617 point cloud size: 85920,ts:1885.0580313600[0m
[1m[37mmsg: 6618 point cloud size: 86400,ts:1885.1575263600[0m
[1m[37mmsg: 6619 point cloud size: 86400,ts:1885.2575373600[0m
[1m[37mmsg: 6620 point cloud size: 86400,ts:1885.3575553600[0m
[1m[37mmsg: 6621 point cloud size: 86400,ts:1885.4575403600[0m
[1m[37mmsg: 6622 point cloud size: 86400,ts:1885.5575483600[0m
[1m[37mmsg: 6623 point cloud size: 86400,ts:1885.6575473600[0m
[1m[37mmsg: 6624 point cloud size: 86400,ts:1885.7575363600[0m
[1m[37mmsg: 6625 point cloud size: 86400,ts:1885.8575193600[0m
[1m[37mmsg: 6626 point cloud size: 83040,ts:1885.9575273600[0m
[1m[37mmsg: 6627 point cloud size: 85920,ts:1886.0579693600[0m
[1m[37mmsg: 6628 point cloud size: 86400,ts:1886.1575143600[0m
[1m[37mmsg: 6629 point cloud size: 86400,ts:1886.2575173600[0m
[1m[37mmsg: 6630 point cloud size: 86400,ts:1886.3575193600[0m
[1m[37mmsg: 6631 point cloud size: 86400,ts:1886.4575083600[0m
[1m[37mmsg: 6632 point cloud size: 86400,ts:1886.5575253600[0m
[1m[37mmsg: 6633 point cloud size: 86400,ts:1886.6575063600[0m
[1m[37mmsg: 6634 point cloud size: 86400,ts:1886.7575143600[0m
[1m[37mmsg: 6635 point cloud size: 86400,ts:1886.8575123600[0m
[1m[37mmsg: 6636 point cloud size: 83040,ts:1886.9575523600[0m
[1m[37mmsg: 6637 point cloud size: 85920,ts:1887.0579863600[0m
[1m[37mmsg: 6638 point cloud size: 86400,ts:1887.1575013600[0m
[1m[37mmsg: 6639 point cloud size: 86400,ts:1887.2575393600[0m
[1m[37mmsg: 6640 point cloud size: 86400,ts:1887.3575173600[0m
[1m[37mmsg: 6641 point cloud size: 86400,ts:1887.4574923600[0m
[1m[37mmsg: 6642 point cloud size: 86400,ts:1887.5574963600[0m
[1m[37mmsg: 6643 point cloud size: 86400,ts:1887.6574883600[0m
[1m[37mmsg: 6644 point cloud size: 86400,ts:1887.7574763600[0m
[1m[37mmsg: 6645 point cloud size: 86400,ts:1887.8574753600[0m
[1m[37mmsg: 6646 point cloud size: 83040,ts:1887.9574923600[0m
[1m[37mmsg: 6647 point cloud size: 85920,ts:1888.0579423600[0m
[1m[37mmsg: 6648 point cloud size: 86400,ts:1888.1574713600[0m
[1m[37mmsg: 6649 point cloud size: 86400,ts:1888.2574753600[0m
[1m[37mmsg: 6650 point cloud size: 86400,ts:1888.3574633600[0m
[1m[37mmsg: 6651 point cloud size: 86400,ts:1888.4574673600[0m
[1m[37mmsg: 6652 point cloud size: 86400,ts:1888.5574683600[0m
[1m[37mmsg: 6653 point cloud size: 86400,ts:1888.6574513600[0m
[1m[37mmsg: 6654 point cloud size: 86400,ts:1888.7574613600[0m
[1m[37mmsg: 6655 point cloud size: 86400,ts:1888.8574643600[0m
[1m[37mmsg: 6656 point cloud size: 83040,ts:1888.9574663600[0m
[1m[37mmsg: 6657 point cloud size: 85920,ts:1889.0579673600[0m
[1m[37mmsg: 6658 point cloud size: 86400,ts:1889.1574513600[0m
[1m[37mmsg: 6659 point cloud size: 86400,ts:1889.2574553600[0m
[1m[37mmsg: 6660 point cloud size: 86400,ts:1889.3574613600[0m
[1m[37mmsg: 6661 point cloud size: 86400,ts:1889.4574443600[0m
[1m[37mmsg: 6662 point cloud size: 86400,ts:1889.5574693600[0m
[1m[37mmsg: 6663 point cloud size: 86400,ts:1889.6574513600[0m
[1m[37mmsg: 6664 point cloud size: 86400,ts:1889.7574383600[0m
[1m[37mmsg: 6665 point cloud size: 86400,ts:1889.8574463600[0m
[1m[37mmsg: 6666 point cloud size: 83040,ts:1889.9574483600[0m
[1m[37mmsg: 6667 point cloud size: 85920,ts:1890.0579113600[0m
[1m[37mmsg: 6668 point cloud size: 86400,ts:1890.1574383600[0m
[1m[37mmsg: 6669 point cloud size: 86400,ts:1890.2574473600[0m
[1m[37mmsg: 6670 point cloud size: 86400,ts:1890.3574443600[0m
[1m[37mmsg: 6671 point cloud size: 86400,ts:1890.4574403600[0m
[1m[37mmsg: 6672 point cloud size: 86400,ts:1890.5574363600[0m
[1m[37mmsg: 6673 point cloud size: 86400,ts:1890.6574343600[0m
[1m[37mmsg: 6674 point cloud size: 86400,ts:1890.7574203600[0m
[1m[37mmsg: 6675 point cloud size: 86400,ts:1890.8574293600[0m
[1m[37mmsg: 6676 point cloud size: 83040,ts:1890.9574663600[0m
[1m[37mmsg: 6677 point cloud size: 85920,ts:1891.0579003600[0m
[1m[37mmsg: 6678 point cloud size: 86400,ts:1891.1574173600[0m
[1m[37mmsg: 6679 point cloud size: 86400,ts:1891.2574273600[0m
[1m[37mmsg: 6680 point cloud size: 86400,ts:1891.3574063600[0m
[1m[37mmsg: 6681 point cloud size: 86400,ts:1891.4574483600[0m
[1m[37mmsg: 6682 point cloud size: 86400,ts:1891.5574193600[0m
[1m[37mmsg: 6683 point cloud size: 86400,ts:1891.6574293600[0m
[1m[37mmsg: 6684 point cloud size: 86400,ts:1891.7574263600[0m
[1m[37mmsg: 6685 point cloud size: 86400,ts:1891.8574053600[0m
[1m[37mmsg: 6686 point cloud size: 83040,ts:1891.9574153600[0m
[1m[37mmsg: 6687 point cloud size: 85920,ts:1892.0578923600[0m
[1m[37mmsg: 6688 point cloud size: 86400,ts:1892.1574023600[0m
[1m[37mmsg: 6689 point cloud size: 86400,ts:1892.2574063600[0m
[1m[37mmsg: 6690 point cloud size: 86400,ts:1892.3574153600[0m
[1m[37mmsg: 6691 point cloud size: 86400,ts:1892.4574003600[0m
[1m[37mmsg: 6692 point cloud size: 86400,ts:1892.5574013600[0m
[1m[37mmsg: 6693 point cloud size: 86400,ts:1892.6574053600[0m
[1m[37mmsg: 6694 point cloud size: 86400,ts:1892.7573853600[0m
[1m[37mmsg: 6695 point cloud size: 86400,ts:1892.8573913600[0m
[1m[37mmsg: 6696 point cloud size: 83040,ts:1892.9573963600[0m
[1m[37mmsg: 6697 point cloud size: 85920,ts:1893.0578783600[0m
[1m[37mmsg: 6698 point cloud size: 86400,ts:1893.1574003600[0m
[1m[37mmsg: 6699 point cloud size: 86400,ts:1893.2573873600[0m
[1m[37mmsg: 6700 point cloud size: 86400,ts:1893.3573933600[0m
[1m[37mmsg: 6701 point cloud size: 86400,ts:1893.4573833600[0m
[1m[37mmsg: 6702 point cloud size: 86400,ts:1893.5574463600[0m
[1m[37mmsg: 6703 point cloud size: 86400,ts:1893.6573893600[0m
[1m[37mmsg: 6704 point cloud size: 86400,ts:1893.7573943600[0m
[1m[37mmsg: 6705 point cloud size: 86400,ts:1893.8573893600[0m
[1m[37mmsg: 6706 point cloud size: 83040,ts:1893.9573883600[0m
[1m[37mmsg: 6707 point cloud size: 85920,ts:1894.0578473600[0m
[1m[37mmsg: 6708 point cloud size: 86400,ts:1894.1573663600[0m
[1m[37mmsg: 6709 point cloud size: 86400,ts:1894.2573803600[0m
[1m[37mmsg: 6710 point cloud size: 86400,ts:1894.3573783600[0m
[1m[37mmsg: 6711 point cloud size: 86400,ts:1894.4573793600[0m
[1m[37mmsg: 6712 point cloud size: 86400,ts:1894.5573773600[0m
[1m[37mmsg: 6713 point cloud size: 86400,ts:1894.6573723600[0m
[1m[37mmsg: 6714 point cloud size: 86400,ts:1894.7574393600[0m
[1m[37mmsg: 6715 point cloud size: 86400,ts:1894.8573613600[0m
[1m[37mmsg: 6716 point cloud size: 83040,ts:1894.9573483600[0m
[1m[37mmsg: 6717 point cloud size: 85920,ts:1895.0578263600[0m
[1m[37mmsg: 6718 point cloud size: 86400,ts:1895.1573523600[0m
[1m[37mmsg: 6719 point cloud size: 86400,ts:1895.2573623600[0m
[1m[37mmsg: 6720 point cloud size: 86400,ts:1895.3573593600[0m
[1m[37mmsg: 6721 point cloud size: 86400,ts:1895.4573453600[0m
[1m[37mmsg: 6722 point cloud size: 86400,ts:1895.5573523600[0m
[1m[37mmsg: 6723 point cloud size: 86400,ts:1895.6573513600[0m
[1m[37mmsg: 6724 point cloud size: 86400,ts:1895.7573613600[0m
[1m[37mmsg: 6725 point cloud size: 86400,ts:1895.8573463600[0m
[1m[37mmsg: 6726 point cloud size: 83040,ts:1895.9573463600[0m
[1m[37mmsg: 6727 point cloud size: 85920,ts:1896.0578113600[0m
[1m[37mmsg: 6728 point cloud size: 86400,ts:1896.1573343600[0m
[1m[37mmsg: 6729 point cloud size: 86400,ts:1896.2573383600[0m
[1m[37mmsg: 6730 point cloud size: 86400,ts:1896.3573463600[0m
[1m[37mmsg: 6731 point cloud size: 86400,ts:1896.4573483600[0m
[1m[37mmsg: 6732 point cloud size: 86400,ts:1896.5573263600[0m
[1m[37mmsg: 6733 point cloud size: 86400,ts:1896.6573353600[0m
[1m[37mmsg: 6734 point cloud size: 86400,ts:1896.7573203600[0m
[1m[37mmsg: 6735 point cloud size: 86400,ts:1896.8573303600[0m
[1m[37mmsg: 6736 point cloud size: 83040,ts:1896.9573313600[0m
[1m[37mmsg: 6737 point cloud size: 85920,ts:1897.0577913600[0m
[1m[37mmsg: 6738 point cloud size: 86400,ts:1897.1573163600[0m
[1m[37mmsg: 6739 point cloud size: 86400,ts:1897.2573183600[0m
[1m[37mmsg: 6740 point cloud size: 86400,ts:1897.3573303600[0m
[1m[37mmsg: 6741 point cloud size: 86400,ts:1897.4573303600[0m
[1m[37mmsg: 6742 point cloud size: 86400,ts:1897.5573183600[0m
[1m[37mmsg: 6743 point cloud size: 86400,ts:1897.6573463600[0m
[1m[37mmsg: 6744 point cloud size: 86400,ts:1897.7573133600[0m
[1m[37mmsg: 6745 point cloud size: 86400,ts:1897.8573113600[0m
[1m[37mmsg: 6746 point cloud size: 83040,ts:1897.9573113600[0m
[1m[37mmsg: 6747 point cloud size: 85920,ts:1898.0577713600[0m
[1m[37mmsg: 6748 point cloud size: 86400,ts:1898.1573073600[0m
[1m[37mmsg: 6749 point cloud size: 86400,ts:1898.2573053600[0m
[1m[37mmsg: 6750 point cloud size: 86400,ts:1898.3573053600[0m
[1m[37mmsg: 6751 point cloud size: 86400,ts:1898.4573133600[0m
[1m[37mmsg: 6752 point cloud size: 86400,ts:1898.5572953600[0m
[1m[37mmsg: 6753 point cloud size: 86400,ts:1898.6572993600[0m
[1m[37mmsg: 6754 point cloud size: 86400,ts:1898.7573073600[0m
[1m[37mmsg: 6755 point cloud size: 86400,ts:1898.8572963600[0m
[1m[37mmsg: 6756 point cloud size: 83040,ts:1898.9572993600[0m
[1m[37mmsg: 6757 point cloud size: 85920,ts:1899.0577603600[0m
[1m[37mmsg: 6758 point cloud size: 86400,ts:1899.1572803600[0m
[1m[37mmsg: 6759 point cloud size: 86400,ts:1899.2572923600[0m
[1m[37mmsg: 6760 point cloud size: 86400,ts:1899.3572883600[0m
[1m[37mmsg: 6761 point cloud size: 86400,ts:1899.4572743600[0m
[1m[37mmsg: 6762 point cloud size: 86400,ts:1899.5572833600[0m
[1m[37mmsg: 6763 point cloud size: 86400,ts:1899.6572793600[0m
[1m[37mmsg: 6764 point cloud size: 86400,ts:1899.7572763600[0m
[1m[37mmsg: 6765 point cloud size: 86400,ts:1899.8572763600[0m
[1m[37mmsg: 6766 point cloud size: 83040,ts:1899.9572753600[0m
[1m[37mmsg: 6767 point cloud size: 85920,ts:1900.0577413600[0m
[1m[37mmsg: 6768 point cloud size: 86400,ts:1900.1572883600[0m
[1m[37mmsg: 6769 point cloud size: 86400,ts:1900.2572673600[0m
[1m[37mmsg: 6770 point cloud size: 86400,ts:1900.3572853600[0m
[1m[37mmsg: 6771 point cloud size: 86400,ts:1900.4572743600[0m
[1m[37mmsg: 6772 point cloud size: 86400,ts:1900.5572593600[0m
[1m[37mmsg: 6773 point cloud size: 86400,ts:1900.6572683600[0m
[1m[37mmsg: 6774 point cloud size: 86400,ts:1900.7572493600[0m
[1m[37mmsg: 6775 point cloud size: 86400,ts:1900.8572593600[0m
[1m[37mmsg: 6776 point cloud size: 83040,ts:1900.9572583600[0m
[1m[37mmsg: 6777 point cloud size: 85920,ts:1901.0577213600[0m
[1m[37mmsg: 6778 point cloud size: 86400,ts:1901.1572463600[0m
[1m[37mmsg: 6779 point cloud size: 86400,ts:1901.2572493600[0m
[1m[37mmsg: 6780 point cloud size: 86400,ts:1901.3572533600[0m
[1m[37mmsg: 6781 point cloud size: 86400,ts:1901.4572543600[0m
[1m[37mmsg: 6782 point cloud size: 86400,ts:1901.5572463600[0m
[1m[37mmsg: 6783 point cloud size: 86400,ts:1901.6572483600[0m
[1m[37mmsg: 6784 point cloud size: 86400,ts:1901.7572483600[0m
[1m[37mmsg: 6785 point cloud size: 86400,ts:1901.8572543600[0m
[1m[37mmsg: 6786 point cloud size: 83040,ts:1901.9572423600[0m
[1m[37mmsg: 6787 point cloud size: 85920,ts:1902.0577013600[0m
[1m[37mmsg: 6788 point cloud size: 86400,ts:1902.1572493600[0m
[1m[37mmsg: 6789 point cloud size: 86400,ts:1902.2572393600[0m
[1m[37mmsg: 6790 point cloud size: 86400,ts:1902.3572413600[0m
[1m[37mmsg: 6791 point cloud size: 86400,ts:1902.4572383600[0m
[1m[37mmsg: 6792 point cloud size: 86400,ts:1902.5572783600[0m
[1m[37mmsg: 6793 point cloud size: 86400,ts:1902.6572343600[0m
[1m[37mmsg: 6794 point cloud size: 86400,ts:1902.7572223600[0m
[1m[37mmsg: 6795 point cloud size: 86400,ts:1902.8572213600[0m
[1m[37mmsg: 6796 point cloud size: 83040,ts:1902.9572223600[0m
[1m[37mmsg: 6797 point cloud size: 85920,ts:1903.0577083600[0m
[1m[37mmsg: 6798 point cloud size: 86400,ts:1903.1572153600[0m
[1m[37mmsg: 6799 point cloud size: 86400,ts:1903.2572323600[0m
[1m[37mmsg: 6800 point cloud size: 86400,ts:1903.3572193600[0m
[1m[37mmsg: 6801 point cloud size: 86400,ts:1903.4572343600[0m
[1m[37mmsg: 6802 point cloud size: 86400,ts:1903.5572283600[0m
[1m[37mmsg: 6803 point cloud size: 86400,ts:1903.6572163600[0m
[1m[37mmsg: 6804 point cloud size: 86400,ts:1903.7572223600[0m
[1m[37mmsg: 6805 point cloud size: 86400,ts:1903.8572233600[0m
[1m[37mmsg: 6806 point cloud size: 83040,ts:1903.9572143600[0m
[1m[37mmsg: 6807 point cloud size: 85920,ts:1904.0576713600[0m
[1m[37mmsg: 6808 point cloud size: 86400,ts:1904.1572163600[0m
[1m[37mmsg: 6809 point cloud size: 86400,ts:1904.2572083600[0m
[1m[37mmsg: 6810 point cloud size: 86400,ts:1904.3572073600[0m
[1m[37mmsg: 6811 point cloud size: 86400,ts:1904.4572103600[0m
[1m[37mmsg: 6812 point cloud size: 86400,ts:1904.5572153600[0m
[1m[37mmsg: 6813 point cloud size: 86400,ts:1904.6571963600[0m
[1m[37mmsg: 6814 point cloud size: 86400,ts:1904.7572013600[0m
[1m[37mmsg: 6815 point cloud size: 86400,ts:1904.8571913600[0m
[1m[37mmsg: 6816 point cloud size: 83040,ts:1904.9571943600[0m
[1m[37mmsg: 6817 point cloud size: 85920,ts:1905.0576613600[0m
[1m[37mmsg: 6818 point cloud size: 86400,ts:1905.1571793600[0m
[1m[37mmsg: 6819 point cloud size: 86400,ts:1905.2571873600[0m
[1m[37mmsg: 6820 point cloud size: 86400,ts:1905.3572283600[0m
[1m[37mmsg: 6821 point cloud size: 86400,ts:1905.4571903600[0m
[1m[37mmsg: 6822 point cloud size: 86400,ts:1905.5571923600[0m
[1m[37mmsg: 6823 point cloud size: 86400,ts:1905.6571843600[0m
[1m[37mmsg: 6824 point cloud size: 86400,ts:1905.7571793600[0m
[1m[37mmsg: 6825 point cloud size: 86400,ts:1905.8571733600[0m
[1m[37mmsg: 6826 point cloud size: 83040,ts:1905.9571743600[0m
[1m[37mmsg: 6827 point cloud size: 85920,ts:1906.0576603600[0m
[1m[37mmsg: 6828 point cloud size: 86400,ts:1906.1571603600[0m
[1m[37mmsg: 6829 point cloud size: 86400,ts:1906.2571873600[0m
[1m[37mmsg: 6830 point cloud size: 86400,ts:1906.3571693600[0m
[1m[37mmsg: 6831 point cloud size: 86400,ts:1906.4571743600[0m
[1m[37mmsg: 6832 point cloud size: 86400,ts:1906.5571633600[0m
[1m[37mmsg: 6833 point cloud size: 86400,ts:1906.6571683600[0m
[1m[37mmsg: 6834 point cloud size: 86400,ts:1906.7572103600[0m
[1m[37mmsg: 6835 point cloud size: 86400,ts:1906.8571573600[0m
[1m[37mmsg: 6836 point cloud size: 83040,ts:1906.9571553600[0m
[1m[37mmsg: 6837 point cloud size: 85920,ts:1907.0576253600[0m
[1m[37mmsg: 6838 point cloud size: 86400,ts:1907.1571453600[0m
[1m[37mmsg: 6839 point cloud size: 86400,ts:1907.2571493600[0m
[1m[37mmsg: 6840 point cloud size: 86400,ts:1907.3571503600[0m
[1m[37mmsg: 6841 point cloud size: 86400,ts:1907.4571723600[0m
[1m[37mmsg: 6842 point cloud size: 86400,ts:1907.5571743600[0m
[1m[37mmsg: 6843 point cloud size: 86400,ts:1907.6571493600[0m
[1m[37mmsg: 6844 point cloud size: 86400,ts:1907.7571523600[0m
[1m[37mmsg: 6845 point cloud size: 86400,ts:1907.8571353600[0m
[1m[37mmsg: 6846 point cloud size: 83040,ts:1907.9571663600[0m
[1m[37mmsg: 6847 point cloud size: 85920,ts:1908.0576083600[0m
[1m[37mmsg: 6848 point cloud size: 86400,ts:1908.1571533600[0m
[1m[37mmsg: 6849 point cloud size: 86400,ts:1908.2571343600[0m
[1m[37mmsg: 6850 point cloud size: 86400,ts:1908.3571313600[0m
[1m[37mmsg: 6851 point cloud size: 86400,ts:1908.4571363600[0m
[1m[37mmsg: 6852 point cloud size: 86400,ts:1908.5571233600[0m
[1m[37mmsg: 6853 point cloud size: 86400,ts:1908.6571283600[0m
[1m[37mmsg: 6854 point cloud size: 86400,ts:1908.7571303600[0m
[1m[37mmsg: 6855 point cloud size: 86400,ts:1908.8571343600[0m
[1m[37mmsg: 6856 point cloud size: 83040,ts:1908.9571213600[0m
[1m[37mmsg: 6857 point cloud size: 85920,ts:1909.0576113600[0m
[1m[37mmsg: 6858 point cloud size: 86400,ts:1909.1571193600[0m
[1m[37mmsg: 6859 point cloud size: 86400,ts:1909.2571143600[0m
[1m[37mmsg: 6860 point cloud size: 86400,ts:1909.3571483600[0m
[1m[37mmsg: 6861 point cloud size: 86400,ts:1909.4571173600[0m
[1m[37mmsg: 6862 point cloud size: 86400,ts:1909.5571113600[0m
[1m[37mmsg: 6863 point cloud size: 86400,ts:1909.6571173600[0m
[1m[37mmsg: 6864 point cloud size: 86400,ts:1909.7571063600[0m
[1m[37mmsg: 6865 point cloud size: 86400,ts:1909.8571023600[0m
[1m[37mmsg: 6866 point cloud size: 83040,ts:1909.9571043600[0m
[1m[37mmsg: 6867 point cloud size: 85920,ts:1910.0575793600[0m
[1m[37mmsg: 6868 point cloud size: 86400,ts:1910.1570923600[0m
[1m[37mmsg: 6869 point cloud size: 86400,ts:1910.2571103600[0m
[1m[37mmsg: 6870 point cloud size: 86400,ts:1910.3570983600[0m
[1m[37mmsg: 6871 point cloud size: 86400,ts:1910.4570933600[0m
[1m[37mmsg: 6872 point cloud size: 86400,ts:1910.5570963600[0m
[1m[37mmsg: 6873 point cloud size: 86400,ts:1910.6570923600[0m
[1m[37mmsg: 6874 point cloud size: 86400,ts:1910.7570793600[0m
[1m[37mmsg: 6875 point cloud size: 86400,ts:1910.8570873600[0m
[1m[37mmsg: 6876 point cloud size: 83040,ts:1910.9570713600[0m
[1m[37mmsg: 6877 point cloud size: 85920,ts:1911.0575663600[0m
[1m[37mmsg: 6878 point cloud size: 86400,ts:1911.1570903600[0m
[1m[37mmsg: 6879 point cloud size: 86400,ts:1911.2571003600[0m
[1m[37mmsg: 6880 point cloud size: 86400,ts:1911.3570933600[0m
[1m[37mmsg: 6881 point cloud size: 86400,ts:1911.4571013600[0m
[1m[37mmsg: 6882 point cloud size: 86400,ts:1911.5570773600[0m
[1m[37mmsg: 6883 point cloud size: 86400,ts:1911.6570813600[0m
[1m[37mmsg: 6884 point cloud size: 86400,ts:1911.7570783600[0m
[1m[37mmsg: 6885 point cloud size: 86400,ts:1911.8570823600[0m
[1m[37mmsg: 6886 point cloud size: 83040,ts:1911.9570673600[0m
[1m[37mmsg: 6887 point cloud size: 85920,ts:1912.0575313600[0m
[1m[37mmsg: 6888 point cloud size: 86400,ts:1912.1570593600[0m
[1m[37mmsg: 6889 point cloud size: 86400,ts:1912.2570713600[0m
[1m[37mmsg: 6890 point cloud size: 86400,ts:1912.3570663600[0m
[1m[37mmsg: 6891 point cloud size: 86400,ts:1912.4570703600[0m
[1m[37mmsg: 6892 point cloud size: 86400,ts:1912.5570563600[0m
[1m[37mmsg: 6893 point cloud size: 86400,ts:1912.6570593600[0m
[1m[37mmsg: 6894 point cloud size: 86400,ts:1912.7570873600[0m
[1m[37mmsg: 6895 point cloud size: 86400,ts:1912.8570533600[0m
[1m[37mmsg: 6896 point cloud size: 83040,ts:1912.9570523600[0m
[1m[37mmsg: 6897 point cloud size: 85920,ts:1913.0575283600[0m
[1m[37mmsg: 6898 point cloud size: 86400,ts:1913.1570413600[0m
[1m[37mmsg: 6899 point cloud size: 86400,ts:1913.2570453600[0m
[1m[37mmsg: 6900 point cloud size: 86400,ts:1913.3570473600[0m
[1m[37mmsg: 6901 point cloud size: 86400,ts:1913.4570493600[0m
[1m[37mmsg: 6902 point cloud size: 86400,ts:1913.5570373600[0m
[1m[37mmsg: 6903 point cloud size: 86400,ts:1913.6570463600[0m
[1m[37mmsg: 6904 point cloud size: 86400,ts:1913.7570433600[0m
[1m[37mmsg: 6905 point cloud size: 86400,ts:1913.8570353600[0m
[1m[37mmsg: 6906 point cloud size: 83040,ts:1913.9570413600[0m
[1m[37mmsg: 6907 point cloud size: 85920,ts:1914.0575303600[0m
[1m[37mmsg: 6908 point cloud size: 86400,ts:1914.1570273600[0m
[1m[37mmsg: 6909 point cloud size: 86400,ts:1914.2570273600[0m
[1m[37mmsg: 6910 point cloud size: 86400,ts:1914.3570373600[0m
[1m[37mmsg: 6911 point cloud size: 86400,ts:1914.4570413600[0m
[1m[37mmsg: 6912 point cloud size: 86400,ts:1914.5570213600[0m
[1m[37mmsg: 6913 point cloud size: 86400,ts:1914.6570233600[0m
[1m[37mmsg: 6914 point cloud size: 86400,ts:1914.7570263600[0m
[1m[37mmsg: 6915 point cloud size: 86400,ts:1914.8570193600[0m
[1m[37mmsg: 6916 point cloud size: 83040,ts:1914.9570173600[0m
[1m[37mmsg: 6917 point cloud size: 85920,ts:1915.0575333600[0m
[1m[37mmsg: 6918 point cloud size: 86400,ts:1915.1570223600[0m
[1m[37mmsg: 6919 point cloud size: 86400,ts:1915.2570113600[0m
[1m[37mmsg: 6920 point cloud size: 86400,ts:1915.3570123600[0m
[1m[37mmsg: 6921 point cloud size: 86400,ts:1915.4570233600[0m
[1m[37mmsg: 6922 point cloud size: 86400,ts:1915.5570033600[0m
[1m[37mmsg: 6923 point cloud size: 86400,ts:1915.6570113600[0m
[1m[37mmsg: 6924 point cloud size: 86400,ts:1915.7570283600[0m
[1m[37mmsg: 6925 point cloud size: 86400,ts:1915.8569963600[0m
[1m[37mmsg: 6926 point cloud size: 83040,ts:1915.9570013600[0m
[1m[37mmsg: 6927 point cloud size: 85920,ts:1916.0575003600[0m
[1m[37mmsg: 6928 point cloud size: 86400,ts:1916.1570123600[0m
[1m[37mmsg: 6929 point cloud size: 86400,ts:1916.2570033600[0m
[1m[37mmsg: 6930 point cloud size: 86400,ts:1916.3569993600[0m
[1m[37mmsg: 6931 point cloud size: 86400,ts:1916.4569993600[0m
[1m[37mmsg: 6932 point cloud size: 86400,ts:1916.5569923600[0m
[1m[37mmsg: 6933 point cloud size: 86400,ts:1916.6569883600[0m
[1m[37mmsg: 6934 point cloud size: 86400,ts:1916.7569953600[0m
[1m[37mmsg: 6935 point cloud size: 86400,ts:1916.8569973600[0m
[1m[37mmsg: 6936 point cloud size: 83040,ts:1916.9569833600[0m
[1m[37mmsg: 6937 point cloud size: 85920,ts:1917.0574533600[0m
[1m[37mmsg: 6938 point cloud size: 86400,ts:1917.1569923600[0m
[1m[37mmsg: 6939 point cloud size: 86400,ts:1917.2569833600[0m
[1m[37mmsg: 6940 point cloud size: 86400,ts:1917.3569903600[0m
[1m[37mmsg: 6941 point cloud size: 86400,ts:1917.4569973600[0m
[1m[37mmsg: 6942 point cloud size: 86400,ts:1917.5569693600[0m
[1m[37mmsg: 6943 point cloud size: 86400,ts:1917.6569733600[0m
[1m[37mmsg: 6944 point cloud size: 86400,ts:1917.7569803600[0m
[1m[37mmsg: 6945 point cloud size: 86400,ts:1917.8569703600[0m
[1m[37mmsg: 6946 point cloud size: 83040,ts:1917.9569713600[0m
[1m[37mmsg: 6947 point cloud size: 85920,ts:1918.0574373600[0m
[1m[37mmsg: 6948 point cloud size: 86400,ts:1918.1569653600[0m
[1m[37mmsg: 6949 point cloud size: 86400,ts:1918.2569623600[0m
[1m[37mmsg: 6950 point cloud size: 86400,ts:1918.3569693600[0m
[1m[37mmsg: 6951 point cloud size: 86400,ts:1918.4569503600[0m
[1m[37mmsg: 6952 point cloud size: 86400,ts:1918.5569583600[0m
[1m[37mmsg: 6953 point cloud size: 86400,ts:1918.6569613600[0m
[1m[37mmsg: 6954 point cloud size: 86400,ts:1918.7569623600[0m
[1m[37mmsg: 6955 point cloud size: 86400,ts:1918.8569653600[0m
[1m[37mmsg: 6956 point cloud size: 83040,ts:1918.9569543600[0m
[1m[37mmsg: 6957 point cloud size: 85920,ts:1919.0574143600[0m
[1m[37mmsg: 6958 point cloud size: 86400,ts:1919.1569403600[0m
[1m[37mmsg: 6959 point cloud size: 86400,ts:1919.2569483600[0m
[1m[37mmsg: 6960 point cloud size: 86400,ts:1919.3569543600[0m
[1m[37mmsg: 6961 point cloud size: 86400,ts:1919.4569353600[0m
[1m[37mmsg: 6962 point cloud size: 86400,ts:1919.5569483600[0m
[1m[37mmsg: 6963 point cloud size: 86400,ts:1919.6569363600[0m
[1m[37mmsg: 6964 point cloud size: 86400,ts:1919.7569473600[0m
[1m[37mmsg: 6965 point cloud size: 86400,ts:1919.8569353600[0m
[1m[37mmsg: 6966 point cloud size: 83040,ts:1919.9569323600[0m
[1m[37mmsg: 6967 point cloud size: 85920,ts:1920.0574083600[0m
[1m[37mmsg: 6968 point cloud size: 86400,ts:1920.1569233600[0m
[1m[37mmsg: 6969 point cloud size: 86400,ts:1920.2569293600[0m
[1m[37mmsg: 6970 point cloud size: 86400,ts:1920.3569273600[0m
[1m[37mmsg: 6971 point cloud size: 86400,ts:1920.4569393600[0m
[1m[37mmsg: 6972 point cloud size: 86400,ts:1920.5569253600[0m
[1m[37mmsg: 6973 point cloud size: 86400,ts:1920.6569233600[0m
[1m[37mmsg: 6974 point cloud size: 86400,ts:1920.7569283600[0m
[1m[37mmsg: 6975 point cloud size: 86400,ts:1920.8569133600[0m
[1m[37mmsg: 6976 point cloud size: 83040,ts:1920.9569183600[0m
[1m[37mmsg: 6977 point cloud size: 85920,ts:1921.0573783600[0m
[1m[37mmsg: 6978 point cloud size: 86400,ts:1921.1569123600[0m
[1m[37mmsg: 6979 point cloud size: 86400,ts:1921.2569153600[0m
[1m[37mmsg: 6980 point cloud size: 86400,ts:1921.3569463600[0m
[1m[37mmsg: 6981 point cloud size: 86400,ts:1921.4569183600[0m
[1m[37mmsg: 6982 point cloud size: 86400,ts:1921.5569093600[0m
[1m[37mmsg: 6983 point cloud size: 86400,ts:1921.6569063600[0m
[1m[37mmsg: 6984 point cloud size: 86400,ts:1921.7568943600[0m
[1m[37mmsg: 6985 point cloud size: 86400,ts:1921.8569383600[0m
[1m[37mmsg: 6986 point cloud size: 83040,ts:1921.9569023600[0m
[1m[37mmsg: 6987 point cloud size: 85920,ts:1922.0573583600[0m
[1m[37mmsg: 6988 point cloud size: 86400,ts:1922.1569163600[0m
[1m[37mmsg: 6989 point cloud size: 86400,ts:1922.2568943600[0m
[1m[37mmsg: 6990 point cloud size: 86400,ts:1922.3568953600[0m
[1m[37mmsg: 6991 point cloud size: 86400,ts:1922.4568983600[0m
[1m[37mmsg: 6992 point cloud size: 86400,ts:1922.5569083600[0m
[1m[37mmsg: 6993 point cloud size: 86400,ts:1922.6568913600[0m
[1m[37mmsg: 6994 point cloud size: 86400,ts:1922.7568933600[0m
[1m[37mmsg: 6995 point cloud size: 86400,ts:1922.8568823600[0m
[1m[37mmsg: 6996 point cloud size: 83040,ts:1922.9568793600[0m
[1m[37mmsg: 6997 point cloud size: 85920,ts:1923.0573483600[0m
[1m[37mmsg: 6998 point cloud size: 86400,ts:1923.1568943600[0m
[1m[37mmsg: 6999 point cloud size: 86400,ts:1923.2568763600[0m
[1m[37mmsg: 7000 point cloud size: 86400,ts:1923.3568773600[0m
[1m[37mmsg: 7001 point cloud size: 86400,ts:1923.4568833600[0m
[1m[37mmsg: 7002 point cloud size: 86400,ts:1923.5568773600[0m
[1m[37mmsg: 7003 point cloud size: 86400,ts:1923.6568693600[0m
[1m[37mmsg: 7004 point cloud size: 86400,ts:1923.7569603600[0m
[1m[37mmsg: 7005 point cloud size: 86400,ts:1923.8568633600[0m
[1m[37mmsg: 7006 point cloud size: 83040,ts:1923.9568653600[0m
[1m[37mmsg: 7007 point cloud size: 85920,ts:1924.0573603600[0m
[1m[37mmsg: 7008 point cloud size: 86400,ts:1924.1568973600[0m
[1m[37mmsg: 7009 point cloud size: 86400,ts:1924.2568613600[0m
[1m[37mmsg: 7010 point cloud size: 86400,ts:1924.3568923600[0m
[1m[37mmsg: 7011 point cloud size: 86400,ts:1924.4568623600[0m
[1m[37mmsg: 7012 point cloud size: 86400,ts:1924.5568643600[0m
[1m[37mmsg: 7013 point cloud size: 86400,ts:1924.6568533600[0m
[1m[37mmsg: 7014 point cloud size: 86400,ts:1924.7568613600[0m
[1m[37mmsg: 7015 point cloud size: 86400,ts:1924.8568413600[0m
[1m[37mmsg: 7016 point cloud size: 83040,ts:1924.9568513600[0m
[1m[37mmsg: 7017 point cloud size: 85920,ts:1925.0573103600[0m
[1m[37mmsg: 7018 point cloud size: 86400,ts:1925.1568923600[0m
[1m[37mmsg: 7019 point cloud size: 86400,ts:1925.2568413600[0m
[1m[37mmsg: 7020 point cloud size: 86400,ts:1925.3568523600[0m
[1m[37mmsg: 7021 point cloud size: 86400,ts:1925.4568503600[0m
[1m[37mmsg: 7022 point cloud size: 86400,ts:1925.5568833600[0m
[1m[37mmsg: 7023 point cloud size: 86400,ts:1925.6575803600[0m
[1m[37mmsg: 7024 point cloud size: 86400,ts:1925.7568253600[0m
[1m[37mmsg: 7025 point cloud size: 86400,ts:1925.8568333600[0m
[1m[37mmsg: 7026 point cloud size: 83040,ts:1925.9568583600[0m
[1m[37mmsg: 7027 point cloud size: 85920,ts:1926.0573083600[0m
[1m[37mmsg: 7028 point cloud size: 86400,ts:1926.1568383600[0m
[1m[37mmsg: 7029 point cloud size: 86400,ts:1926.2568553600[0m
[1m[37mmsg: 7030 point cloud size: 86400,ts:1926.3568283600[0m
[1m[37mmsg: 7031 point cloud size: 86400,ts:1926.4568543600[0m
[1m[37mmsg: 7032 point cloud size: 86400,ts:1926.5568823600[0m
[1m[37mmsg: 7033 point cloud size: 86400,ts:1926.6568503600[0m
[1m[37mmsg: 7034 point cloud size: 86400,ts:1926.7568223600[0m
[1m[37mmsg: 7035 point cloud size: 86400,ts:1926.8568183600[0m
[1m[37mmsg: 7036 point cloud size: 83040,ts:1926.9568143600[0m
[1m[37mmsg: 7037 point cloud size: 85920,ts:1927.0573283600[0m
[1m[37mmsg: 7038 point cloud size: 86400,ts:1927.1568093600[0m
[1m[37mmsg: 7039 point cloud size: 86400,ts:1927.2568133600[0m
[1m[37mmsg: 7040 point cloud size: 86400,ts:1927.3568313600[0m
[1m[37mmsg: 7041 point cloud size: 86400,ts:1927.4567993600[0m
[1m[37mmsg: 7042 point cloud size: 86400,ts:1927.5568053600[0m
[1m[37mmsg: 7043 point cloud size: 86400,ts:1927.6568103600[0m
[1m[37mmsg: 7044 point cloud size: 86400,ts:1927.7570363600[0m
[1m[37mmsg: 7045 point cloud size: 86400,ts:1927.8568073600[0m
[1m[37mmsg: 7046 point cloud size: 83040,ts:1927.9568053600[0m
[1m[37mmsg: 7047 point cloud size: 85920,ts:1928.0577563600[0m
[1m[37mmsg: 7048 point cloud size: 86400,ts:1928.1567943600[0m
[1m[37mmsg: 7049 point cloud size: 86400,ts:1928.2567933600[0m
[1m[37mmsg: 7050 point cloud size: 86400,ts:1928.3567943600[0m
[1m[37mmsg: 7051 point cloud size: 86400,ts:1928.4567793600[0m
[1m[37mmsg: 7052 point cloud size: 86400,ts:1928.5567773600[0m
[1m[37mmsg: 7053 point cloud size: 86400,ts:1928.6567893600[0m
[1m[37mmsg: 7054 point cloud size: 86400,ts:1928.7568153600[0m
[1m[37mmsg: 7055 point cloud size: 86400,ts:1928.8567813600[0m
[1m[37mmsg: 7056 point cloud size: 83040,ts:1928.9567793600[0m
[1m[37mmsg: 7057 point cloud size: 85920,ts:1929.0572583600[0m
[1m[37mmsg: 7058 point cloud size: 86400,ts:1929.1567853600[0m
[1m[37mmsg: 7059 point cloud size: 86400,ts:1929.2567913600[0m
[1m[37mmsg: 7060 point cloud size: 86400,ts:1929.3567843600[0m
[1m[37mmsg: 7061 point cloud size: 86400,ts:1929.4567783600[0m
[1m[37mmsg: 7062 point cloud size: 86400,ts:1929.5567653600[0m
[1m[37mmsg: 7063 point cloud size: 86400,ts:1929.6567743600[0m
[1m[37mmsg: 7064 point cloud size: 86400,ts:1929.7570263600[0m
[1m[37mmsg: 7065 point cloud size: 86400,ts:1929.8567653600[0m
[1m[37mmsg: 7066 point cloud size: 83040,ts:1929.9567763600[0m
[1m[37mmsg: 7067 point cloud size: 85920,ts:1930.0572533600[0m
[1m[37mmsg: 7068 point cloud size: 86400,ts:1930.1567793600[0m
[1m[37mmsg: 7069 point cloud size: 86400,ts:1930.2568343600[0m
[1m[37mmsg: 7070 point cloud size: 86400,ts:1930.3567593600[0m
[1m[37mmsg: 7071 point cloud size: 86400,ts:1930.4569763600[0m
[1m[37mmsg: 7072 point cloud size: 86400,ts:1930.5568043600[0m
[1m[37mmsg: 7073 point cloud size: 86400,ts:1930.6567553600[0m
[1m[37mmsg: 7074 point cloud size: 86400,ts:1930.7567563600[0m
[1m[37mmsg: 7075 point cloud size: 86400,ts:1930.8567953600[0m
[1m[37mmsg: 7076 point cloud size: 83040,ts:1930.9567393600[0m
[1m[37mmsg: 7077 point cloud size: 85920,ts:1931.0572153600[0m
[1m[37mmsg: 7078 point cloud size: 86400,ts:1931.1567553600[0m
[1m[37mmsg: 7079 point cloud size: 86400,ts:1931.2567383600[0m
[1m[37mmsg: 7080 point cloud size: 86400,ts:1931.3567463600[0m
[1m[37mmsg: 7081 point cloud size: 86400,ts:1931.4567963600[0m
[1m[37mmsg: 7082 point cloud size: 86400,ts:1931.5567383600[0m
[1m[37mmsg: 7083 point cloud size: 86400,ts:1931.6567343600[0m
[1m[37mmsg: 7084 point cloud size: 86400,ts:1931.7567323600[0m
[1m[37mmsg: 7085 point cloud size: 86400,ts:1931.8567273600[0m
[1m[37mmsg: 7086 point cloud size: 83040,ts:1931.9567263600[0m
[1m[37mmsg: 7087 point cloud size: 85920,ts:1932.0572063600[0m
[1m[37mmsg: 7088 point cloud size: 86400,ts:1932.1567283600[0m
[1m[37mmsg: 7089 point cloud size: 86400,ts:1932.2567213600[0m
[1m[37mmsg: 7090 point cloud size: 86400,ts:1932.3567423600[0m
[1m[37mmsg: 7091 point cloud size: 86400,ts:1932.4567313600[0m
[1m[37mmsg: 7092 point cloud size: 86400,ts:1932.5567203600[0m
[1m[37mmsg: 7093 point cloud size: 86400,ts:1932.6567143600[0m
[1m[37mmsg: 7094 point cloud size: 86400,ts:1932.7567113600[0m
[1m[37mmsg: 7095 point cloud size: 86400,ts:1932.8567053600[0m
[1m[37mmsg: 7096 point cloud size: 83040,ts:1932.9567093600[0m
[1m[37mmsg: 7097 point cloud size: 85920,ts:1933.0571853600[0m
[1m[37mmsg: 7098 point cloud size: 86400,ts:1933.1567193600[0m
[1m[37mmsg: 7099 point cloud size: 86400,ts:1933.2567043600[0m
[1m[37mmsg: 7100 point cloud size: 86400,ts:1933.3567063600[0m
[1m[37mmsg: 7101 point cloud size: 86400,ts:1933.4567223600[0m
[1m[37mmsg: 7102 point cloud size: 86400,ts:1933.5567013600[0m
[1m[37mmsg: 7103 point cloud size: 86400,ts:1933.6567023600[0m
[1m[37mmsg: 7104 point cloud size: 86400,ts:1933.7567033600[0m
[1m[37mmsg: 7105 point cloud size: 86400,ts:1933.8567063600[0m
[1m[37mmsg: 7106 point cloud size: 83040,ts:1933.9566913600[0m
[1m[37mmsg: 7107 point cloud size: 85920,ts:1934.0571583600[0m
[1m[37mmsg: 7108 point cloud size: 86400,ts:1934.1566833600[0m
[1m[37mmsg: 7109 point cloud size: 86400,ts:1934.2566873600[0m
[1m[37mmsg: 7110 point cloud size: 86400,ts:1934.3566943600[0m
[1m[37mmsg: 7111 point cloud size: 86400,ts:1934.4566753600[0m
[1m[37mmsg: 7112 point cloud size: 86400,ts:1934.5566943600[0m
[1m[37mmsg: 7113 point cloud size: 86400,ts:1934.6566873600[0m
[1m[37mmsg: 7114 point cloud size: 86400,ts:1934.7566893600[0m
[1m[37mmsg: 7115 point cloud size: 86400,ts:1934.8566943600[0m
[1m[37mmsg: 7116 point cloud size: 83040,ts:1934.9566803600[0m
[1m[37mmsg: 7117 point cloud size: 85920,ts:1935.0571413600[0m
[1m[37mmsg: 7118 point cloud size: 86400,ts:1935.1566863600[0m
[1m[37mmsg: 7119 point cloud size: 86400,ts:1935.2566863600[0m
[1m[37mmsg: 7120 point cloud size: 86400,ts:1935.3566843600[0m
[1m[37mmsg: 7121 point cloud size: 86400,ts:1935.4566793600[0m
[1m[37mmsg: 7122 point cloud size: 86400,ts:1935.5566703600[0m
[1m[37mmsg: 7123 point cloud size: 86400,ts:1935.6566703600[0m
[1m[37mmsg: 7124 point cloud size: 86400,ts:1935.7566773600[0m
[1m[37mmsg: 7125 point cloud size: 86400,ts:1935.8566733600[0m
[1m[37mmsg: 7126 point cloud size: 83040,ts:1935.9566643600[0m
[1m[37mmsg: 7127 point cloud size: 85920,ts:1936.0571303600[0m
[1m[37mmsg: 7128 point cloud size: 86400,ts:1936.1566503600[0m
[1m[37mmsg: 7129 point cloud size: 86400,ts:1936.2566563600[0m
[1m[37mmsg: 7130 point cloud size: 86400,ts:1936.3566633600[0m
[1m[37mmsg: 7131 point cloud size: 86400,ts:1936.4566583600[0m
[1m[37mmsg: 7132 point cloud size: 86400,ts:1936.5566473600[0m
[1m[37mmsg: 7133 point cloud size: 86400,ts:1936.6566503600[0m
[1m[37mmsg: 7134 point cloud size: 86400,ts:1936.7566563600[0m
[1m[37mmsg: 7135 point cloud size: 86400,ts:1936.8566453600[0m
[1m[37mmsg: 7136 point cloud size: 83040,ts:1936.9566433600[0m
[1m[37mmsg: 7137 point cloud size: 85920,ts:1937.0571103600[0m
[1m[37mmsg: 7138 point cloud size: 86400,ts:1937.1566363600[0m
[1m[37mmsg: 7139 point cloud size: 86400,ts:1937.2566393600[0m
[1m[37mmsg: 7140 point cloud size: 86400,ts:1937.3566413600[0m
[1m[37mmsg: 7141 point cloud size: 86400,ts:1937.4566483600[0m
[1m[37mmsg: 7142 point cloud size: 86400,ts:1937.5566503600[0m
[1m[37mmsg: 7143 point cloud size: 86400,ts:1937.6566393600[0m
[1m[37mmsg: 7144 point cloud size: 86400,ts:1937.7566563600[0m
[1m[37mmsg: 7145 point cloud size: 86400,ts:1937.8566473600[0m
[1m[37mmsg: 7146 point cloud size: 83040,ts:1937.9566463600[0m
[1m[37mmsg: 7147 point cloud size: 85920,ts:1938.0570913600[0m
[1m[37mmsg: 7148 point cloud size: 86400,ts:1938.1566293600[0m
[1m[37mmsg: 7149 point cloud size: 86400,ts:1938.2566263600[0m
[1m[37mmsg: 7150 point cloud size: 86400,ts:1938.3566383600[0m
[1m[37mmsg: 7151 point cloud size: 86400,ts:1938.4566333600[0m
[1m[37mmsg: 7152 point cloud size: 86400,ts:1938.5566193600[0m
[1m[37mmsg: 7153 point cloud size: 86400,ts:1938.6566143600[0m
[1m[37mmsg: 7154 point cloud size: 86400,ts:1938.7566303600[0m
[1m[37mmsg: 7155 point cloud size: 86400,ts:1938.8566293600[0m
[1m[37mmsg: 7156 point cloud size: 83040,ts:1938.9566103600[0m
[1m[37mmsg: 7157 point cloud size: 85920,ts:1939.0570743600[0m
[1m[37mmsg: 7158 point cloud size: 86400,ts:1939.1566163600[0m
[1m[37mmsg: 7159 point cloud size: 86400,ts:1939.2566063600[0m
[1m[37mmsg: 7160 point cloud size: 86400,ts:1939.3566043600[0m
[1m[37mmsg: 7161 point cloud size: 86400,ts:1939.4566113600[0m
[1m[37mmsg: 7162 point cloud size: 86400,ts:1939.5565983600[0m
[1m[37mmsg: 7163 point cloud size: 86400,ts:1939.6566053600[0m
[1m[37mmsg: 7164 point cloud size: 86400,ts:1939.7565863600[0m
[1m[37mmsg: 7165 point cloud size: 86400,ts:1939.8565913600[0m
[1m[37mmsg: 7166 point cloud size: 83040,ts:1939.9565903600[0m
[1m[37mmsg: 7167 point cloud size: 85920,ts:1940.0570553600[0m
[1m[37mmsg: 7168 point cloud size: 86400,ts:1940.1566033600[0m
[1m[37mmsg: 7169 point cloud size: 86400,ts:1940.2566013600[0m
[1m[37mmsg: 7170 point cloud size: 86400,ts:1940.3565873600[0m
[1m[37mmsg: 7171 point cloud size: 86400,ts:1940.4565883600[0m
[1m[37mmsg: 7172 point cloud size: 86400,ts:1940.5565923600[0m
[1m[37mmsg: 7173 point cloud size: 86400,ts:1940.6565783600[0m
[1m[37mmsg: 7174 point cloud size: 86400,ts:1940.7565683600[0m
[1m[37mmsg: 7175 point cloud size: 86400,ts:1940.8565853600[0m
[1m[37mmsg: 7176 point cloud size: 83040,ts:1940.9565823600[0m
[1m[37mmsg: 7177 point cloud size: 85920,ts:1941.0570443600[0m
[1m[37mmsg: 7178 point cloud size: 86400,ts:1941.1565803600[0m
[1m[37mmsg: 7179 point cloud size: 86400,ts:1941.2565823600[0m
[1m[37mmsg: 7180 point cloud size: 86400,ts:1941.3565683600[0m
[1m[37mmsg: 7181 point cloud size: 86400,ts:1941.4565743600[0m
[1m[37mmsg: 7182 point cloud size: 86400,ts:1941.5565753600[0m
[1m[37mmsg: 7183 point cloud size: 86400,ts:1941.6565773600[0m
[1m[37mmsg: 7184 point cloud size: 86400,ts:1941.7565723600[0m
[1m[37mmsg: 7185 point cloud size: 86400,ts:1941.8565673600[0m
[1m[37mmsg: 7186 point cloud size: 83040,ts:1941.9565633600[0m
[1m[37mmsg: 7187 point cloud size: 85920,ts:1942.0570273600[0m
[1m[37mmsg: 7188 point cloud size: 86400,ts:1942.1565693600[0m
[1m[37mmsg: 7189 point cloud size: 86400,ts:1942.2565753600[0m
[1m[37mmsg: 7190 point cloud size: 86400,ts:1942.3565863600[0m
[1m[37mmsg: 7191 point cloud size: 86400,ts:1942.4565593600[0m
[1m[37mmsg: 7192 point cloud size: 86400,ts:1942.5565533600[0m
[1m[37mmsg: 7193 point cloud size: 86400,ts:1942.6565473600[0m
[1m[37mmsg: 7194 point cloud size: 86400,ts:1942.7565543600[0m
[1m[37mmsg: 7195 point cloud size: 86400,ts:1942.8565513600[0m
[1m[37mmsg: 7196 point cloud size: 83040,ts:1942.9565553600[0m
[1m[37mmsg: 7197 point cloud size: 85920,ts:1943.0570063600[0m
[1m[37mmsg: 7198 point cloud size: 86400,ts:1943.1565613600[0m
[1m[37mmsg: 7199 point cloud size: 86400,ts:1943.2565493600[0m
[1m[37mmsg: 7200 point cloud size: 86400,ts:1943.3565373600[0m
[1m[37mmsg: 7201 point cloud size: 86400,ts:1943.4565603600[0m
[1m[37mmsg: 7202 point cloud size: 86400,ts:1943.5565293600[0m
[1m[37mmsg: 7203 point cloud size: 86400,ts:1943.6565323600[0m
[1m[37mmsg: 7204 point cloud size: 86400,ts:1943.7565343600[0m
[1m[37mmsg: 7205 point cloud size: 86400,ts:1943.8565373600[0m
[1m[37mmsg: 7206 point cloud size: 83040,ts:1943.9565243600[0m
[1m[37mmsg: 7207 point cloud size: 85920,ts:1944.0569843600[0m
[1m[37mmsg: 7208 point cloud size: 86400,ts:1944.1565313600[0m
[1m[37mmsg: 7209 point cloud size: 86400,ts:1944.2565243600[0m
[1m[37mmsg: 7210 point cloud size: 86400,ts:1944.3565183600[0m
[1m[37mmsg: 7211 point cloud size: 86400,ts:1944.4565283600[0m
[1m[37mmsg: 7212 point cloud size: 86400,ts:1944.5565233600[0m
[1m[37mmsg: 7213 point cloud size: 86400,ts:1944.6565163600[0m
[1m[37mmsg: 7214 point cloud size: 86400,ts:1944.7565183600[0m
[1m[37mmsg: 7215 point cloud size: 86400,ts:1944.8565393600[0m
[1m[37mmsg: 7216 point cloud size: 83040,ts:1944.9565063600[0m
[1m[37mmsg: 7217 point cloud size: 85920,ts:1945.0569803600[0m
[1m[37mmsg: 7218 point cloud size: 86400,ts:1945.1565303600[0m
[1m[37mmsg: 7219 point cloud size: 86400,ts:1945.2565123600[0m
[1m[37mmsg: 7220 point cloud size: 86400,ts:1945.3564993600[0m
[1m[37mmsg: 7221 point cloud size: 86400,ts:1945.4565113600[0m
[1m[37mmsg: 7222 point cloud size: 86400,ts:1945.5564953600[0m
[1m[37mmsg: 7223 point cloud size: 86400,ts:1945.6564963600[0m
[1m[37mmsg: 7224 point cloud size: 86400,ts:1945.7565043600[0m
[1m[37mmsg: 7225 point cloud size: 86400,ts:1945.8565103600[0m
[1m[37mmsg: 7226 point cloud size: 83040,ts:1945.9564903600[0m
[1m[37mmsg: 7227 point cloud size: 85920,ts:1946.0569503600[0m
[1m[37mmsg: 7228 point cloud size: 86400,ts:1946.1564943600[0m
[1m[37mmsg: 7229 point cloud size: 86400,ts:1946.2565003600[0m
[1m[37mmsg: 7230 point cloud size: 86400,ts:1946.3564863600[0m
[1m[37mmsg: 7231 point cloud size: 86400,ts:1946.4564883600[0m
[1m[37mmsg: 7232 point cloud size: 86400,ts:1946.5564933600[0m
[1m[37mmsg: 7233 point cloud size: 86400,ts:1946.6564753600[0m
[1m[37mmsg: 7234 point cloud size: 86400,ts:1946.7564873600[0m
[1m[37mmsg: 7235 point cloud size: 86400,ts:1946.8564863600[0m
[1m[37mmsg: 7236 point cloud size: 83040,ts:1946.9564723600[0m
[1m[37mmsg: 7237 point cloud size: 85920,ts:1947.0569353600[0m
[1m[37mmsg: 7238 point cloud size: 86400,ts:1947.1564653600[0m
[1m[37mmsg: 7239 point cloud size: 86400,ts:1947.2564823600[0m
[1m[37mmsg: 7240 point cloud size: 86400,ts:1947.3564813600[0m
[1m[37mmsg: 7241 point cloud size: 86400,ts:1947.4564783600[0m
[1m[37mmsg: 7242 point cloud size: 86400,ts:1947.5564633600[0m
[1m[37mmsg: 7243 point cloud size: 86400,ts:1947.6565073600[0m
[1m[37mmsg: 7244 point cloud size: 86400,ts:1947.7565223600[0m
[1m[37mmsg: 7245 point cloud size: 86400,ts:1947.8565203600[0m
[1m[37mmsg: 7246 point cloud size: 83040,ts:1947.9564753600[0m
[1m[37mmsg: 7247 point cloud size: 85920,ts:1948.0569233600[0m
[1m[37mmsg: 7248 point cloud size: 86400,ts:1948.1565063600[0m
[1m[37mmsg: 7249 point cloud size: 86400,ts:1948.2564653600[0m
[1m[37mmsg: 7250 point cloud size: 86400,ts:1948.3564503600[0m
[1m[37mmsg: 7251 point cloud size: 86400,ts:1948.4564563600[0m
[1m[37mmsg: 7252 point cloud size: 86400,ts:1948.5564603600[0m
[1m[37mmsg: 7253 point cloud size: 86400,ts:1948.6564423600[0m
[1m[37mmsg: 7254 point cloud size: 86400,ts:1948.7564503600[0m
[1m[37mmsg: 7255 point cloud size: 86400,ts:1948.8564333600[0m
[1m[37mmsg: 7256 point cloud size: 83040,ts:1948.9564373600[0m
[1m[37mmsg: 7257 point cloud size: 85920,ts:1949.0569003600[0m
[1m[37mmsg: 7258 point cloud size: 86400,ts:1949.1564543600[0m
[1m[37mmsg: 7259 point cloud size: 86400,ts:1949.2564313600[0m
[1m[37mmsg: 7260 point cloud size: 86400,ts:1949.3564323600[0m
[1m[37mmsg: 7261 point cloud size: 86400,ts:1949.4564383600[0m
[1m[37mmsg: 7262 point cloud size: 86400,ts:1949.5564433600[0m
[1m[37mmsg: 7263 point cloud size: 86400,ts:1949.6564303600[0m
[1m[37mmsg: 7264 point cloud size: 86400,ts:1949.7564463600[0m
[1m[37mmsg: 7265 point cloud size: 86400,ts:1949.8564363600[0m
[1m[37mmsg: 7266 point cloud size: 83040,ts:1949.9564363600[0m
[1m[37mmsg: 7267 point cloud size: 85920,ts:1950.0568833600[0m
[1m[37mmsg: 7268 point cloud size: 86400,ts:1950.1564313600[0m
[1m[37mmsg: 7269 point cloud size: 86400,ts:1950.2564673600[0m
[1m[37mmsg: 7270 point cloud size: 86400,ts:1950.3569713600[0m
[1m[37mmsg: 7271 point cloud size: 86400,ts:1950.4564213600[0m
[1m[37mmsg: 7272 point cloud size: 86400,ts:1950.5564273600[0m
[1m[37mmsg: 7273 point cloud size: 86400,ts:1950.6564393600[0m
[1m[37mmsg: 7274 point cloud size: 86400,ts:1950.7564253600[0m
[1m[37mmsg: 7275 point cloud size: 86400,ts:1950.8564203600[0m
[1m[37mmsg: 7276 point cloud size: 83040,ts:1950.9564093600[0m
[1m[37mmsg: 7277 point cloud size: 85920,ts:1951.0568953600[0m
[1m[37mmsg: 7278 point cloud size: 86400,ts:1951.1564133600[0m
[1m[37mmsg: 7279 point cloud size: 86400,ts:1951.2564623600[0m
[1m[37mmsg: 7280 point cloud size: 86400,ts:1951.3564023600[0m
[1m[37mmsg: 7281 point cloud size: 86400,ts:1951.4564033600[0m
[1m[37mmsg: 7282 point cloud size: 86400,ts:1951.5564043600[0m
[1m[37mmsg: 7283 point cloud size: 86400,ts:1951.6564123600[0m
[1m[37mmsg: 7284 point cloud size: 86400,ts:1951.7564703600[0m
[1m[37mmsg: 7285 point cloud size: 86400,ts:1951.8564163600[0m
[1m[37mmsg: 7286 point cloud size: 83040,ts:1951.9563943600[0m
[1m[37mmsg: 7287 point cloud size: 85920,ts:1952.0568733600[0m
[1m[37mmsg: 7288 point cloud size: 86400,ts:1952.1563773600[0m
[1m[37mmsg: 7289 point cloud size: 86400,ts:1952.2564073600[0m
[1m[37mmsg: 7290 point cloud size: 86400,ts:1952.3563913600[0m
[1m[37mmsg: 7291 point cloud size: 86400,ts:1952.4563853600[0m
[1m[37mmsg: 7292 point cloud size: 86400,ts:1952.5564023600[0m
[1m[37mmsg: 7293 point cloud size: 86400,ts:1952.6563753600[0m
[1m[37mmsg: 7294 point cloud size: 86400,ts:1952.7564213600[0m
[1m[37mmsg: 7295 point cloud size: 86400,ts:1952.8564133600[0m
[1m[37mmsg: 7296 point cloud size: 83040,ts:1952.9563903600[0m
[1m[37mmsg: 7297 point cloud size: 85920,ts:1953.0568373600[0m
[1m[37mmsg: 7298 point cloud size: 86400,ts:1953.1563823600[0m
[1m[37mmsg: 7299 point cloud size: 86400,ts:1953.2563863600[0m
[1m[37mmsg: 7300 point cloud size: 86400,ts:1953.3570623600[0m
[1m[37mmsg: 7301 point cloud size: 86400,ts:1953.4563683600[0m
[1m[37mmsg: 7302 point cloud size: 86400,ts:1953.5563773600[0m
[1m[37mmsg: 7303 point cloud size: 86400,ts:1953.6563463600[0m
[1m[37mmsg: 7304 point cloud size: 86400,ts:1953.7564023600[0m
[1m[37mmsg: 7305 point cloud size: 86400,ts:1953.8563573600[0m
[1m[37mmsg: 7306 point cloud size: 83040,ts:1953.9563703600[0m
[1m[37mmsg: 7307 point cloud size: 85920,ts:1954.0568293600[0m
[1m[37mmsg: 7308 point cloud size: 86400,ts:1954.1563513600[0m
[1m[37mmsg: 7309 point cloud size: 86400,ts:1954.2563693600[0m
[1m[37mmsg: 7310 point cloud size: 86400,ts:1954.3563773600[0m
[1m[37mmsg: 7311 point cloud size: 86400,ts:1954.4563543600[0m
[1m[37mmsg: 7312 point cloud size: 86400,ts:1954.5563633600[0m
[1m[37mmsg: 7313 point cloud size: 86400,ts:1954.6563333600[0m
[1m[37mmsg: 7314 point cloud size: 86400,ts:1954.7563403600[0m
[1m[37mmsg: 7315 point cloud size: 86400,ts:1954.8563403600[0m
[1m[37mmsg: 7316 point cloud size: 83040,ts:1954.9569093600[0m
[1m[37mmsg: 7317 point cloud size: 85920,ts:1955.0568063600[0m
[1m[37mmsg: 7318 point cloud size: 86400,ts:1955.1563323600[0m
[1m[37mmsg: 7319 point cloud size: 86400,ts:1955.2563403600[0m
[1m[37mmsg: 7320 point cloud size: 86400,ts:1955.3563343600[0m
[1m[37mmsg: 7321 point cloud size: 86400,ts:1955.4563473600[0m
[1m[37mmsg: 7322 point cloud size: 86400,ts:1955.5563373600[0m
[1m[37mmsg: 7323 point cloud size: 86400,ts:1955.6563193600[0m
[1m[37mmsg: 7324 point cloud size: 86400,ts:1955.7563303600[0m
[1m[37mmsg: 7325 point cloud size: 86400,ts:1955.8564453600[0m
[1m[37mmsg: 7326 point cloud size: 83040,ts:1955.9563213600[0m
[1m[37mmsg: 7327 point cloud size: 85920,ts:1956.0568263600[0m
[1m[37mmsg: 7328 point cloud size: 86400,ts:1956.1563163600[0m
[1m[37mmsg: 7329 point cloud size: 86400,ts:1956.2563453600[0m
[1m[37mmsg: 7330 point cloud size: 86400,ts:1956.3563183600[0m
[1m[37mmsg: 7331 point cloud size: 86400,ts:1956.4563133600[0m
[1m[37mmsg: 7332 point cloud size: 86400,ts:1956.5563233600[0m
[1m[37mmsg: 7333 point cloud size: 86400,ts:1956.6563433600[0m
[1m[37mmsg: 7334 point cloud size: 86400,ts:1956.7563093600[0m
[1m[37mmsg: 7335 point cloud size: 86400,ts:1956.8563143600[0m
[1m[37mmsg: 7336 point cloud size: 83040,ts:1956.9563003600[0m
[1m[37mmsg: 7337 point cloud size: 85920,ts:1957.0567773600[0m
[1m[37mmsg: 7338 point cloud size: 86400,ts:1957.1563053600[0m
[1m[37mmsg: 7339 point cloud size: 86400,ts:1957.2562943600[0m
[1m[37mmsg: 7340 point cloud size: 86400,ts:1957.3562963600[0m
[1m[37mmsg: 7341 point cloud size: 86400,ts:1957.4563523600[0m
[1m[37mmsg: 7342 point cloud size: 86400,ts:1957.5563103600[0m
[1m[37mmsg: 7343 point cloud size: 86400,ts:1957.6563513600[0m
[1m[37mmsg: 7344 point cloud size: 86400,ts:1957.7562903600[0m
[1m[37mmsg: 7345 point cloud size: 86400,ts:1957.8562983600[0m
[1m[37mmsg: 7346 point cloud size: 83040,ts:1957.9562993600[0m
[1m[37mmsg: 7347 point cloud size: 85920,ts:1958.0567513600[0m
[1m[37mmsg: 7348 point cloud size: 86400,ts:1958.1563223600[0m
[1m[37mmsg: 7349 point cloud size: 86400,ts:1958.2562933600[0m
[1m[37mmsg: 7350 point cloud size: 86400,ts:1958.3562693600[0m
[1m[37mmsg: 7351 point cloud size: 86400,ts:1958.4562843600[0m
[1m[37mmsg: 7352 point cloud size: 86400,ts:1958.5562933600[0m
[1m[37mmsg: 7353 point cloud size: 86400,ts:1958.6564383600[0m
[1m[37mmsg: 7354 point cloud size: 86400,ts:1958.7562653600[0m
[1m[37mmsg: 7355 point cloud size: 86400,ts:1958.8562853600[0m
[1m[37mmsg: 7356 point cloud size: 83040,ts:1958.9562803600[0m
[1m[37mmsg: 7357 point cloud size: 85920,ts:1959.0567743600[0m
[1m[37mmsg: 7358 point cloud size: 86400,ts:1959.1562703600[0m
[1m[37mmsg: 7359 point cloud size: 86400,ts:1959.2571283600[0m
[1m[37mmsg: 7360 point cloud size: 86400,ts:1959.3562913600[0m
[1m[37mmsg: 7361 point cloud size: 86400,ts:1959.4562713600[0m
[1m[37mmsg: 7362 point cloud size: 86400,ts:1959.5562623600[0m
[1m[37mmsg: 7363 point cloud size: 86400,ts:1959.6562573600[0m
[1m[37mmsg: 7364 point cloud size: 86400,ts:1959.7562593600[0m
[1m[37mmsg: 7365 point cloud size: 86400,ts:1959.8562683600[0m
[1m[37mmsg: 7366 point cloud size: 83040,ts:1959.9562863600[0m
[1m[37mmsg: 7367 point cloud size: 85920,ts:1960.0567223600[0m
[1m[37mmsg: 7368 point cloud size: 86400,ts:1960.1562633600[0m
[1m[37mmsg: 7369 point cloud size: 86400,ts:1960.2562533600[0m
[1m[37mmsg: 7370 point cloud size: 86400,ts:1960.3562433600[0m
[1m[37mmsg: 7371 point cloud size: 86400,ts:1960.4562723600[0m
[1m[37mmsg: 7372 point cloud size: 86400,ts:1960.5562353600[0m
[1m[37mmsg: 7373 point cloud size: 86400,ts:1960.6562383600[0m
[1m[37mmsg: 7374 point cloud size: 86400,ts:1960.7562483600[0m
[1m[37mmsg: 7375 point cloud size: 86400,ts:1960.8562513600[0m
[1m[37mmsg: 7376 point cloud size: 83040,ts:1960.9562753600[0m
[1m[37mmsg: 7377 point cloud size: 85920,ts:1961.0566963600[0m
[1m[37mmsg: 7378 point cloud size: 86400,ts:1961.1562453600[0m
[1m[37mmsg: 7379 point cloud size: 86400,ts:1961.2562263600[0m
[1m[37mmsg: 7380 point cloud size: 86400,ts:1961.3562353600[0m
[1m[37mmsg: 7381 point cloud size: 86400,ts:1961.4562333600[0m
[1m[37mmsg: 7382 point cloud size: 86400,ts:1961.5562593600[0m
[1m[37mmsg: 7383 point cloud size: 86400,ts:1961.6562323600[0m
[1m[37mmsg: 7384 point cloud size: 86400,ts:1961.7562303600[0m
[1m[37mmsg: 7385 point cloud size: 86400,ts:1961.8562373600[0m
[1m[37mmsg: 7386 point cloud size: 83040,ts:1961.9562233600[0m
[1m[37mmsg: 7387 point cloud size: 85920,ts:1962.0566853600[0m
[1m[37mmsg: 7388 point cloud size: 86400,ts:1962.1562273600[0m
[1m[37mmsg: 7389 point cloud size: 86400,ts:1962.2562303600[0m
[1m[37mmsg: 7390 point cloud size: 86400,ts:1962.3562093600[0m
[1m[37mmsg: 7391 point cloud size: 86400,ts:1962.4562303600[0m
[1m[37mmsg: 7392 point cloud size: 86400,ts:1962.5562153600[0m
[1m[37mmsg: 7393 point cloud size: 86400,ts:1962.6562223600[0m
[1m[37mmsg: 7394 point cloud size: 86400,ts:1962.7562033600[0m
[1m[37mmsg: 7395 point cloud size: 86400,ts:1962.8562673600[0m
[1m[37mmsg: 7396 point cloud size: 83040,ts:1962.9561953600[0m
[1m[33mERRCODE_MSOPTIMEOUT[0m
[1m[33mERRCODE_MSOPTIMEOUT[0m
[1m[33mERRCODE_MSOPTIMEOUT[0m
[1m[33mERRCODE_MSOPTIMEOUT[0m
[1m[33mERRCODE_MSOPTIMEOUT[0m
[1m[33mERRCODE_MSOPTIMEOUT[0m
[1m[33mERRCODE_MSOPTIMEOUT[0m
[1m[33mERRCODE_MSOPTIMEOUT[0m
[1m[33mERRCODE_MSOPTIMEOUT[0m
[1m[33mERRCODE_MSOPTIMEOUT[0m
[1m[33mERRCODE_MSOPTIMEOUT[0m
[1m[33mERRCODE_MSOPTIMEOUT[0m
[1m[33mERRCODE_MSOPTIMEOUT[0m
[1m[33mERRCODE_MSOPTIMEOUT[0m
[1m[33mERRCODE_MSOPTIMEOUT[0m
[1m[33mERRCODE_MSOPTIMEOUT[0m
[1m[33mERRCODE_MSOPTIMEOUT[0m
[1m[33mERRCODE_MSOPTIMEOUT[0m
[1m[33mERRCODE_MSOPTIMEOUT[0m
[1m[33mERRCODE_MSOPTIMEOUT[0m
[1m[33mERRCODE_MSOPTIMEOUT[0m
[1m[33mERRCODE_MSOPTIMEOUT[0m
[1m[33mERRCODE_MSOPTIMEOUT[0m
[1m[33mERRCODE_MSOPTIMEOUT[0m
[1m[33mERRCODE_MSOPTIMEOUT[0m
[1m[33mERRCODE_MSOPTIMEOUT[0m
[1m[33mERRCODE_MSOPTIMEOUT[0m
[1m[33mERRCODE_MSOPTIMEOUT[0m
[1m[33mERRCODE_MSOPTIMEOUT[0m
[1m[33mERRCODE_MSOPTIMEOUT[0m
[1m[33mERRCODE_MSOPTIMEOUT[0m
[1m[33mERRCODE_MSOPTIMEOUT[0m
[1m[33mERRCODE_MSOPTIMEOUT[0m
[1m[33mERRCODE_MSOPTIMEOUT[0m
[1m[33mERRCODE_MSOPTIMEOUT[0m
[1m[33mERRCODE_MSOPTIMEOUT[0m
[1m[33mERRCODE_MSOPTIMEOUT[0m
[1m[33mERRCODE_MSOPTIMEOUT[0m
[1m[33mERRCODE_MSOPTIMEOUT[0m
[1m[33mERRCODE_MSOPTIMEOUT[0m
[1m[33mERRCODE_MSOPTIMEOUT[0m
[1m[33mERRCODE_MSOPTIMEOUT[0m
[1m[33mERRCODE_MSOPTIMEOUT[0m
[1m[33mERRCODE_MSOPTIMEOUT[0m
[1m[33mERRCODE_MSOPTIMEOUT[0m
[1m[33mERRCODE_MSOPTIMEOUT[0m
[1m[33mERRCODE_MSOPTIMEOUT[0m
[1m[33mERRCODE_MSOPTIMEOUT[0m
[1m[33mERRCODE_MSOPTIMEOUT[0m
[1m[33mERRCODE_MSOPTIMEOUT[0m
[1m[33mERRCODE_MSOPTIMEOUT[0m
[1m[33mERRCODE_MSOPTIMEOUT[0m
[1m[33mERRCODE_MSOPTIMEOUT[0m
[1m[33mERRCODE_MSOPTIMEOUT[0m
[1m[33mERRCODE_MSOPTIMEOUT[0m
[1m[33mERRCODE_MSOPTIMEOUT[0m
[1m[33mERRCODE_MSOPTIMEOUT[0m
[1m[33mERRCODE_MSOPTIMEOUT[0m
[1m[33mERRCODE_MSOPTIMEOUT[0m
[1m[33mERRCODE_MSOPTIMEOUT[0m
[1m[33mERRCODE_MSOPTIMEOUT[0m
[1m[33mERRCODE_MSOPTIMEOUT[0m
[1m[33mERRCODE_MSOPTIMEOUT[0m
[1m[33mERRCODE_MSOPTIMEOUT[0m
[1m[33mERRCODE_MSOPTIMEOUT[0m
[1m[33mERRCODE_MSOPTIMEOUT[0m
[1m[33mERRCODE_MSOPTIMEOUT[0m
[1m[33mERRCODE_MSOPTIMEOUT[0m
[1m[33mERRCODE_MSOPTIMEOUT[0m
[1m[33mERRCODE_MSOPTIMEOUT[0m
[1m[33mERRCODE_MSOPTIMEOUT[0m
[1m[33mERRCODE_MSOPTIMEOUT[0m
[1m[33mERRCODE_MSOPTIMEOUT[0m
[1m[33mERRCODE_MSOPTIMEOUT[0m
[1m[33mERRCODE_MSOPTIMEOUT[0m
[1m[33mERRCODE_MSOPTIMEOUT[0m
[1m[33mERRCODE_MSOPTIMEOUT[0m
[1m[33mERRCODE_MSOPTIMEOUT[0m
[1m[33mERRCODE_MSOPTIMEOUT[0m
[1m[33mERRCODE_MSOPTIMEOUT[0m
[1m[33mERRCODE_MSOPTIMEOUT[0m
[1m[33mERRCODE_MSOPTIMEOUT[0m
[1m[33mERRCODE_MSOPTIMEOUT[0m
[1m[33mERRCODE_MSOPTIMEOUT[0m
[1m[33mERRCODE_MSOPTIMEOUT[0m
[1m[33mERRCODE_MSOPTIMEOUT[0m
[1m[33mERRCODE_MSOPTIMEOUT[0m
[1m[33mERRCODE_MSOPTIMEOUT[0m
[1m[33mERRCODE_MSOPTIMEOUT[0m
[1m[33mERRCODE_MSOPTIMEOUT[0m
[1m[33mERRCODE_MSOPTIMEOUT[0m
[1m[33mERRCODE_MSOPTIMEOUT[0m
[1m[33mERRCODE_MSOPTIMEOUT[0m
[1m[33mERRCODE_MSOPTIMEOUT[0m
[1m[33mERRCODE_MSOPTIMEOUT[0m
[1m[33mERRCODE_MSOPTIMEOUT[0m
[1m[33mERRCODE_MSOPTIMEOUT[0m
[1m[33mERRCODE_MSOPTIMEOUT[0m
[1m[33mERRCODE_MSOPTIMEOUT[0m
[1m[33mERRCODE_MSOPTIMEOUT[0m
[1m[33mERRCODE_MSOPTIMEOUT[0m
[1m[33mERRCODE_MSOPTIMEOUT[0m
[1m[33mERRCODE_MSOPTIMEOUT[0m
[1m[33mERRCODE_MSOPTIMEOUT[0m
[1m[33mERRCODE_MSOPTIMEOUT[0m
[1m[33mERRCODE_MSOPTIMEOUT[0m
[1m[33mERRCODE_MSOPTIMEOUT[0m
[1m[33mERRCODE_MSOPTIMEOUT[0m
[1m[33mERRCODE_MSOPTIMEOUT[0m
[1m[33mERRCODE_MSOPTIMEOUT[0m
[1m[33mERRCODE_MSOPTIMEOUT[0m
[1m[33mERRCODE_MSOPTIMEOUT[0m
[1m[33mERRCODE_MSOPTIMEOUT[0m
[1m[33mERRCODE_MSOPTIMEOUT[0m
[1m[33mERRCODE_MSOPTIMEOUT[0m
[1m[33mERRCODE_MSOPTIMEOUT[0m
[1m[33mERRCODE_MSOPTIMEOUT[0m
[1m[33mERRCODE_MSOPTIMEOUT[0m
[1m[33mERRCODE_MSOPTIMEOUT[0m
[1m[33mERRCODE_MSOPTIMEOUT[0m
[1m[33mERRCODE_MSOPTIMEOUT[0m
[1m[33mERRCODE_MSOPTIMEOUT[0m
[1m[33mERRCODE_MSOPTIMEOUT[0m
[1m[33mERRCODE_MSOPTIMEOUT[0m
[1m[33mERRCODE_MSOPTIMEOUT[0m
[1m[33mERRCODE_MSOPTIMEOUT[0m
[1m[33mERRCODE_MSOPTIMEOUT[0m
[1m[33mERRCODE_MSOPTIMEOUT[0m
[1m[33mERRCODE_MSOPTIMEOUT[0m
[1m[33mERRCODE_MSOPTIMEOUT[0m
[1m[33mERRCODE_MSOPTIMEOUT[0m
[1m[33mERRCODE_MSOPTIMEOUT[0m
[1m[33mERRCODE_MSOPTIMEOUT[0m
[1m[33mERRCODE_MSOPTIMEOUT[0m
[1m[33mERRCODE_MSOPTIMEOUT[0m
[1m[33mERRCODE_MSOPTIMEOUT[0m
[1m[33mERRCODE_MSOPTIMEOUT[0m
[1m[33mERRCODE_MSOPTIMEOUT[0m
[1m[33mERRCODE_MSOPTIMEOUT[0m
[1m[33mERRCODE_MSOPTIMEOUT[0m
[1m[33mERRCODE_MSOPTIMEOUT[0m
[1m[33mERRCODE_MSOPTIMEOUT[0m
[1m[33mERRCODE_MSOPTIMEOUT[0m
[1m[33mERRCODE_MSOPTIMEOUT[0m
[1m[33mERRCODE_MSOPTIMEOUT[0m
[1m[33mERRCODE_MSOPTIMEOUT[0m
[1m[33mERRCODE_MSOPTIMEOUT[0m
[1m[33mERRCODE_MSOPTIMEOUT[0m
[1m[33mERRCODE_MSOPTIMEOUT[0m
[1m[33mERRCODE_MSOPTIMEOUT[0m
[1m[33mERRCODE_MSOPTIMEOUT[0m
[1m[33mERRCODE_MSOPTIMEOUT[0m
[1m[33mERRCODE_MSOPTIMEOUT[0m
[1m[33mERRCODE_MSOPTIMEOUT[0m
[1m[33mERRCODE_MSOPTIMEOUT[0m
[1m[33mERRCODE_MSOPTIMEOUT[0m
[1m[33mERRCODE_MSOPTIMEOUT[0m
[1m[33mERRCODE_MSOPTIMEOUT[0m
[1m[33mERRCODE_MSOPTIMEOUT[0m
[1m[33mERRCODE_MSOPTIMEOUT[0m
[1m[33mERRCODE_MSOPTIMEOUT[0m
[1m[33mERRCODE_MSOPTIMEOUT[0m
[1m[33mERRCODE_MSOPTIMEOUT[0m
[1m[33mERRCODE_MSOPTIMEOUT[0m
[1m[33mERRCODE_MSOPTIMEOUT[0m
[1m[33mERRCODE_MSOPTIMEOUT[0m
[1m[33mERRCODE_MSOPTIMEOUT[0m
[1m[33mERRCODE_MSOPTIMEOUT[0m
[1m[33mERRCODE_MSOPTIMEOUT[0m
[1m[33mERRCODE_MSOPTIMEOUT[0m
[1m[33mERRCODE_MSOPTIMEOUT[0m
[1m[33mERRCODE_MSOPTIMEOUT[0m
[1m[33mERRCODE_MSOPTIMEOUT[0m
[1m[33mERRCODE_MSOPTIMEOUT[0m
[1m[33mERRCODE_MSOPTIMEOUT[0m
[1m[33mERRCODE_MSOPTIMEOUT[0m
[1m[33mERRCODE_MSOPTIMEOUT[0m
[1m[33mERRCODE_MSOPTIMEOUT[0m
[1m[33mERRCODE_MSOPTIMEOUT[0m
[1m[33mERRCODE_MSOPTIMEOUT[0m
[1m[33mERRCODE_MSOPTIMEOUT[0m
[1m[33mERRCODE_MSOPTIMEOUT[0m
[1m[33mERRCODE_MSOPTIMEOUT[0m
[1m[33mERRCODE_MSOPTIMEOUT[0m
[1m[33mERRCODE_MSOPTIMEOUT[0m
[1m[33mERRCODE_MSOPTIMEOUT[0m
[1m[33mERRCODE_MSOPTIMEOUT[0m
[1m[33mERRCODE_MSOPTIMEOUT[0m
[1m[33mERRCODE_MSOPTIMEOUT[0m
[1m[33mERRCODE_MSOPTIMEOUT[0m
[1m[33mERRCODE_MSOPTIMEOUT[0m
[1m[33mERRCODE_MSOPTIMEOUT[0m
[1m[33mERRCODE_MSOPTIMEOUT[0m
[1m[33mERRCODE_MSOPTIMEOUT[0m
[1m[33mERRCODE_MSOPTIMEOUT[0m
[1m[33mERRCODE_MSOPTIMEOUT[0m
[1m[33mERRCODE_MSOPTIMEOUT[0m
[1m[33mERRCODE_MSOPTIMEOUT[0m
[1m[33mERRCODE_MSOPTIMEOUT[0m
[1m[33mERRCODE_MSOPTIMEOUT[0m
[1m[33mERRCODE_MSOPTIMEOUT[0m
[1m[33mERRCODE_MSOPTIMEOUT[0m
[1m[33mERRCODE_MSOPTIMEOUT[0m
[1m[33mERRCODE_MSOPTIMEOUT[0m
[1m[33mERRCODE_MSOPTIMEOUT[0m
[1m[33mERRCODE_MSOPTIMEOUT[0m
[1m[33mERRCODE_MSOPTIMEOUT[0m
[1m[33mERRCODE_MSOPTIMEOUT[0m
[1m[33mERRCODE_MSOPTIMEOUT[0m
[1m[33mERRCODE_MSOPTIMEOUT[0m
[1m[33mERRCODE_MSOPTIMEOUT[0m
[1m[33mERRCODE_MSOPTIMEOUT[0m
[1m[33mERRCODE_MSOPTIMEOUT[0m
[1m[33mERRCODE_MSOPTIMEOUT[0m
[1m[33mERRCODE_MSOPTIMEOUT[0m
[1m[33mERRCODE_MSOPTIMEOUT[0m
[1m[33mERRCODE_MSOPTIMEOUT[0m
[1m[33mERRCODE_MSOPTIMEOUT[0m
[1m[33mERRCODE_MSOPTIMEOUT[0m
[1m[33mERRCODE_MSOPTIMEOUT[0m
[1m[33mERRCODE_MSOPTIMEOUT[0m
[1m[33mERRCODE_MSOPTIMEOUT[0m
[1m[33mERRCODE_MSOPTIMEOUT[0m
[1m[33mERRCODE_MSOPTIMEOUT[0m
[1m[33mERRCODE_MSOPTIMEOUT[0m
[1m[33mERRCODE_MSOPTIMEOUT[0m
[1m[33mERRCODE_MSOPTIMEOUT[0m
[1m[33mERRCODE_MSOPTIMEOUT[0m
[1m[33mERRCODE_MSOPTIMEOUT[0m
[1m[33mERRCODE_MSOPTIMEOUT[0m
[1m[33mERRCODE_MSOPTIMEOUT[0m
[1m[33mERRCODE_MSOPTIMEOUT[0m
[1m[33mERRCODE_MSOPTIMEOUT[0m
[1m[33mERRCODE_MSOPTIMEOUT[0m
[1m[33mERRCODE_MSOPTIMEOUT[0m
[1m[33mERRCODE_MSOPTIMEOUT[0m
[1m[33mERRCODE_MSOPTIMEOUT[0m
[1m[33mERRCODE_MSOPTIMEOUT[0m
[1m[33mERRCODE_MSOPTIMEOUT[0m
[1m[33mERRCODE_MSOPTIMEOUT[0m
[1m[33mERRCODE_MSOPTIMEOUT[0m
[1m[33mERRCODE_MSOPTIMEOUT[0m
[1m[33mERRCODE_MSOPTIMEOUT[0m
[1m[33mERRCODE_MSOPTIMEOUT[0m
[1m[33mERRCODE_MSOPTIMEOUT[0m
[1m[33mERRCODE_MSOPTIMEOUT[0m
[1m[33mERRCODE_MSOPTIMEOUT[0m
[1m[33mERRCODE_MSOPTIMEOUT[0m
[1m[33mERRCODE_MSOPTIMEOUT[0m
[1m[33mERRCODE_MSOPTIMEOUT[0m
[1m[33mERRCODE_MSOPTIMEOUT[0m
[1m[33mERRCODE_MSOPTIMEOUT[0m
[1m[33mERRCODE_MSOPTIMEOUT[0m
[1m[33mERRCODE_MSOPTIMEOUT[0m
[1m[33mERRCODE_MSOPTIMEOUT[0m
[1m[33mERRCODE_MSOPTIMEOUT[0m
[1m[33mERRCODE_MSOPTIMEOUT[0m
[1m[33mERRCODE_MSOPTIMEOUT[0m
[1m[33mERRCODE_MSOPTIMEOUT[0m
[1m[33mERRCODE_MSOPTIMEOUT[0m
[1m[33mERRCODE_MSOPTIMEOUT[0m
[1m[33mERRCODE_MSOPTIMEOUT[0m
[1m[33mERRCODE_MSOPTIMEOUT[0m
[1m[33mERRCODE_MSOPTIMEOUT[0m
[1m[33mERRCODE_MSOPTIMEOUT[0m
[1m[33mERRCODE_MSOPTIMEOUT[0m
[1m[33mERRCODE_MSOPTIMEOUT[0m
[1m[33mERRCODE_MSOPTIMEOUT[0m
[1m[33mERRCODE_MSOPTIMEOUT[0m
[1m[33mERRCODE_MSOPTIMEOUT[0m
[1m[33mERRCODE_MSOPTIMEOUT[0m
[1m[33mERRCODE_MSOPTIMEOUT[0m
[1m[33mERRCODE_MSOPTIMEOUT[0m
[1m[33mERRCODE_MSOPTIMEOUT[0m
[1m[33mERRCODE_MSOPTIMEOUT[0m
[1m[33mERRCODE_MSOPTIMEOUT[0m
[1m[33mERRCODE_MSOPTIMEOUT[0m
[1m[33mERRCODE_MSOPTIMEOUT[0m
[1m[33mERRCODE_MSOPTIMEOUT[0m
[1m[33mERRCODE_MSOPTIMEOUT[0m
[1m[33mERRCODE_MSOPTIMEOUT[0m
[1m[33mERRCODE_MSOPTIMEOUT[0m
[1m[33mERRCODE_MSOPTIMEOUT[0m
[1m[33mERRCODE_MSOPTIMEOUT[0m
[1m[33mERRCODE_MSOPTIMEOUT[0m
[1m[33mERRCODE_MSOPTIMEOUT[0m
[1m[33mERRCODE_MSOPTIMEOUT[0m
[1m[33mERRCODE_MSOPTIMEOUT[0m
[1m[33mERRCODE_MSOPTIMEOUT[0m
[1m[33mERRCODE_MSOPTIMEOUT[0m
[1m[33mERRCODE_MSOPTIMEOUT[0m
[1m[33mERRCODE_MSOPTIMEOUT[0m
[1m[33mERRCODE_MSOPTIMEOUT[0m
[1m[33mERRCODE_MSOPTIMEOUT[0m
[1m[33mERRCODE_MSOPTIMEOUT[0m
[1m[33mERRCODE_MSOPTIMEOUT[0m
[1m[33mERRCODE_MSOPTIMEOUT[0m
[1m[33mERRCODE_MSOPTIMEOUT[0m
[1m[33mERRCODE_MSOPTIMEOUT[0m
[1m[33mERRCODE_MSOPTIMEOUT[0m
[1m[33mERRCODE_MSOPTIMEOUT[0m
[1m[33mERRCODE_MSOPTIMEOUT[0m
[1m[33mERRCODE_MSOPTIMEOUT[0m
[1m[33mERRCODE_MSOPTIMEOUT[0m
[1m[33mERRCODE_MSOPTIMEOUT[0m
[1m[33mERRCODE_MSOPTIMEOUT[0m
[1m[33mERRCODE_MSOPTIMEOUT[0m
[1m[33mERRCODE_MSOPTIMEOUT[0m
[1m[33mERRCODE_MSOPTIMEOUT[0m
[1m[33mERRCODE_MSOPTIMEOUT[0m
[1m[33mERRCODE_MSOPTIMEOUT[0m
[1m[33mERRCODE_MSOPTIMEOUT[0m
[1m[33mERRCODE_MSOPTIMEOUT[0m
[1m[33mERRCODE_MSOPTIMEOUT[0m
[1m[33mERRCODE_MSOPTIMEOUT[0m
[1m[33mERRCODE_MSOPTIMEOUT[0m
[1m[33mERRCODE_MSOPTIMEOUT[0m
[1m[33mERRCODE_MSOPTIMEOUT[0m
[1m[33mERRCODE_MSOPTIMEOUT[0m
[1m[33mERRCODE_MSOPTIMEOUT[0m
[1m[33mERRCODE_MSOPTIMEOUT[0m
[1m[33mERRCODE_MSOPTIMEOUT[0m
[1m[33mERRCODE_MSOPTIMEOUT[0m
[1m[33mERRCODE_MSOPTIMEOUT[0m
[1m[33mERRCODE_MSOPTIMEOUT[0m
[1m[33mERRCODE_MSOPTIMEOUT[0m
[1m[33mERRCODE_MSOPTIMEOUT[0m
[1m[33mERRCODE_MSOPTIMEOUT[0m
[1m[33mERRCODE_MSOPTIMEOUT[0m
[1m[33mERRCODE_MSOPTIMEOUT[0m
[1m[33mERRCODE_MSOPTIMEOUT[0m
[1m[33mERRCODE_MSOPTIMEOUT[0m
[1m[33mERRCODE_MSOPTIMEOUT[0m
[1m[33mERRCODE_MSOPTIMEOUT[0m
[1m[33mERRCODE_MSOPTIMEOUT[0m
[1m[33mERRCODE_MSOPTIMEOUT[0m
[1m[33mERRCODE_MSOPTIMEOUT[0m
[1m[33mERRCODE_MSOPTIMEOUT[0m
[1m[33mERRCODE_MSOPTIMEOUT[0m
[1m[33mERRCODE_MSOPTIMEOUT[0m
[1m[33mERRCODE_MSOPTIMEOUT[0m
[1m[33mERRCODE_MSOPTIMEOUT[0m
[1m[33mERRCODE_MSOPTIMEOUT[0m
[1m[33mERRCODE_MSOPTIMEOUT[0m
[1m[33mERRCODE_MSOPTIMEOUT[0m
[1m[33mERRCODE_MSOPTIMEOUT[0m
[1m[33mERRCODE_MSOPTIMEOUT[0m
[1m[33mERRCODE_MSOPTIMEOUT[0m
[1m[33mERRCODE_MSOPTIMEOUT[0m
[1m[33mERRCODE_MSOPTIMEOUT[0m
[1m[33mERRCODE_MSOPTIMEOUT[0m
[1m[33mERRCODE_MSOPTIMEOUT[0m
[1m[33mERRCODE_MSOPTIMEOUT[0m
[1m[33mERRCODE_MSOPTIMEOUT[0m
[1m[33mERRCODE_MSOPTIMEOUT[0m
[1m[33mERRCODE_MSOPTIMEOUT[0m
[1m[33mERRCODE_MSOPTIMEOUT[0m
[1m[33mERRCODE_MSOPTIMEOUT[0m
[1m[33mERRCODE_MSOPTIMEOUT[0m
[1m[33mERRCODE_MSOPTIMEOUT[0m
[1m[33mERRCODE_MSOPTIMEOUT[0m
[1m[33mERRCODE_MSOPTIMEOUT[0m
[1m[33mERRCODE_MSOPTIMEOUT[0m
[1m[33mERRCODE_MSOPTIMEOUT[0m
[1m[33mERRCODE_MSOPTIMEOUT[0m
[1m[33mERRCODE_MSOPTIMEOUT[0m
[1m[33mERRCODE_MSOPTIMEOUT[0m
[1m[33mERRCODE_MSOPTIMEOUT[0m
[1m[33mERRCODE_MSOPTIMEOUT[0m
[1m[33mERRCODE_MSOPTIMEOUT[0m
[1m[33mERRCODE_MSOPTIMEOUT[0m
[1m[33mERRCODE_MSOPTIMEOUT[0m
[1m[33mERRCODE_MSOPTIMEOUT[0m
[1m[33mERRCODE_MSOPTIMEOUT[0m
[1m[33mERRCODE_MSOPTIMEOUT[0m
[1m[33mERRCODE_MSOPTIMEOUT[0m
[1m[33mERRCODE_MSOPTIMEOUT[0m
[1m[33mERRCODE_MSOPTIMEOUT[0m
[1m[33mERRCODE_MSOPTIMEOUT[0m
[1m[33mERRCODE_MSOPTIMEOUT[0m
[1m[33mERRCODE_MSOPTIMEOUT[0m
[1m[33mERRCODE_MSOPTIMEOUT[0m
[1m[33mERRCODE_MSOPTIMEOUT[0m
[1m[33mERRCODE_MSOPTIMEOUT[0m
[1m[33mERRCODE_MSOPTIMEOUT[0m
[1m[33mERRCODE_MSOPTIMEOUT[0m
[1m[33mERRCODE_MSOPTIMEOUT[0m
[1m[33mERRCODE_MSOPTIMEOUT[0m
[1m[33mERRCODE_MSOPTIMEOUT[0m
[1m[33mERRCODE_MSOPTIMEOUT[0m
[1m[33mERRCODE_MSOPTIMEOUT[0m
[1m[33mERRCODE_MSOPTIMEOUT[0m
[1m[33mERRCODE_MSOPTIMEOUT[0m
[1m[33mERRCODE_MSOPTIMEOUT[0m
[1m[33mERRCODE_MSOPTIMEOUT[0m
[1m[33mERRCODE_MSOPTIMEOUT[0m
[1m[33mERRCODE_MSOPTIMEOUT[0m
[1m[33mERRCODE_MSOPTIMEOUT[0m
[1m[33mERRCODE_MSOPTIMEOUT[0m
[1m[33mERRCODE_MSOPTIMEOUT[0m
[1m[33mERRCODE_MSOPTIMEOUT[0m
[1m[33mERRCODE_MSOPTIMEOUT[0m
[1m[33mERRCODE_MSOPTIMEOUT[0m
[1m[33mERRCODE_MSOPTIMEOUT[0m
[1m[33mERRCODE_MSOPTIMEOUT[0m
[1m[33mERRCODE_MSOPTIMEOUT[0m
[1m[33mERRCODE_MSOPTIMEOUT[0m
[1m[33mERRCODE_MSOPTIMEOUT[0m
[1m[33mERRCODE_MSOPTIMEOUT[0m
[1m[33mERRCODE_MSOPTIMEOUT[0m
[1m[33mERRCODE_MSOPTIMEOUT[0m
[1m[33mERRCODE_MSOPTIMEOUT[0m
[1m[33mERRCODE_MSOPTIMEOUT[0m
[1m[33mERRCODE_MSOPTIMEOUT[0m
[1m[33mERRCODE_MSOPTIMEOUT[0m
[1m[33mERRCODE_MSOPTIMEOUT[0m
[1m[33mERRCODE_MSOPTIMEOUT[0m
[1m[33mERRCODE_MSOPTIMEOUT[0m
[1m[33mERRCODE_MSOPTIMEOUT[0m
[1m[33mERRCODE_MSOPTIMEOUT[0m
[1m[33mERRCODE_MSOPTIMEOUT[0m
[1m[33mERRCODE_MSOPTIMEOUT[0m
[1m[33mERRCODE_MSOPTIMEOUT[0m
[1m[33mERRCODE_MSOPTIMEOUT[0m
[1m[33mERRCODE_MSOPTIMEOUT[0m
[1m[33mERRCODE_MSOPTIMEOUT[0m
[1m[33mERRCODE_MSOPTIMEOUT[0m
[1m[33mERRCODE_MSOPTIMEOUT[0m
[1m[33mERRCODE_MSOPTIMEOUT[0m
[1m[33mERRCODE_MSOPTIMEOUT[0m
[1m[33mERRCODE_MSOPTIMEOUT[0m
[1m[33mERRCODE_MSOPTIMEOUT[0m
[1m[33mERRCODE_MSOPTIMEOUT[0m
[1m[33mERRCODE_MSOPTIMEOUT[0m
[1m[33mERRCODE_MSOPTIMEOUT[0m
[1m[33mERRCODE_MSOPTIMEOUT[0m
[1m[33mERRCODE_MSOPTIMEOUT[0m
[1m[33mERRCODE_MSOPTIMEOUT[0m
[1m[33mERRCODE_MSOPTIMEOUT[0m
[1m[33mERRCODE_MSOPTIMEOUT[0m
[1m[33mERRCODE_MSOPTIMEOUT[0m
[1m[33mERRCODE_MSOPTIMEOUT[0m
[1m[33mERRCODE_MSOPTIMEOUT[0m
[1m[33mERRCODE_MSOPTIMEOUT[0m
[1m[33mERRCODE_MSOPTIMEOUT[0m
[1m[33mERRCODE_MSOPTIMEOUT[0m
[1m[33mERRCODE_MSOPTIMEOUT[0m
[1m[33mERRCODE_MSOPTIMEOUT[0m
[1m[33mERRCODE_MSOPTIMEOUT[0m
[1m[33mERRCODE_MSOPTIMEOUT[0m
[1m[33mERRCODE_MSOPTIMEOUT[0m
[1m[33mERRCODE_MSOPTIMEOUT[0m
[1m[33mERRCODE_MSOPTIMEOUT[0m
[1m[33mERRCODE_MSOPTIMEOUT[0m
[1m[33mERRCODE_MSOPTIMEOUT[0m
[1m[33mERRCODE_MSOPTIMEOUT[0m
[1m[33mERRCODE_MSOPTIMEOUT[0m
[1m[33mERRCODE_MSOPTIMEOUT[0m
[1m[33mERRCODE_MSOPTIMEOUT[0m
[1m[33mERRCODE_MSOPTIMEOUT[0m
[1m[33mERRCODE_MSOPTIMEOUT[0m
[1m[33mERRCODE_MSOPTIMEOUT[0m
[1m[33mERRCODE_MSOPTIMEOUT[0m
[1m[33mERRCODE_MSOPTIMEOUT[0m
[1m[33mERRCODE_MSOPTIMEOUT[0m
[1m[33mERRCODE_MSOPTIMEOUT[0m
[1m[33mERRCODE_MSOPTIMEOUT[0m
[1m[33mERRCODE_MSOPTIMEOUT[0m
[1m[33mERRCODE_MSOPTIMEOUT[0m
[1m[33mERRCODE_MSOPTIMEOUT[0m
[1m[33mERRCODE_MSOPTIMEOUT[0m
[1m[33mERRCODE_MSOPTIMEOUT[0m
[1m[33mERRCODE_MSOPTIMEOUT[0m
[1m[33mERRCODE_MSOPTIMEOUT[0m
[1m[33mERRCODE_MSOPTIMEOUT[0m
[1m[33mERRCODE_MSOPTIMEOUT[0m
[1m[33mERRCODE_MSOPTIMEOUT[0m
[1m[33mERRCODE_MSOPTIMEOUT[0m
[1m[33mERRCODE_MSOPTIMEOUT[0m
[1m[33mERRCODE_MSOPTIMEOUT[0m
[1m[33mERRCODE_MSOPTIMEOUT[0m
[1m[33mERRCODE_MSOPTIMEOUT[0m
[1m[33mERRCODE_MSOPTIMEOUT[0m
[1m[33mERRCODE_MSOPTIMEOUT[0m
[1m[33mERRCODE_MSOPTIMEOUT[0m
[1m[33mERRCODE_MSOPTIMEOUT[0m
[1m[33mERRCODE_MSOPTIMEOUT[0m
[1m[33mERRCODE_MSOPTIMEOUT[0m
[1m[33mERRCODE_MSOPTIMEOUT[0m
[1m[33mERRCODE_MSOPTIMEOUT[0m
[1m[33mERRCODE_MSOPTIMEOUT[0m
[1m[33mERRCODE_MSOPTIMEOUT[0m
[1m[33mERRCODE_MSOPTIMEOUT[0m
[1m[33mERRCODE_MSOPTIMEOUT[0m
[1m[33mERRCODE_MSOPTIMEOUT[0m
[1m[33mERRCODE_MSOPTIMEOUT[0m
[1m[33mERRCODE_MSOPTIMEOUT[0m
[1m[33mERRCODE_MSOPTIMEOUT[0m
[1m[33mERRCODE_MSOPTIMEOUT[0m
[1m[33mERRCODE_MSOPTIMEOUT[0m
[1m[33mERRCODE_MSOPTIMEOUT[0m
[1m[33mERRCODE_MSOPTIMEOUT[0m
[1m[33mERRCODE_MSOPTIMEOUT[0m
[1m[33mERRCODE_MSOPTIMEOUT[0m
[1m[33mERRCODE_MSOPTIMEOUT[0m
[1m[33mERRCODE_MSOPTIMEOUT[0m
[1m[33mERRCODE_MSOPTIMEOUT[0m
[1m[33mERRCODE_MSOPTIMEOUT[0m
[1m[33mERRCODE_MSOPTIMEOUT[0m
[1m[33mERRCODE_MSOPTIMEOUT[0m
[1m[33mERRCODE_MSOPTIMEOUT[0m
[1m[33mERRCODE_MSOPTIMEOUT[0m
[1m[33mERRCODE_MSOPTIMEOUT[0m
[1m[33mERRCODE_MSOPTIMEOUT[0m
[1m[33mERRCODE_MSOPTIMEOUT[0m
[1m[33mERRCODE_MSOPTIMEOUT[0m
[1m[33mERRCODE_MSOPTIMEOUT[0m
[1m[33mERRCODE_MSOPTIMEOUT[0m
[1m[33mERRCODE_MSOPTIMEOUT[0m
[1m[33mERRCODE_MSOPTIMEOUT[0m
[1m[33mERRCODE_MSOPTIMEOUT[0m
[1m[33mERRCODE_MSOPTIMEOUT[0m
[1m[33mERRCODE_MSOPTIMEOUT[0m
[1m[33mERRCODE_MSOPTIMEOUT[0m
[1m[33mERRCODE_MSOPTIMEOUT[0m
[1m[33mERRCODE_MSOPTIMEOUT[0m
[1m[33mERRCODE_MSOPTIMEOUT[0m
[1m[33mERRCODE_MSOPTIMEOUT[0m
[1m[33mERRCODE_MSOPTIMEOUT[0m
[1m[33mERRCODE_MSOPTIMEOUT[0m
[1m[33mERRCODE_MSOPTIMEOUT[0m
[1m[33mERRCODE_MSOPTIMEOUT[0m
[1m[33mERRCODE_MSOPTIMEOUT[0m
[1m[33mERRCODE_MSOPTIMEOUT[0m
[1m[33mERRCODE_MSOPTIMEOUT[0m
[1m[33mERRCODE_MSOPTIMEOUT[0m
[1m[33mERRCODE_MSOPTIMEOUT[0m
[1m[33mERRCODE_MSOPTIMEOUT[0m
[1m[33mERRCODE_MSOPTIMEOUT[0m
[1m[33mERRCODE_MSOPTIMEOUT[0m
[1m[33mERRCODE_MSOPTIMEOUT[0m
[1m[33mERRCODE_MSOPTIMEOUT[0m
[1m[33mERRCODE_MSOPTIMEOUT[0m
[1m[33mERRCODE_MSOPTIMEOUT[0m
[1m[33mERRCODE_MSOPTIMEOUT[0m
[1m[33mERRCODE_MSOPTIMEOUT[0m
[1m[33mERRCODE_MSOPTIMEOUT[0m
[1m[33mERRCODE_MSOPTIMEOUT[0m
[1m[33mERRCODE_MSOPTIMEOUT[0m
[1m[33mERRCODE_MSOPTIMEOUT[0m
[1m[33mERRCODE_MSOPTIMEOUT[0m
[1m[33mERRCODE_MSOPTIMEOUT[0m
[1m[33mERRCODE_MSOPTIMEOUT[0m
[1m[33mERRCODE_MSOPTIMEOUT[0m
[1m[33mERRCODE_MSOPTIMEOUT[0m
[1m[33mERRCODE_MSOPTIMEOUT[0m
[1m[33mERRCODE_MSOPTIMEOUT[0m
[1m[33mERRCODE_MSOPTIMEOUT[0m
[1m[33mERRCODE_MSOPTIMEOUT[0m
[1m[33mERRCODE_MSOPTIMEOUT[0m
[1m[33mERRCODE_MSOPTIMEOUT[0m
[1m[33mERRCODE_MSOPTIMEOUT[0m
[1m[33mERRCODE_MSOPTIMEOUT[0m
[1m[33mERRCODE_MSOPTIMEOUT[0m
[1m[33mERRCODE_MSOPTIMEOUT[0m
[1m[33mERRCODE_MSOPTIMEOUT[0m
[1m[33mERRCODE_MSOPTIMEOUT[0m
[1m[33mERRCODE_MSOPTIMEOUT[0m
[1m[33mERRCODE_MSOPTIMEOUT[0m
[1m[33mERRCODE_MSOPTIMEOUT[0m
[1m[33mERRCODE_MSOPTIMEOUT[0m
[1m[33mERRCODE_MSOPTIMEOUT[0m
[1m[33mERRCODE_MSOPTIMEOUT[0m
[1m[33mERRCODE_MSOPTIMEOUT[0m
[1m[33mERRCODE_MSOPTIMEOUT[0m
[1m[33mERRCODE_MSOPTIMEOUT[0m
[1m[33mERRCODE_MSOPTIMEOUT[0m
[1m[33mERRCODE_MSOPTIMEOUT[0m
[1m[33mERRCODE_MSOPTIMEOUT[0m
[1m[33mERRCODE_MSOPTIMEOUT[0m
[1m[33mERRCODE_MSOPTIMEOUT[0m
[1m[33mERRCODE_MSOPTIMEOUT[0m
[1m[33mERRCODE_MSOPTIMEOUT[0m
[1m[33mERRCODE_MSOPTIMEOUT[0m
[1m[33mERRCODE_MSOPTIMEOUT[0m
[1m[33mERRCODE_MSOPTIMEOUT[0m
[1m[33mERRCODE_MSOPTIMEOUT[0m
[1m[33mERRCODE_MSOPTIMEOUT[0m
[1m[33mERRCODE_MSOPTIMEOUT[0m
[1m[33mERRCODE_MSOPTIMEOUT[0m
[1m[33mERRCODE_MSOPTIMEOUT[0m
[1m[33mERRCODE_MSOPTIMEOUT[0m
[1m[33mERRCODE_MSOPTIMEOUT[0m
[1m[33mERRCODE_MSOPTIMEOUT[0m
[1m[33mERRCODE_MSOPTIMEOUT[0m
[1m[33mERRCODE_MSOPTIMEOUT[0m
[1m[33mERRCODE_MSOPTIMEOUT[0m
[1m[33mERRCODE_MSOPTIMEOUT[0m
[1m[33mERRCODE_MSOPTIMEOUT[0m
[1m[33mERRCODE_MSOPTIMEOUT[0m
[1m[33mERRCODE_MSOPTIMEOUT[0m
[1m[33mERRCODE_MSOPTIMEOUT[0m
[1m[33mERRCODE_MSOPTIMEOUT[0m
[1m[33mERRCODE_MSOPTIMEOUT[0m
[1m[33mERRCODE_MSOPTIMEOUT[0m
[1m[33mERRCODE_MSOPTIMEOUT[0m
[1m[33mERRCODE_MSOPTIMEOUT[0m
[1m[33mERRCODE_MSOPTIMEOUT[0m
[1m[33mERRCODE_MSOPTIMEOUT[0m
[1m[33mERRCODE_MSOPTIMEOUT[0m
[1m[33mERRCODE_MSOPTIMEOUT[0m
[1m[33mERRCODE_MSOPTIMEOUT[0m
[1m[33mERRCODE_MSOPTIMEOUT[0m
[1m[33mERRCODE_MSOPTIMEOUT[0m
[1m[33mERRCODE_MSOPTIMEOUT[0m
[1m[33mERRCODE_MSOPTIMEOUT[0m
[1m[33mERRCODE_MSOPTIMEOUT[0m
[1m[33mERRCODE_MSOPTIMEOUT[0m
[1m[33mERRCODE_MSOPTIMEOUT[0m
[1m[33mERRCODE_MSOPTIMEOUT[0m
[1m[33mERRCODE_MSOPTIMEOUT[0m
[1m[33mERRCODE_MSOPTIMEOUT[0m
[1m[33mERRCODE_MSOPTIMEOUT[0m
[1m[33mERRCODE_MSOPTIMEOUT[0m
[1m[33mERRCODE_MSOPTIMEOUT[0m
[1m[33mERRCODE_MSOPTIMEOUT[0m
[1m[33mERRCODE_MSOPTIMEOUT[0m
[1m[33mERRCODE_MSOPTIMEOUT[0m
[1m[33mERRCODE_MSOPTIMEOUT[0m
[1m[33mERRCODE_MSOPTIMEOUT[0m
[1m[33mERRCODE_MSOPTIMEOUT[0m
[1m[33mERRCODE_MSOPTIMEOUT[0m
[1m[33mERRCODE_MSOPTIMEOUT[0m
[1m[33mERRCODE_MSOPTIMEOUT[0m
[1m[33mERRCODE_MSOPTIMEOUT[0m
[1m[33mERRCODE_MSOPTIMEOUT[0m
[1m[33mERRCODE_MSOPTIMEOUT[0m
[1m[33mERRCODE_MSOPTIMEOUT[0m
[1m[33mERRCODE_MSOPTIMEOUT[0m
[1m[33mERRCODE_MSOPTIMEOUT[0m
[1m[33mERRCODE_MSOPTIMEOUT[0m
[1m[33mERRCODE_MSOPTIMEOUT[0m
[1m[33mERRCODE_MSOPTIMEOUT[0m
[1m[33mERRCODE_MSOPTIMEOUT[0m
[1m[33mERRCODE_MSOPTIMEOUT[0m
[1m[33mERRCODE_MSOPTIMEOUT[0m
[1m[33mERRCODE_MSOPTIMEOUT[0m
[1m[33mERRCODE_MSOPTIMEOUT[0m
[1m[33mERRCODE_MSOPTIMEOUT[0m
[1m[33mERRCODE_MSOPTIMEOUT[0m
[1m[33mERRCODE_MSOPTIMEOUT[0m
[1m[33mERRCODE_MSOPTIMEOUT[0m
[1m[33mERRCODE_MSOPTIMEOUT[0m
[1m[33mERRCODE_MSOPTIMEOUT[0m
[1m[33mERRCODE_MSOPTIMEOUT[0m
[1m[33mERRCODE_MSOPTIMEOUT[0m
[1m[33mERRCODE_MSOPTIMEOUT[0m
[1m[33mERRCODE_MSOPTIMEOUT[0m
[1m[33mERRCODE_MSOPTIMEOUT[0m
[1m[33mERRCODE_MSOPTIMEOUT[0m
[1m[33mERRCODE_MSOPTIMEOUT[0m
[1m[33mERRCODE_MSOPTIMEOUT[0m
[1m[33mERRCODE_MSOPTIMEOUT[0m
[1m[33mERRCODE_MSOPTIMEOUT[0m
[1m[33mERRCODE_MSOPTIMEOUT[0m
[1m[33mERRCODE_MSOPTIMEOUT[0m
[1m[33mERRCODE_MSOPTIMEOUT[0m
[1m[33mERRCODE_MSOPTIMEOUT[0m
[1m[33mERRCODE_MSOPTIMEOUT[0m
[1m[33mERRCODE_MSOPTIMEOUT[0m
[1m[33mERRCODE_MSOPTIMEOUT[0m
[1m[33mERRCODE_MSOPTIMEOUT[0m
[1m[33mERRCODE_MSOPTIMEOUT[0m
[1m[33mERRCODE_MSOPTIMEOUT[0m
[1m[33mERRCODE_MSOPTIMEOUT[0m
[1m[33mERRCODE_MSOPTIMEOUT[0m
[1m[33mERRCODE_MSOPTIMEOUT[0m
[1m[33mERRCODE_MSOPTIMEOUT[0m
[1m[33mERRCODE_MSOPTIMEOUT[0m
[1m[33mERRCODE_MSOPTIMEOUT[0m
[1m[33mERRCODE_MSOPTIMEOUT[0m
[1m[33mERRCODE_MSOPTIMEOUT[0m
[1m[33mERRCODE_MSOPTIMEOUT[0m
[1m[33mERRCODE_MSOPTIMEOUT[0m
[1m[33mERRCODE_MSOPTIMEOUT[0m
[1m[33mERRCODE_MSOPTIMEOUT[0m
[1m[33mERRCODE_MSOPTIMEOUT[0m
[1m[33mERRCODE_MSOPTIMEOUT[0m
[1m[33mERRCODE_MSOPTIMEOUT[0m
[1m[33mERRCODE_MSOPTIMEOUT[0m
[1m[33mERRCODE_MSOPTIMEOUT[0m
[1m[33mERRCODE_MSOPTIMEOUT[0m
[1m[33mERRCODE_MSOPTIMEOUT[0m
[1m[33mERRCODE_MSOPTIMEOUT[0m
[1m[33mERRCODE_MSOPTIMEOUT[0m
[1m[33mERRCODE_MSOPTIMEOUT[0m
[1m[33mERRCODE_MSOPTIMEOUT[0m
[1m[33mERRCODE_MSOPTIMEOUT[0m
[1m[33mERRCODE_MSOPTIMEOUT[0m
[1m[33mERRCODE_MSOPTIMEOUT[0m
[1m[33mERRCODE_MSOPTIMEOUT[0m
[1m[33mERRCODE_MSOPTIMEOUT[0m
[1m[33mERRCODE_MSOPTIMEOUT[0m
[1m[33mERRCODE_MSOPTIMEOUT[0m
[1m[33mERRCODE_MSOPTIMEOUT[0m
[1m[33mERRCODE_MSOPTIMEOUT[0m
[1m[33mERRCODE_MSOPTIMEOUT[0m
[1m[33mERRCODE_MSOPTIMEOUT[0m
[1m[33mERRCODE_MSOPTIMEOUT[0m
[1m[33mERRCODE_MSOPTIMEOUT[0m
[1m[33mERRCODE_MSOPTIMEOUT[0m
[1m[33mERRCODE_MSOPTIMEOUT[0m
[1m[33mERRCODE_MSOPTIMEOUT[0m
[1m[33mERRCODE_MSOPTIMEOUT[0m
[1m[33mERRCODE_MSOPTIMEOUT[0m
[1m[33mERRCODE_MSOPTIMEOUT[0m
[1m[33mERRCODE_MSOPTIMEOUT[0m
[1m[33mERRCODE_MSOPTIMEOUT[0m
[1m[33mERRCODE_MSOPTIMEOUT[0m
[1m[33mERRCODE_MSOPTIMEOUT[0m
[1m[33mERRCODE_MSOPTIMEOUT[0m
[1m[33mERRCODE_MSOPTIMEOUT[0m
[1m[33mERRCODE_MSOPTIMEOUT[0m
[1m[33mERRCODE_MSOPTIMEOUT[0m
[1m[33mERRCODE_MSOPTIMEOUT[0m
[1m[33mERRCODE_MSOPTIMEOUT[0m
[1m[33mERRCODE_MSOPTIMEOUT[0m
[1m[33mERRCODE_MSOPTIMEOUT[0m
[1m[33mERRCODE_MSOPTIMEOUT[0m
[1m[33mERRCODE_MSOPTIMEOUT[0m
[1m[33mERRCODE_MSOPTIMEOUT[0m
[1m[33mERRCODE_MSOPTIMEOUT[0m
[1m[33mERRCODE_MSOPTIMEOUT[0m
[1m[33mERRCODE_MSOPTIMEOUT[0m
[1m[33mERRCODE_MSOPTIMEOUT[0m
[1m[33mERRCODE_MSOPTIMEOUT[0m
[1m[33mERRCODE_MSOPTIMEOUT[0m
[1m[33mERRCODE_MSOPTIMEOUT[0m
[1m[33mERRCODE_MSOPTIMEOUT[0m
[1m[33mERRCODE_MSOPTIMEOUT[0m
[1m[33mERRCODE_MSOPTIMEOUT[0m
[1m[33mERRCODE_MSOPTIMEOUT[0m
[1m[33mERRCODE_MSOPTIMEOUT[0m
[1m[33mERRCODE_MSOPTIMEOUT[0m
[1m[33mERRCODE_MSOPTIMEOUT[0m
[1m[33mERRCODE_MSOPTIMEOUT[0m
[1m[33mERRCODE_MSOPTIMEOUT[0m
[1m[33mERRCODE_MSOPTIMEOUT[0m
[1m[33mERRCODE_MSOPTIMEOUT[0m
[1m[33mERRCODE_MSOPTIMEOUT[0m
[1m[33mERRCODE_MSOPTIMEOUT[0m
[1m[33mERRCODE_MSOPTIMEOUT[0m
[1m[33mERRCODE_MSOPTIMEOUT[0m
[1m[33mERRCODE_MSOPTIMEOUT[0m
[1m[33mERRCODE_MSOPTIMEOUT[0m
[1m[33mERRCODE_MSOPTIMEOUT[0m
[1m[33mERRCODE_MSOPTIMEOUT[0m
[1m[33mERRCODE_MSOPTIMEOUT[0m
[1m[33mERRCODE_MSOPTIMEOUT[0m
[1m[33mERRCODE_MSOPTIMEOUT[0m
[1m[33mERRCODE_MSOPTIMEOUT[0m
[1m[33mERRCODE_MSOPTIMEOUT[0m
[1m[33mERRCODE_MSOPTIMEOUT[0m
[1m[33mERRCODE_MSOPTIMEOUT[0m
[1m[33mERRCODE_MSOPTIMEOUT[0m
[1m[33mERRCODE_MSOPTIMEOUT[0m
[1m[33mERRCODE_MSOPTIMEOUT[0m
[1m[33mERRCODE_MSOPTIMEOUT[0m
[1m[33mERRCODE_MSOPTIMEOUT[0m
[1m[33mERRCODE_MSOPTIMEOUT[0m
[1m[33mERRCODE_MSOPTIMEOUT[0m
[1m[33mERRCODE_MSOPTIMEOUT[0m
[1m[33mERRCODE_MSOPTIMEOUT[0m
[1m[33mERRCODE_MSOPTIMEOUT[0m
[1m[33mERRCODE_MSOPTIMEOUT[0m
[1m[33mERRCODE_MSOPTIMEOUT[0m
[1m[33mERRCODE_MSOPTIMEOUT[0m
[1m[33mERRCODE_MSOPTIMEOUT[0m
[1m[33mERRCODE_MSOPTIMEOUT[0m
[1m[33mERRCODE_MSOPTIMEOUT[0m
[1m[33mERRCODE_MSOPTIMEOUT[0m
[1m[33mERRCODE_MSOPTIMEOUT[0m
[1m[33mERRCODE_MSOPTIMEOUT[0m
[1m[33mERRCODE_MSOPTIMEOUT[0m
[1m[33mERRCODE_MSOPTIMEOUT[0m
[1m[33mERRCODE_MSOPTIMEOUT[0m
[1m[33mERRCODE_MSOPTIMEOUT[0m
[1m[33mERRCODE_MSOPTIMEOUT[0m
[1m[33mERRCODE_MSOPTIMEOUT[0m
[1m[33mERRCODE_MSOPTIMEOUT[0m
[1m[33mERRCODE_MSOPTIMEOUT[0m
[1m[33mERRCODE_MSOPTIMEOUT[0m
[1m[33mERRCODE_MSOPTIMEOUT[0m
[1m[33mERRCODE_MSOPTIMEOUT[0m
[1m[33mERRCODE_MSOPTIMEOUT[0m
[1m[33mERRCODE_MSOPTIMEOUT[0m
[1m[33mERRCODE_MSOPTIMEOUT[0m
[1m[33mERRCODE_MSOPTIMEOUT[0m
[1m[33mERRCODE_MSOPTIMEOUT[0m
[1m[33mERRCODE_MSOPTIMEOUT[0m
[1m[33mERRCODE_MSOPTIMEOUT[0m
[1m[33mERRCODE_MSOPTIMEOUT[0m
[1m[33mERRCODE_MSOPTIMEOUT[0m
[1m[33mERRCODE_MSOPTIMEOUT[0m
[1m[33mERRCODE_MSOPTIMEOUT[0m
[1m[33mERRCODE_MSOPTIMEOUT[0m
[1m[33mERRCODE_MSOPTIMEOUT[0m
[1m[33mERRCODE_MSOPTIMEOUT[0m
[1m[33mERRCODE_MSOPTIMEOUT[0m
[1m[33mERRCODE_MSOPTIMEOUT[0m
[1m[33mERRCODE_MSOPTIMEOUT[0m
[1m[33mERRCODE_MSOPTIMEOUT[0m
[1m[33mERRCODE_MSOPTIMEOUT[0m
[1m[33mERRCODE_MSOPTIMEOUT[0m
[1m[33mERRCODE_MSOPTIMEOUT[0m
[1m[33mERRCODE_MSOPTIMEOUT[0m
[1m[33mERRCODE_MSOPTIMEOUT[0m
[1m[33mERRCODE_MSOPTIMEOUT[0m
[1m[33mERRCODE_MSOPTIMEOUT[0m
[1m[33mERRCODE_MSOPTIMEOUT[0m
[1m[33mERRCODE_MSOPTIMEOUT[0m
[1m[33mERRCODE_MSOPTIMEOUT[0m
[1m[33mERRCODE_MSOPTIMEOUT[0m
[1m[33mERRCODE_MSOPTIMEOUT[0m
[1m[33mERRCODE_MSOPTIMEOUT[0m
[1m[33mERRCODE_MSOPTIMEOUT[0m
[1m[33mERRCODE_MSOPTIMEOUT[0m
[1m[33mERRCODE_MSOPTIMEOUT[0m
[1m[33mERRCODE_MSOPTIMEOUT[0m
[1m[33mERRCODE_MSOPTIMEOUT[0m
[1m[37mmsg: 7397 point cloud size: 12192,ts:1963.0566693600[0m
[1m[37mmsg: 7398 point cloud size: 76992,ts:1757158702.5193881989[0m
[1m[37mmsg: 7399 point cloud size: 86400,ts:1757158702.6083254814[0m
[1m[37mmsg: 7400 point cloud size: 83040,ts:1757158702.7083315849[0m
[1m[37mmsg: 7401 point cloud size: 85920,ts:1757158702.8087925911[0m
[1m[37mmsg: 7402 point cloud size: 86400,ts:1757158702.9083163738[0m
[1m[37mmsg: 7403 point cloud size: 86400,ts:1757158703.0083115101[0m
[1m[37mmsg: 7404 point cloud size: 86400,ts:1757158703.1082794666[0m
[1m[37mmsg: 7405 point cloud size: 86400,ts:1757158703.2082674503[0m
[1m[37mmsg: 7406 point cloud size: 86400,ts:1757158703.3082585335[0m
[1m[37mmsg: 7407 point cloud size: 86400,ts:1757158703.4082493782[0m
[1m[37mmsg: 7408 point cloud size: 86400,ts:1757158703.5082285404[0m
[1m[37mmsg: 7409 point cloud size: 86400,ts:1757158703.6082165241[0m
[1m[37mmsg: 7410 point cloud size: 83040,ts:1757158703.7082085609[0m
[1m[37mmsg: 7411 point cloud size: 85920,ts:1757158703.8086984158[0m
[1m[37mmsg: 7412 point cloud size: 86400,ts:1757158703.9081745148[0m
[1m[37mmsg: 7413 point cloud size: 86400,ts:1757158704.0081534386[0m
[1m[37mmsg: 7414 point cloud size: 86400,ts:1757158704.1081395149[0m
[1m[37mmsg: 7415 point cloud size: 86400,ts:1757158704.2081325054[0m
[1m[37mmsg: 7416 point cloud size: 86400,ts:1757158704.3081245422[0m
[1m[37mmsg: 7417 point cloud size: 86400,ts:1757158704.4081194401[0m
[1m[37mmsg: 7418 point cloud size: 86400,ts:1757158704.5080995560[0m
[1m[37mmsg: 7419 point cloud size: 86400,ts:1757158704.6080734730[0m
[1m[37mmsg: 7420 point cloud size: 83040,ts:1757158704.7080783844[0m
[1m[37mmsg: 7421 point cloud size: 85920,ts:1757158704.8085703850[0m
[1m[37mmsg: 7422 point cloud size: 86400,ts:1757158704.9080474377[0m
[1m[37mmsg: 7423 point cloud size: 86400,ts:1757158705.0080285072[0m
[1m[37mmsg: 7424 point cloud size: 86400,ts:1757158705.1080415249[0m
[1m[37mmsg: 7425 point cloud size: 86400,ts:1757158705.2080194950[0m
[1m[37mmsg: 7426 point cloud size: 86400,ts:1757158705.3080005646[0m
[1m[37mmsg: 7427 point cloud size: 86400,ts:1757158705.4079825878[0m
[1m[37mmsg: 7428 point cloud size: 86400,ts:1757158705.5079925060[0m
[1m[37mmsg: 7429 point cloud size: 86400,ts:1757158705.6080055237[0m
[1m[37mmsg: 7430 point cloud size: 83040,ts:1757158705.7079885006[0m
[1m[37mmsg: 7431 point cloud size: 85920,ts:1757158705.8084464073[0m
[1m[37mmsg: 7432 point cloud size: 86400,ts:1757158705.9079575539[0m
[1m[37mmsg: 7433 point cloud size: 86400,ts:1757158706.0079333782[0m
[1m[37mmsg: 7434 point cloud size: 86400,ts:1757158706.1079075336[0m
[1m[37mmsg: 7435 point cloud size: 86400,ts:1757158706.2078945637[0m
[1m[37mmsg: 7436 point cloud size: 86400,ts:1757158706.3078784943[0m
[1m[37mmsg: 7437 point cloud size: 86400,ts:1757158706.4078574181[0m
[1m[37mmsg: 7438 point cloud size: 86400,ts:1757158706.5078604221[0m
[1m[37mmsg: 7439 point cloud size: 86400,ts:1757158706.6078584194[0m
[1m[37mmsg: 7440 point cloud size: 83040,ts:1757158706.7078454494[0m
[1m[37mmsg: 7441 point cloud size: 85920,ts:1757158706.8083174229[0m
[1m[37mmsg: 7442 point cloud size: 86400,ts:1757158706.9078273773[0m
[1m[33mERRCODE_MSOPTIMEOUT[0m
[1m[33mERRCODE_MSOPTIMEOUT[0m
[1m[33mERRCODE_MSOPTIMEOUT[0m
[1m[33mERRCODE_MSOPTIMEOUT[0m
[1m[33mERRCODE_MSOPTIMEOUT[0m
[1m[33mERRCODE_MSOPTIMEOUT[0m
[1m[33mERRCODE_MSOPTIMEOUT[0m
[1m[33mERRCODE_MSOPTIMEOUT[0m
[1m[33mERRCODE_MSOPTIMEOUT[0m
[1m[33mERRCODE_MSOPTIMEOUT[0m
[1m[33mERRCODE_MSOPTIMEOUT[0m
[1m[33mERRCODE_MSOPTIMEOUT[0m
[1m[33mERRCODE_MSOPTIMEOUT[0m
[1m[33mERRCODE_MSOPTIMEOUT[0m
[1m[33mERRCODE_MSOPTIMEOUT[0m
[1m[33mERRCODE_MSOPTIMEOUT[0m
[1m[33mERRCODE_MSOPTIMEOUT[0m
[1m[33mERRCODE_MSOPTIMEOUT[0m
[1m[33mERRCODE_MSOPTIMEOUT[0m
[1m[33mERRCODE_MSOPTIMEOUT[0m
[1m[33mERRCODE_MSOPTIMEOUT[0m
[1m[33mERRCODE_MSOPTIMEOUT[0m
[1m[33mERRCODE_MSOPTIMEOUT[0m
[1m[33mERRCODE_MSOPTIMEOUT[0m
[1m[33mERRCODE_MSOPTIMEOUT[0m
[1m[33mERRCODE_MSOPTIMEOUT[0m
[1m[33mERRCODE_MSOPTIMEOUT[0m
[1m[33mERRCODE_MSOPTIMEOUT[0m
[1m[33mERRCODE_MSOPTIMEOUT[0m
[1m[33mERRCODE_MSOPTIMEOUT[0m
[1m[33mERRCODE_MSOPTIMEOUT[0m
[1m[33mERRCODE_MSOPTIMEOUT[0m
[1m[33mERRCODE_MSOPTIMEOUT[0m
[1m[33mERRCODE_MSOPTIMEOUT[0m
[1m[33mERRCODE_MSOPTIMEOUT[0m
[1m[33mERRCODE_MSOPTIMEOUT[0m
[1m[33mERRCODE_MSOPTIMEOUT[0m
[1m[33mERRCODE_MSOPTIMEOUT[0m
[1m[33mERRCODE_MSOPTIMEOUT[0m
[1m[33mERRCODE_MSOPTIMEOUT[0m
[1m[33mERRCODE_MSOPTIMEOUT[0m
[1m[33mERRCODE_MSOPTIMEOUT[0m
[1m[33mERRCODE_MSOPTIMEOUT[0m
[1m[33mERRCODE_MSOPTIMEOUT[0m
[1m[33mERRCODE_MSOPTIMEOUT[0m
[1m[33mERRCODE_MSOPTIMEOUT[0m
[1m[33mERRCODE_MSOPTIMEOUT[0m
[1m[33mERRCODE_MSOPTIMEOUT[0m
[1m[33mERRCODE_MSOPTIMEOUT[0m
[1m[33mERRCODE_MSOPTIMEOUT[0m
[1m[33mERRCODE_MSOPTIMEOUT[0m
[1m[33mERRCODE_MSOPTIMEOUT[0m
[1m[33mERRCODE_MSOPTIMEOUT[0m
[1m[33mERRCODE_MSOPTIMEOUT[0m
[1m[33mERRCODE_MSOPTIMEOUT[0m
[1m[33mERRCODE_MSOPTIMEOUT[0m
[1m[33mERRCODE_MSOPTIMEOUT[0m
[1m[33mERRCODE_MSOPTIMEOUT[0m
[1m[33mERRCODE_MSOPTIMEOUT[0m
[1m[33mERRCODE_MSOPTIMEOUT[0m
[1m[33mERRCODE_MSOPTIMEOUT[0m
[1m[33mERRCODE_MSOPTIMEOUT[0m
[1m[33mERRCODE_MSOPTIMEOUT[0m
[1m[33mERRCODE_MSOPTIMEOUT[0m
[1m[33mERRCODE_MSOPTIMEOUT[0m
[1m[33mERRCODE_MSOPTIMEOUT[0m
[1m[33mERRCODE_MSOPTIMEOUT[0m
[1m[33mERRCODE_MSOPTIMEOUT[0m
[1m[33mERRCODE_MSOPTIMEOUT[0m
[1m[33mERRCODE_MSOPTIMEOUT[0m
[1m[33mERRCODE_MSOPTIMEOUT[0m
[1m[33mERRCODE_MSOPTIMEOUT[0m
[1m[33mERRCODE_MSOPTIMEOUT[0m
[1m[33mERRCODE_MSOPTIMEOUT[0m
[1m[33mERRCODE_MSOPTIMEOUT[0m
[1m[33mERRCODE_MSOPTIMEOUT[0m
[1m[33mERRCODE_MSOPTIMEOUT[0m
[1m[33mERRCODE_MSOPTIMEOUT[0m
[1m[33mERRCODE_MSOPTIMEOUT[0m
[1m[33mERRCODE_MSOPTIMEOUT[0m
[1m[33mERRCODE_MSOPTIMEOUT[0m
[1m[33mERRCODE_MSOPTIMEOUT[0m
[1m[33mERRCODE_MSOPTIMEOUT[0m
[1m[33mERRCODE_MSOPTIMEOUT[0m
[1m[33mERRCODE_MSOPTIMEOUT[0m
[1m[33mERRCODE_MSOPTIMEOUT[0m
[1m[33mERRCODE_MSOPTIMEOUT[0m
[1m[33mERRCODE_MSOPTIMEOUT[0m
[1m[33mERRCODE_MSOPTIMEOUT[0m
[1m[33mERRCODE_MSOPTIMEOUT[0m
[1m[33mERRCODE_MSOPTIMEOUT[0m
[1m[33mERRCODE_MSOPTIMEOUT[0m
[1m[33mERRCODE_MSOPTIMEOUT[0m
[1m[33mERRCODE_MSOPTIMEOUT[0m
[1m[33mERRCODE_MSOPTIMEOUT[0m
[1m[33mERRCODE_MSOPTIMEOUT[0m
[1m[33mERRCODE_MSOPTIMEOUT[0m
[1m[33mERRCODE_MSOPTIMEOUT[0m
[1m[33mERRCODE_MSOPTIMEOUT[0m
[1m[33mERRCODE_MSOPTIMEOUT[0m
[1m[33mERRCODE_MSOPTIMEOUT[0m
[1m[33mERRCODE_MSOPTIMEOUT[0m
[1m[33mERRCODE_MSOPTIMEOUT[0m
[1m[33mERRCODE_MSOPTIMEOUT[0m
[1m[33mERRCODE_MSOPTIMEOUT[0m
[1m[33mERRCODE_MSOPTIMEOUT[0m
[1m[33mERRCODE_MSOPTIMEOUT[0m
[1m[33mERRCODE_MSOPTIMEOUT[0m
[1m[33mERRCODE_MSOPTIMEOUT[0m
[1m[33mERRCODE_MSOPTIMEOUT[0m
[1m[33mERRCODE_MSOPTIMEOUT[0m
[1m[33mERRCODE_MSOPTIMEOUT[0m
[1m[33mERRCODE_MSOPTIMEOUT[0m
[1m[33mERRCODE_MSOPTIMEOUT[0m
[1m[33mERRCODE_MSOPTIMEOUT[0m
[1m[33mERRCODE_MSOPTIMEOUT[0m
[1m[33mERRCODE_MSOPTIMEOUT[0m
[1m[33mERRCODE_MSOPTIMEOUT[0m
[1m[33mERRCODE_MSOPTIMEOUT[0m
[1m[33mERRCODE_MSOPTIMEOUT[0m
[1m[33mERRCODE_MSOPTIMEOUT[0m
[1m[33mERRCODE_MSOPTIMEOUT[0m
[1m[33mERRCODE_MSOPTIMEOUT[0m
[1m[33mERRCODE_MSOPTIMEOUT[0m
[1m[33mERRCODE_MSOPTIMEOUT[0m
[1m[33mERRCODE_MSOPTIMEOUT[0m
[1m[33mERRCODE_MSOPTIMEOUT[0m
[1m[33mERRCODE_MSOPTIMEOUT[0m
[1m[33mERRCODE_MSOPTIMEOUT[0m
[1m[33mERRCODE_MSOPTIMEOUT[0m
[1m[33mERRCODE_MSOPTIMEOUT[0m
[1m[33mERRCODE_MSOPTIMEOUT[0m
[1m[33mERRCODE_MSOPTIMEOUT[0m
[1m[33mERRCODE_MSOPTIMEOUT[0m
[1m[33mERRCODE_MSOPTIMEOUT[0m
[1m[33mERRCODE_MSOPTIMEOUT[0m
[1m[33mERRCODE_MSOPTIMEOUT[0m
[1m[33mERRCODE_MSOPTIMEOUT[0m
[1m[33mERRCODE_MSOPTIMEOUT[0m
[1m[33mERRCODE_MSOPTIMEOUT[0m
[1m[33mERRCODE_MSOPTIMEOUT[0m
[1m[33mERRCODE_MSOPTIMEOUT[0m
[1m[33mERRCODE_MSOPTIMEOUT[0m
[1m[33mERRCODE_MSOPTIMEOUT[0m
[1m[33mERRCODE_MSOPTIMEOUT[0m
[1m[33mERRCODE_MSOPTIMEOUT[0m
[1m[33mERRCODE_MSOPTIMEOUT[0m
[1m[33mERRCODE_MSOPTIMEOUT[0m
[1m[33mERRCODE_MSOPTIMEOUT[0m
[1m[33mERRCODE_MSOPTIMEOUT[0m
[1m[33mERRCODE_MSOPTIMEOUT[0m
[1m[33mERRCODE_MSOPTIMEOUT[0m
[1m[33mERRCODE_MSOPTIMEOUT[0m
[1m[33mERRCODE_MSOPTIMEOUT[0m
[1m[33mERRCODE_MSOPTIMEOUT[0m
[1m[33mERRCODE_MSOPTIMEOUT[0m
[1m[33mERRCODE_MSOPTIMEOUT[0m
[1m[33mERRCODE_MSOPTIMEOUT[0m
[1m[33mERRCODE_MSOPTIMEOUT[0m
[1m[33mERRCODE_MSOPTIMEOUT[0m
[1m[33mERRCODE_MSOPTIMEOUT[0m
[1m[33mERRCODE_MSOPTIMEOUT[0m
[1m[33mERRCODE_MSOPTIMEOUT[0m
[1m[33mERRCODE_MSOPTIMEOUT[0m
[1m[33mERRCODE_MSOPTIMEOUT[0m
[1m[33mERRCODE_MSOPTIMEOUT[0m
[1m[33mERRCODE_MSOPTIMEOUT[0m
[1m[33mERRCODE_MSOPTIMEOUT[0m
[1m[33mERRCODE_MSOPTIMEOUT[0m
[1m[33mERRCODE_MSOPTIMEOUT[0m
[1m[33mERRCODE_MSOPTIMEOUT[0m
[1m[33mERRCODE_MSOPTIMEOUT[0m
[1m[33mERRCODE_MSOPTIMEOUT[0m
[1m[33mERRCODE_MSOPTIMEOUT[0m
[1m[33mERRCODE_MSOPTIMEOUT[0m
[1m[33mERRCODE_MSOPTIMEOUT[0m
[1m[33mERRCODE_MSOPTIMEOUT[0m
[1m[33mERRCODE_MSOPTIMEOUT[0m
[1m[33mERRCODE_MSOPTIMEOUT[0m
[1m[33mERRCODE_MSOPTIMEOUT[0m
[1m[33mERRCODE_MSOPTIMEOUT[0m
[1m[33mERRCODE_MSOPTIMEOUT[0m
[1m[33mERRCODE_MSOPTIMEOUT[0m
[1m[33mERRCODE_MSOPTIMEOUT[0m
[1m[33mERRCODE_MSOPTIMEOUT[0m
[1m[33mERRCODE_MSOPTIMEOUT[0m
[1m[33mERRCODE_MSOPTIMEOUT[0m
[1m[33mERRCODE_MSOPTIMEOUT[0m
[1m[33mERRCODE_MSOPTIMEOUT[0m
[1m[33mERRCODE_MSOPTIMEOUT[0m
[1m[33mERRCODE_MSOPTIMEOUT[0m
[1m[33mERRCODE_MSOPTIMEOUT[0m
[1m[33mERRCODE_MSOPTIMEOUT[0m
[1m[33mERRCODE_MSOPTIMEOUT[0m
[1m[33mERRCODE_MSOPTIMEOUT[0m
[1m[33mERRCODE_MSOPTIMEOUT[0m
[1m[33mERRCODE_MSOPTIMEOUT[0m
[1m[33mERRCODE_MSOPTIMEOUT[0m
[1m[33mERRCODE_MSOPTIMEOUT[0m
[1m[33mERRCODE_MSOPTIMEOUT[0m
[1m[33mERRCODE_MSOPTIMEOUT[0m
[1m[33mERRCODE_MSOPTIMEOUT[0m
[1m[33mERRCODE_MSOPTIMEOUT[0m
[1m[33mERRCODE_MSOPTIMEOUT[0m
[1m[33mERRCODE_MSOPTIMEOUT[0m
[1m[33mERRCODE_MSOPTIMEOUT[0m
[1m[33mERRCODE_MSOPTIMEOUT[0m
[1m[33mERRCODE_MSOPTIMEOUT[0m
[1m[33mERRCODE_MSOPTIMEOUT[0m
[1m[33mERRCODE_MSOPTIMEOUT[0m
[1m[33mERRCODE_MSOPTIMEOUT[0m
[1m[33mERRCODE_MSOPTIMEOUT[0m
[1m[33mERRCODE_MSOPTIMEOUT[0m
[1m[33mERRCODE_MSOPTIMEOUT[0m
[1m[33mERRCODE_MSOPTIMEOUT[0m
[1m[33mERRCODE_MSOPTIMEOUT[0m
[1m[33mERRCODE_MSOPTIMEOUT[0m
[1m[33mERRCODE_MSOPTIMEOUT[0m
[1m[33mERRCODE_MSOPTIMEOUT[0m
[1m[33mERRCODE_MSOPTIMEOUT[0m
[1m[33mERRCODE_MSOPTIMEOUT[0m
[1m[33mERRCODE_MSOPTIMEOUT[0m
[1m[33mERRCODE_MSOPTIMEOUT[0m
[1m[33mERRCODE_MSOPTIMEOUT[0m
[1m[33mERRCODE_MSOPTIMEOUT[0m
[1m[33mERRCODE_MSOPTIMEOUT[0m
[1m[33mERRCODE_MSOPTIMEOUT[0m
[1m[33mERRCODE_MSOPTIMEOUT[0m
[1m[33mERRCODE_MSOPTIMEOUT[0m
[1m[33mERRCODE_MSOPTIMEOUT[0m
[1m[33mERRCODE_MSOPTIMEOUT[0m
[1m[33mERRCODE_MSOPTIMEOUT[0m
[1m[33mERRCODE_MSOPTIMEOUT[0m
[1m[33mERRCODE_MSOPTIMEOUT[0m
[1m[33mERRCODE_MSOPTIMEOUT[0m
[1m[33mERRCODE_MSOPTIMEOUT[0m
[1m[33mERRCODE_MSOPTIMEOUT[0m
[1m[33mERRCODE_MSOPTIMEOUT[0m
[1m[33mERRCODE_MSOPTIMEOUT[0m
[1m[33mERRCODE_MSOPTIMEOUT[0m
[1m[33mERRCODE_MSOPTIMEOUT[0m
[1m[33mERRCODE_MSOPTIMEOUT[0m
[1m[33mERRCODE_MSOPTIMEOUT[0m
[1m[33mERRCODE_MSOPTIMEOUT[0m
[1m[33mERRCODE_MSOPTIMEOUT[0m
[1m[33mERRCODE_MSOPTIMEOUT[0m
[1m[33mERRCODE_MSOPTIMEOUT[0m
[1m[33mERRCODE_MSOPTIMEOUT[0m
[1m[33mERRCODE_MSOPTIMEOUT[0m
[1m[33mERRCODE_MSOPTIMEOUT[0m
[1m[33mERRCODE_MSOPTIMEOUT[0m
[1m[33mERRCODE_MSOPTIMEOUT[0m
[1m[33mERRCODE_MSOPTIMEOUT[0m
[1m[33mERRCODE_MSOPTIMEOUT[0m
[1m[33mERRCODE_MSOPTIMEOUT[0m
[1m[33mERRCODE_MSOPTIMEOUT[0m
[1m[33mERRCODE_MSOPTIMEOUT[0m
[1m[33mERRCODE_MSOPTIMEOUT[0m
[1m[33mERRCODE_MSOPTIMEOUT[0m
[1m[33mERRCODE_MSOPTIMEOUT[0m
[1m[33mERRCODE_MSOPTIMEOUT[0m
[1m[33mERRCODE_MSOPTIMEOUT[0m
[1m[33mERRCODE_MSOPTIMEOUT[0m
[1m[33mERRCODE_MSOPTIMEOUT[0m
[1m[33mERRCODE_MSOPTIMEOUT[0m
[1m[33mERRCODE_MSOPTIMEOUT[0m
[1m[33mERRCODE_MSOPTIMEOUT[0m
[1m[33mERRCODE_MSOPTIMEOUT[0m
[1m[33mERRCODE_MSOPTIMEOUT[0m
[1m[33mERRCODE_MSOPTIMEOUT[0m
[1m[33mERRCODE_MSOPTIMEOUT[0m
[1m[33mERRCODE_MSOPTIMEOUT[0m
[1m[33mERRCODE_MSOPTIMEOUT[0m
[1m[33mERRCODE_MSOPTIMEOUT[0m
[1m[33mERRCODE_MSOPTIMEOUT[0m
[1m[33mERRCODE_MSOPTIMEOUT[0m
[1m[33mERRCODE_MSOPTIMEOUT[0m
[1m[33mERRCODE_MSOPTIMEOUT[0m
[1m[33mERRCODE_MSOPTIMEOUT[0m
[1m[33mERRCODE_MSOPTIMEOUT[0m
[1m[33mERRCODE_MSOPTIMEOUT[0m
[1m[33mERRCODE_MSOPTIMEOUT[0m
[1m[33mERRCODE_MSOPTIMEOUT[0m
[1m[33mERRCODE_MSOPTIMEOUT[0m
[1m[33mERRCODE_MSOPTIMEOUT[0m
[1m[33mERRCODE_MSOPTIMEOUT[0m
[1m[33mERRCODE_MSOPTIMEOUT[0m
[1m[33mERRCODE_MSOPTIMEOUT[0m
[1m[33mERRCODE_MSOPTIMEOUT[0m
[1m[33mERRCODE_MSOPTIMEOUT[0m
[1m[33mERRCODE_MSOPTIMEOUT[0m
[1m[33mERRCODE_MSOPTIMEOUT[0m
[1m[33mERRCODE_MSOPTIMEOUT[0m
[1m[33mERRCODE_MSOPTIMEOUT[0m
[1m[33mERRCODE_MSOPTIMEOUT[0m
[1m[33mERRCODE_MSOPTIMEOUT[0m
[1m[33mERRCODE_MSOPTIMEOUT[0m
[1m[33mERRCODE_MSOPTIMEOUT[0m
[1m[33mERRCODE_MSOPTIMEOUT[0m
[1m[33mERRCODE_MSOPTIMEOUT[0m
[1m[33mERRCODE_MSOPTIMEOUT[0m
[1m[33mERRCODE_MSOPTIMEOUT[0m
[1m[33mERRCODE_MSOPTIMEOUT[0m
[1m[33mERRCODE_MSOPTIMEOUT[0m
[1m[33mERRCODE_MSOPTIMEOUT[0m
[1m[33mERRCODE_MSOPTIMEOUT[0m
[1m[33mERRCODE_MSOPTIMEOUT[0m
[1m[33mERRCODE_MSOPTIMEOUT[0m
[1m[33mERRCODE_MSOPTIMEOUT[0m
[1m[33mERRCODE_MSOPTIMEOUT[0m
[1m[33mERRCODE_MSOPTIMEOUT[0m
[1m[33mERRCODE_MSOPTIMEOUT[0m
[1m[33mERRCODE_MSOPTIMEOUT[0m
[1m[33mERRCODE_MSOPTIMEOUT[0m
[1m[33mERRCODE_MSOPTIMEOUT[0m
[1m[33mERRCODE_MSOPTIMEOUT[0m
[1m[33mERRCODE_MSOPTIMEOUT[0m
[1m[33mERRCODE_MSOPTIMEOUT[0m
[1m[33mERRCODE_MSOPTIMEOUT[0m
[1m[33mERRCODE_MSOPTIMEOUT[0m
[1m[33mERRCODE_MSOPTIMEOUT[0m
[1m[33mERRCODE_MSOPTIMEOUT[0m
[1m[33mERRCODE_MSOPTIMEOUT[0m
[1m[33mERRCODE_MSOPTIMEOUT[0m
[1m[33mERRCODE_MSOPTIMEOUT[0m
[1m[33mERRCODE_MSOPTIMEOUT[0m
[1m[33mERRCODE_MSOPTIMEOUT[0m
[1m[33mERRCODE_MSOPTIMEOUT[0m
[1m[33mERRCODE_MSOPTIMEOUT[0m
[1m[33mERRCODE_MSOPTIMEOUT[0m
[1m[33mERRCODE_MSOPTIMEOUT[0m
[1m[33mERRCODE_MSOPTIMEOUT[0m
[1m[33mERRCODE_MSOPTIMEOUT[0m
[1m[33mERRCODE_MSOPTIMEOUT[0m
[1m[33mERRCODE_MSOPTIMEOUT[0m
[1m[33mERRCODE_MSOPTIMEOUT[0m
[1m[33mERRCODE_MSOPTIMEOUT[0m
[1m[33mERRCODE_MSOPTIMEOUT[0m
[1m[33mERRCODE_MSOPTIMEOUT[0m
[1m[33mERRCODE_MSOPTIMEOUT[0m
[1m[33mERRCODE_MSOPTIMEOUT[0m
[1m[33mERRCODE_MSOPTIMEOUT[0m
[1m[33mERRCODE_MSOPTIMEOUT[0m
[1m[33mERRCODE_MSOPTIMEOUT[0m
[1m[33mERRCODE_MSOPTIMEOUT[0m
[1m[33mERRCODE_MSOPTIMEOUT[0m
[1m[33mERRCODE_MSOPTIMEOUT[0m
[1m[33mERRCODE_MSOPTIMEOUT[0m
[1m[33mERRCODE_MSOPTIMEOUT[0m
[1m[33mERRCODE_MSOPTIMEOUT[0m
[1m[33mERRCODE_MSOPTIMEOUT[0m
[1m[33mERRCODE_MSOPTIMEOUT[0m
[1m[33mERRCODE_MSOPTIMEOUT[0m
[1m[33mERRCODE_MSOPTIMEOUT[0m
[1m[33mERRCODE_MSOPTIMEOUT[0m
[1m[33mERRCODE_MSOPTIMEOUT[0m
[1m[33mERRCODE_MSOPTIMEOUT[0m
[1m[33mERRCODE_MSOPTIMEOUT[0m
[1m[33mERRCODE_MSOPTIMEOUT[0m
[1m[33mERRCODE_MSOPTIMEOUT[0m
[1m[33mERRCODE_MSOPTIMEOUT[0m
[1m[33mERRCODE_MSOPTIMEOUT[0m
[1m[33mERRCODE_MSOPTIMEOUT[0m
[1m[33mERRCODE_MSOPTIMEOUT[0m
[1m[33mERRCODE_MSOPTIMEOUT[0m
[1m[33mERRCODE_MSOPTIMEOUT[0m
[1m[33mERRCODE_MSOPTIMEOUT[0m
[1m[33mERRCODE_MSOPTIMEOUT[0m
[1m[33mERRCODE_MSOPTIMEOUT[0m
[1m[33mERRCODE_MSOPTIMEOUT[0m
[1m[33mERRCODE_MSOPTIMEOUT[0m
[1m[33mERRCODE_MSOPTIMEOUT[0m
[1m[33mERRCODE_MSOPTIMEOUT[0m
[1m[33mERRCODE_MSOPTIMEOUT[0m
[1m[33mERRCODE_MSOPTIMEOUT[0m
[1m[33mERRCODE_MSOPTIMEOUT[0m
[1m[33mERRCODE_MSOPTIMEOUT[0m
[1m[33mERRCODE_MSOPTIMEOUT[0m
[1m[33mERRCODE_MSOPTIMEOUT[0m
[1m[33mERRCODE_MSOPTIMEOUT[0m
[1m[33mERRCODE_MSOPTIMEOUT[0m
[1m[33mERRCODE_MSOPTIMEOUT[0m
[1m[33mERRCODE_MSOPTIMEOUT[0m
[1m[33mERRCODE_MSOPTIMEOUT[0m
[1m[33mERRCODE_MSOPTIMEOUT[0m
[1m[33mERRCODE_MSOPTIMEOUT[0m
[1m[33mERRCODE_MSOPTIMEOUT[0m
[1m[33mERRCODE_MSOPTIMEOUT[0m
[1m[33mERRCODE_MSOPTIMEOUT[0m
[1m[33mERRCODE_MSOPTIMEOUT[0m
[1m[33mERRCODE_MSOPTIMEOUT[0m
[1m[33mERRCODE_MSOPTIMEOUT[0m
[1m[33mERRCODE_MSOPTIMEOUT[0m
[1m[33mERRCODE_MSOPTIMEOUT[0m
[1m[33mERRCODE_MSOPTIMEOUT[0m
[1m[33mERRCODE_MSOPTIMEOUT[0m
[1m[33mERRCODE_MSOPTIMEOUT[0m
[1m[33mERRCODE_MSOPTIMEOUT[0m
[1m[33mERRCODE_MSOPTIMEOUT[0m
[1m[33mERRCODE_MSOPTIMEOUT[0m
[1m[33mERRCODE_MSOPTIMEOUT[0m
[1m[33mERRCODE_MSOPTIMEOUT[0m
[1m[33mERRCODE_MSOPTIMEOUT[0m
[1m[33mERRCODE_MSOPTIMEOUT[0m
[1m[33mERRCODE_MSOPTIMEOUT[0m
[1m[33mERRCODE_MSOPTIMEOUT[0m
[1m[33mERRCODE_MSOPTIMEOUT[0m
[1m[33mERRCODE_MSOPTIMEOUT[0m
[1m[33mERRCODE_MSOPTIMEOUT[0m
[1m[33mERRCODE_MSOPTIMEOUT[0m
[1m[33mERRCODE_MSOPTIMEOUT[0m
[1m[33mERRCODE_MSOPTIMEOUT[0m
[1m[33mERRCODE_MSOPTIMEOUT[0m
[1m[33mERRCODE_MSOPTIMEOUT[0m
[1m[33mERRCODE_MSOPTIMEOUT[0m
[1m[33mERRCODE_MSOPTIMEOUT[0m
[1m[33mERRCODE_MSOPTIMEOUT[0m
[1m[33mERRCODE_MSOPTIMEOUT[0m
[1m[33mERRCODE_MSOPTIMEOUT[0m
[1m[33mERRCODE_MSOPTIMEOUT[0m
[1m[33mERRCODE_MSOPTIMEOUT[0m
[1m[33mERRCODE_MSOPTIMEOUT[0m
[1m[33mERRCODE_MSOPTIMEOUT[0m
[1m[33mERRCODE_MSOPTIMEOUT[0m
[1m[33mERRCODE_MSOPTIMEOUT[0m
[1m[33mERRCODE_MSOPTIMEOUT[0m
[1m[33mERRCODE_MSOPTIMEOUT[0m
[1m[33mERRCODE_MSOPTIMEOUT[0m
[1m[33mERRCODE_MSOPTIMEOUT[0m
[1m[33mERRCODE_MSOPTIMEOUT[0m
[1m[33mERRCODE_MSOPTIMEOUT[0m
[1m[33mERRCODE_MSOPTIMEOUT[0m
[1m[33mERRCODE_MSOPTIMEOUT[0m
[1m[33mERRCODE_MSOPTIMEOUT[0m
[1m[33mERRCODE_MSOPTIMEOUT[0m
[1m[33mERRCODE_MSOPTIMEOUT[0m
[1m[33mERRCODE_MSOPTIMEOUT[0m
[1m[33mERRCODE_MSOPTIMEOUT[0m
[1m[33mERRCODE_MSOPTIMEOUT[0m
[1m[33mERRCODE_MSOPTIMEOUT[0m
[1m[33mERRCODE_MSOPTIMEOUT[0m
[1m[33mERRCODE_MSOPTIMEOUT[0m
[1m[33mERRCODE_MSOPTIMEOUT[0m
[1m[33mERRCODE_MSOPTIMEOUT[0m
[1m[33mERRCODE_MSOPTIMEOUT[0m
[1m[33mERRCODE_MSOPTIMEOUT[0m
[1m[33mERRCODE_MSOPTIMEOUT[0m
[1m[33mERRCODE_MSOPTIMEOUT[0m
[1m[33mERRCODE_MSOPTIMEOUT[0m
[1m[33mERRCODE_MSOPTIMEOUT[0m
[1m[33mERRCODE_MSOPTIMEOUT[0m
[1m[33mERRCODE_MSOPTIMEOUT[0m
[1m[33mERRCODE_MSOPTIMEOUT[0m
[1m[33mERRCODE_MSOPTIMEOUT[0m
[1m[33mERRCODE_MSOPTIMEOUT[0m
[1m[33mERRCODE_MSOPTIMEOUT[0m
[1m[33mERRCODE_MSOPTIMEOUT[0m
[1m[33mERRCODE_MSOPTIMEOUT[0m
[1m[33mERRCODE_MSOPTIMEOUT[0m
[1m[33mERRCODE_MSOPTIMEOUT[0m
[1m[33mERRCODE_MSOPTIMEOUT[0m
[1m[33mERRCODE_MSOPTIMEOUT[0m
[1m[33mERRCODE_MSOPTIMEOUT[0m
[1m[33mERRCODE_MSOPTIMEOUT[0m
[1m[33mERRCODE_MSOPTIMEOUT[0m
[1m[33mERRCODE_MSOPTIMEOUT[0m
[1m[33mERRCODE_MSOPTIMEOUT[0m
[1m[33mERRCODE_MSOPTIMEOUT[0m
[1m[33mERRCODE_MSOPTIMEOUT[0m
[1m[33mERRCODE_MSOPTIMEOUT[0m
[1m[33mERRCODE_MSOPTIMEOUT[0m
[1m[33mERRCODE_MSOPTIMEOUT[0m
[1m[33mERRCODE_MSOPTIMEOUT[0m
[1m[33mERRCODE_MSOPTIMEOUT[0m
[1m[33mERRCODE_MSOPTIMEOUT[0m
[1m[33mERRCODE_MSOPTIMEOUT[0m
[1m[33mERRCODE_MSOPTIMEOUT[0m
[1m[33mERRCODE_MSOPTIMEOUT[0m
[1m[33mERRCODE_MSOPTIMEOUT[0m
[1m[33mERRCODE_MSOPTIMEOUT[0m
[1m[33mERRCODE_MSOPTIMEOUT[0m
[1m[33mERRCODE_MSOPTIMEOUT[0m
[1m[33mERRCODE_MSOPTIMEOUT[0m
[1m[33mERRCODE_MSOPTIMEOUT[0m
[1m[33mERRCODE_MSOPTIMEOUT[0m
[1m[33mERRCODE_MSOPTIMEOUT[0m
[1m[33mERRCODE_MSOPTIMEOUT[0m
[1m[33mERRCODE_MSOPTIMEOUT[0m
[1m[33mERRCODE_MSOPTIMEOUT[0m
[1m[33mERRCODE_MSOPTIMEOUT[0m
[1m[33mERRCODE_MSOPTIMEOUT[0m
[1m[33mERRCODE_MSOPTIMEOUT[0m
[1m[33mERRCODE_MSOPTIMEOUT[0m
[1m[33mERRCODE_MSOPTIMEOUT[0m
[1m[33mERRCODE_MSOPTIMEOUT[0m
[1m[33mERRCODE_MSOPTIMEOUT[0m
[1m[33mERRCODE_MSOPTIMEOUT[0m
[1m[33mERRCODE_MSOPTIMEOUT[0m
[1m[33mERRCODE_MSOPTIMEOUT[0m
[1m[33mERRCODE_MSOPTIMEOUT[0m
[1m[33mERRCODE_MSOPTIMEOUT[0m
[1m[33mERRCODE_MSOPTIMEOUT[0m
[1m[33mERRCODE_MSOPTIMEOUT[0m
[1m[33mERRCODE_MSOPTIMEOUT[0m
[1m[33mERRCODE_MSOPTIMEOUT[0m
[1m[33mERRCODE_MSOPTIMEOUT[0m
[1m[33mERRCODE_MSOPTIMEOUT[0m
[1m[33mERRCODE_MSOPTIMEOUT[0m
[1m[33mERRCODE_MSOPTIMEOUT[0m
[1m[33mERRCODE_MSOPTIMEOUT[0m
[1m[33mERRCODE_MSOPTIMEOUT[0m
[1m[33mERRCODE_MSOPTIMEOUT[0m
[1m[33mERRCODE_MSOPTIMEOUT[0m
[1m[33mERRCODE_MSOPTIMEOUT[0m
[1m[33mERRCODE_MSOPTIMEOUT[0m
[1m[33mERRCODE_MSOPTIMEOUT[0m
[1m[33mERRCODE_MSOPTIMEOUT[0m
[1m[33mERRCODE_MSOPTIMEOUT[0m
[1m[33mERRCODE_MSOPTIMEOUT[0m
[1m[33mERRCODE_MSOPTIMEOUT[0m
[1m[33mERRCODE_MSOPTIMEOUT[0m
[1m[33mERRCODE_MSOPTIMEOUT[0m
[1m[33mERRCODE_MSOPTIMEOUT[0m
[1m[33mERRCODE_MSOPTIMEOUT[0m
[1m[33mERRCODE_MSOPTIMEOUT[0m
[1m[33mERRCODE_MSOPTIMEOUT[0m
[1m[33mERRCODE_MSOPTIMEOUT[0m
[1m[33mERRCODE_MSOPTIMEOUT[0m
[1m[33mERRCODE_MSOPTIMEOUT[0m
[1m[33mERRCODE_MSOPTIMEOUT[0m
[1m[33mERRCODE_MSOPTIMEOUT[0m
[1m[33mERRCODE_MSOPTIMEOUT[0m
[1m[33mERRCODE_MSOPTIMEOUT[0m
[1m[33mERRCODE_MSOPTIMEOUT[0m
[1m[33mERRCODE_MSOPTIMEOUT[0m
[1m[33mERRCODE_MSOPTIMEOUT[0m
[1m[33mERRCODE_MSOPTIMEOUT[0m
[1m[33mERRCODE_MSOPTIMEOUT[0m
[1m[33mERRCODE_MSOPTIMEOUT[0m
[1m[33mERRCODE_MSOPTIMEOUT[0m
[1m[33mERRCODE_MSOPTIMEOUT[0m
[1m[33mERRCODE_MSOPTIMEOUT[0m
[1m[33mERRCODE_MSOPTIMEOUT[0m
[1m[33mERRCODE_MSOPTIMEOUT[0m
[1m[33mERRCODE_MSOPTIMEOUT[0m
[1m[33mERRCODE_MSOPTIMEOUT[0m
[1m[33mERRCODE_MSOPTIMEOUT[0m
[1m[33mERRCODE_MSOPTIMEOUT[0m
[1m[33mERRCODE_MSOPTIMEOUT[0m
[1m[33mERRCODE_MSOPTIMEOUT[0m
[1m[33mERRCODE_MSOPTIMEOUT[0m
[1m[33mERRCODE_MSOPTIMEOUT[0m
[1m[33mERRCODE_MSOPTIMEOUT[0m
[1m[33mERRCODE_MSOPTIMEOUT[0m
[1m[33mERRCODE_MSOPTIMEOUT[0m
[1m[33mERRCODE_MSOPTIMEOUT[0m
[1m[33mERRCODE_MSOPTIMEOUT[0m
[1m[33mERRCODE_MSOPTIMEOUT[0m
[1m[33mERRCODE_MSOPTIMEOUT[0m
[1m[33mERRCODE_MSOPTIMEOUT[0m
[1m[33mERRCODE_MSOPTIMEOUT[0m
[1m[33mERRCODE_MSOPTIMEOUT[0m
[1m[33mERRCODE_MSOPTIMEOUT[0m
[1m[33mERRCODE_MSOPTIMEOUT[0m
[1m[33mERRCODE_MSOPTIMEOUT[0m
[1m[33mERRCODE_MSOPTIMEOUT[0m
[1m[33mERRCODE_MSOPTIMEOUT[0m
[1m[33mERRCODE_MSOPTIMEOUT[0m
[1m[33mERRCODE_MSOPTIMEOUT[0m
[1m[33mERRCODE_MSOPTIMEOUT[0m
[1m[33mERRCODE_MSOPTIMEOUT[0m
[1m[33mERRCODE_MSOPTIMEOUT[0m
[1m[33mERRCODE_MSOPTIMEOUT[0m
[1m[33mERRCODE_MSOPTIMEOUT[0m
[1m[33mERRCODE_MSOPTIMEOUT[0m
[1m[33mERRCODE_MSOPTIMEOUT[0m
[1m[33mERRCODE_MSOPTIMEOUT[0m
[1m[33mERRCODE_MSOPTIMEOUT[0m
[1m[33mERRCODE_MSOPTIMEOUT[0m
[1m[33mERRCODE_MSOPTIMEOUT[0m
[1m[33mERRCODE_MSOPTIMEOUT[0m
[1m[33mERRCODE_MSOPTIMEOUT[0m
[1m[33mERRCODE_MSOPTIMEOUT[0m
[1m[33mERRCODE_MSOPTIMEOUT[0m
[1m[33mERRCODE_MSOPTIMEOUT[0m
[1m[33mERRCODE_MSOPTIMEOUT[0m
[1m[33mERRCODE_MSOPTIMEOUT[0m
[1m[33mERRCODE_MSOPTIMEOUT[0m
[1m[33mERRCODE_MSOPTIMEOUT[0m
[1m[33mERRCODE_MSOPTIMEOUT[0m
[1m[33mERRCODE_MSOPTIMEOUT[0m
[1m[33mERRCODE_MSOPTIMEOUT[0m
[1m[33mERRCODE_MSOPTIMEOUT[0m
[1m[33mERRCODE_MSOPTIMEOUT[0m
[1m[33mERRCODE_MSOPTIMEOUT[0m
[1m[33mERRCODE_MSOPTIMEOUT[0m
[1m[33mERRCODE_MSOPTIMEOUT[0m
[1m[33mERRCODE_MSOPTIMEOUT[0m
[1m[33mERRCODE_MSOPTIMEOUT[0m
[1m[33mERRCODE_MSOPTIMEOUT[0m
[1m[33mERRCODE_MSOPTIMEOUT[0m
[1m[33mERRCODE_MSOPTIMEOUT[0m
[1m[33mERRCODE_MSOPTIMEOUT[0m
[1m[33mERRCODE_MSOPTIMEOUT[0m
[1m[33mERRCODE_MSOPTIMEOUT[0m
[1m[33mERRCODE_MSOPTIMEOUT[0m
[1m[33mERRCODE_MSOPTIMEOUT[0m
[1m[33mERRCODE_MSOPTIMEOUT[0m
[1m[33mERRCODE_MSOPTIMEOUT[0m
[1m[33mERRCODE_MSOPTIMEOUT[0m
[1m[33mERRCODE_MSOPTIMEOUT[0m
[1m[33mERRCODE_MSOPTIMEOUT[0m
[1m[33mERRCODE_MSOPTIMEOUT[0m
[1m[33mERRCODE_MSOPTIMEOUT[0m
[1m[33mERRCODE_MSOPTIMEOUT[0m
[1m[33mERRCODE_MSOPTIMEOUT[0m
[1m[33mERRCODE_MSOPTIMEOUT[0m
[1m[33mERRCODE_MSOPTIMEOUT[0m
[1m[33mERRCODE_MSOPTIMEOUT[0m
[1m[33mERRCODE_MSOPTIMEOUT[0m
[1m[33mERRCODE_MSOPTIMEOUT[0m
[1m[33mERRCODE_MSOPTIMEOUT[0m
[1m[33mERRCODE_MSOPTIMEOUT[0m
[1m[33mERRCODE_MSOPTIMEOUT[0m
[1m[33mERRCODE_MSOPTIMEOUT[0m
[1m[33mERRCODE_MSOPTIMEOUT[0m
[1m[33mERRCODE_MSOPTIMEOUT[0m
[1m[33mERRCODE_MSOPTIMEOUT[0m
[1m[33mERRCODE_MSOPTIMEOUT[0m
[1m[33mERRCODE_MSOPTIMEOUT[0m
[1m[33mERRCODE_MSOPTIMEOUT[0m
[1m[33mERRCODE_MSOPTIMEOUT[0m
[1m[33mERRCODE_MSOPTIMEOUT[0m
[1m[33mERRCODE_MSOPTIMEOUT[0m
[1m[33mERRCODE_MSOPTIMEOUT[0m
[1m[33mERRCODE_MSOPTIMEOUT[0m
[1m[33mERRCODE_MSOPTIMEOUT[0m
[1m[33mERRCODE_MSOPTIMEOUT[0m
[1m[33mERRCODE_MSOPTIMEOUT[0m
[1m[33mERRCODE_MSOPTIMEOUT[0m
[1m[33mERRCODE_MSOPTIMEOUT[0m
[1m[33mERRCODE_MSOPTIMEOUT[0m
[1m[33mERRCODE_MSOPTIMEOUT[0m
[1m[33mERRCODE_MSOPTIMEOUT[0m
[1m[33mERRCODE_MSOPTIMEOUT[0m
[1m[33mERRCODE_MSOPTIMEOUT[0m
[1m[33mERRCODE_MSOPTIMEOUT[0m
[1m[33mERRCODE_MSOPTIMEOUT[0m
[1m[33mERRCODE_MSOPTIMEOUT[0m
[1m[33mERRCODE_MSOPTIMEOUT[0m
[1m[33mERRCODE_MSOPTIMEOUT[0m
[1m[33mERRCODE_MSOPTIMEOUT[0m
[1m[33mERRCODE_MSOPTIMEOUT[0m
[1m[33mERRCODE_MSOPTIMEOUT[0m
[1m[33mERRCODE_MSOPTIMEOUT[0m
[1m[33mERRCODE_MSOPTIMEOUT[0m
[1m[33mERRCODE_MSOPTIMEOUT[0m
[1m[33mERRCODE_MSOPTIMEOUT[0m
[1m[33mERRCODE_MSOPTIMEOUT[0m
[1m[33mERRCODE_MSOPTIMEOUT[0m
[1m[33mERRCODE_MSOPTIMEOUT[0m
[1m[33mERRCODE_MSOPTIMEOUT[0m
[1m[33mERRCODE_MSOPTIMEOUT[0m
[1m[33mERRCODE_MSOPTIMEOUT[0m
[1m[33mERRCODE_MSOPTIMEOUT[0m
[1m[33mERRCODE_MSOPTIMEOUT[0m
[1m[33mERRCODE_MSOPTIMEOUT[0m
[1m[33mERRCODE_MSOPTIMEOUT[0m
[1m[33mERRCODE_MSOPTIMEOUT[0m
[1m[33mERRCODE_MSOPTIMEOUT[0m
[1m[33mERRCODE_MSOPTIMEOUT[0m
[1m[33mERRCODE_MSOPTIMEOUT[0m
[1m[33mERRCODE_MSOPTIMEOUT[0m
[1m[33mERRCODE_MSOPTIMEOUT[0m
[1m[33mERRCODE_MSOPTIMEOUT[0m
[1m[33mERRCODE_MSOPTIMEOUT[0m
[1m[33mERRCODE_MSOPTIMEOUT[0m
[1m[33mERRCODE_MSOPTIMEOUT[0m
[1m[33mERRCODE_MSOPTIMEOUT[0m
[1m[33mERRCODE_MSOPTIMEOUT[0m
[1m[33mERRCODE_MSOPTIMEOUT[0m
[1m[33mERRCODE_MSOPTIMEOUT[0m
[1m[33mERRCODE_MSOPTIMEOUT[0m
[1m[33mERRCODE_MSOPTIMEOUT[0m
[1m[33mERRCODE_MSOPTIMEOUT[0m
[1m[33mERRCODE_MSOPTIMEOUT[0m
[1m[33mERRCODE_MSOPTIMEOUT[0m
[1m[33mERRCODE_MSOPTIMEOUT[0m
[1m[33mERRCODE_MSOPTIMEOUT[0m
[1m[33mERRCODE_MSOPTIMEOUT[0m
[1m[33mERRCODE_MSOPTIMEOUT[0m
[1m[33mERRCODE_MSOPTIMEOUT[0m
[1m[33mERRCODE_MSOPTIMEOUT[0m
[1m[33mERRCODE_MSOPTIMEOUT[0m
[1m[33mERRCODE_MSOPTIMEOUT[0m
[1m[33mERRCODE_MSOPTIMEOUT[0m
[1m[33mERRCODE_MSOPTIMEOUT[0m
[1m[33mERRCODE_MSOPTIMEOUT[0m
[1m[33mERRCODE_MSOPTIMEOUT[0m
[1m[33mERRCODE_MSOPTIMEOUT[0m
[1m[33mERRCODE_MSOPTIMEOUT[0m
[1m[33mERRCODE_MSOPTIMEOUT[0m
[1m[33mERRCODE_MSOPTIMEOUT[0m
[1m[33mERRCODE_MSOPTIMEOUT[0m
[1m[33mERRCODE_MSOPTIMEOUT[0m
[1m[33mERRCODE_MSOPTIMEOUT[0m
[1m[33mERRCODE_MSOPTIMEOUT[0m
[1m[33mERRCODE_MSOPTIMEOUT[0m
[1m[33mERRCODE_MSOPTIMEOUT[0m
[1m[33mERRCODE_MSOPTIMEOUT[0m
[1m[33mERRCODE_MSOPTIMEOUT[0m
[1m[33mERRCODE_MSOPTIMEOUT[0m
[1m[33mERRCODE_MSOPTIMEOUT[0m
[1m[33mERRCODE_MSOPTIMEOUT[0m
[1m[33mERRCODE_MSOPTIMEOUT[0m
[1m[33mERRCODE_MSOPTIMEOUT[0m
[1m[33mERRCODE_MSOPTIMEOUT[0m
[1m[33mERRCODE_MSOPTIMEOUT[0m
[1m[33mERRCODE_MSOPTIMEOUT[0m
[1m[33mERRCODE_MSOPTIMEOUT[0m
[1m[33mERRCODE_MSOPTIMEOUT[0m
[1m[33mERRCODE_MSOPTIMEOUT[0m
[1m[33mERRCODE_MSOPTIMEOUT[0m
[1m[33mERRCODE_MSOPTIMEOUT[0m
[1m[33mERRCODE_MSOPTIMEOUT[0m
[1m[33mERRCODE_MSOPTIMEOUT[0m
[1m[33mERRCODE_MSOPTIMEOUT[0m
[1m[33mERRCODE_MSOPTIMEOUT[0m
[1m[33mERRCODE_MSOPTIMEOUT[0m
[1m[33mERRCODE_MSOPTIMEOUT[0m
[1m[33mERRCODE_MSOPTIMEOUT[0m
[1m[33mERRCODE_MSOPTIMEOUT[0m
[1m[33mERRCODE_MSOPTIMEOUT[0m
[1m[33mERRCODE_MSOPTIMEOUT[0m
[1m[33mERRCODE_MSOPTIMEOUT[0m
[1m[33mERRCODE_MSOPTIMEOUT[0m
[1m[33mERRCODE_MSOPTIMEOUT[0m
[1m[33mERRCODE_MSOPTIMEOUT[0m
[1m[33mERRCODE_MSOPTIMEOUT[0m
[1m[33mERRCODE_MSOPTIMEOUT[0m
[1m[33mERRCODE_MSOPTIMEOUT[0m
[1m[33mERRCODE_MSOPTIMEOUT[0m
[1m[33mERRCODE_MSOPTIMEOUT[0m
[1m[33mERRCODE_MSOPTIMEOUT[0m
[1m[33mERRCODE_MSOPTIMEOUT[0m
[1m[33mERRCODE_MSOPTIMEOUT[0m
[1m[33mERRCODE_MSOPTIMEOUT[0m
[1m[33mERRCODE_MSOPTIMEOUT[0m
[1m[33mERRCODE_MSOPTIMEOUT[0m
[1m[33mERRCODE_MSOPTIMEOUT[0m
[1m[33mERRCODE_MSOPTIMEOUT[0m
[1m[33mERRCODE_MSOPTIMEOUT[0m
[1m[33mERRCODE_MSOPTIMEOUT[0m
[1m[33mERRCODE_MSOPTIMEOUT[0m
[1m[33mERRCODE_MSOPTIMEOUT[0m
[1m[33mERRCODE_MSOPTIMEOUT[0m
[1m[33mERRCODE_MSOPTIMEOUT[0m
[1m[33mERRCODE_MSOPTIMEOUT[0m
[1m[33mERRCODE_MSOPTIMEOUT[0m
[1m[33mERRCODE_MSOPTIMEOUT[0m
[1m[33mERRCODE_MSOPTIMEOUT[0m
[1m[33mERRCODE_MSOPTIMEOUT[0m
[1m[33mERRCODE_MSOPTIMEOUT[0m
[1m[33mERRCODE_MSOPTIMEOUT[0m
[1m[33mERRCODE_MSOPTIMEOUT[0m
[1m[33mERRCODE_MSOPTIMEOUT[0m
[1m[33mERRCODE_MSOPTIMEOUT[0m
[1m[33mERRCODE_MSOPTIMEOUT[0m
[1m[33mERRCODE_MSOPTIMEOUT[0m
[1m[33mERRCODE_MSOPTIMEOUT[0m
[1m[33mERRCODE_MSOPTIMEOUT[0m
[1m[33mERRCODE_MSOPTIMEOUT[0m
[1m[33mERRCODE_MSOPTIMEOUT[0m
[1m[33mERRCODE_MSOPTIMEOUT[0m
[1m[33mERRCODE_MSOPTIMEOUT[0m
[1m[33mERRCODE_MSOPTIMEOUT[0m
[1m[33mERRCODE_MSOPTIMEOUT[0m
[1m[33mERRCODE_MSOPTIMEOUT[0m
[1m[33mERRCODE_MSOPTIMEOUT[0m
[1m[33mERRCODE_MSOPTIMEOUT[0m
[1m[33mERRCODE_MSOPTIMEOUT[0m
[1m[33mERRCODE_MSOPTIMEOUT[0m
[1m[33mERRCODE_MSOPTIMEOUT[0m
[1m[33mERRCODE_MSOPTIMEOUT[0m
[1m[33mERRCODE_MSOPTIMEOUT[0m
[1m[33mERRCODE_MSOPTIMEOUT[0m
[1m[33mERRCODE_MSOPTIMEOUT[0m
[1m[33mERRCODE_MSOPTIMEOUT[0m
[1m[33mERRCODE_MSOPTIMEOUT[0m
[1m[33mERRCODE_MSOPTIMEOUT[0m
[1m[33mERRCODE_MSOPTIMEOUT[0m
[1m[33mERRCODE_MSOPTIMEOUT[0m
[1m[33mERRCODE_MSOPTIMEOUT[0m
[1m[33mERRCODE_MSOPTIMEOUT[0m
[1m[33mERRCODE_MSOPTIMEOUT[0m
[1m[33mERRCODE_MSOPTIMEOUT[0m
[1m[33mERRCODE_MSOPTIMEOUT[0m
[1m[33mERRCODE_MSOPTIMEOUT[0m
[1m[33mERRCODE_MSOPTIMEOUT[0m
[1m[33mERRCODE_MSOPTIMEOUT[0m
[1m[33mERRCODE_MSOPTIMEOUT[0m
[1m[33mERRCODE_MSOPTIMEOUT[0m
[1m[33mERRCODE_MSOPTIMEOUT[0m
[1m[33mERRCODE_MSOPTIMEOUT[0m
[1m[33mERRCODE_MSOPTIMEOUT[0m
[1m[33mERRCODE_MSOPTIMEOUT[0m
[1m[33mERRCODE_MSOPTIMEOUT[0m
[1m[33mERRCODE_MSOPTIMEOUT[0m
[1m[33mERRCODE_MSOPTIMEOUT[0m
[1m[33mERRCODE_MSOPTIMEOUT[0m
[1m[33mERRCODE_MSOPTIMEOUT[0m
[1m[33mERRCODE_MSOPTIMEOUT[0m
[1m[33mERRCODE_MSOPTIMEOUT[0m
[1m[33mERRCODE_MSOPTIMEOUT[0m
[1m[33mERRCODE_MSOPTIMEOUT[0m
[1m[33mERRCODE_MSOPTIMEOUT[0m
[1m[33mERRCODE_MSOPTIMEOUT[0m
[1m[33mERRCODE_MSOPTIMEOUT[0m
[1m[33mERRCODE_MSOPTIMEOUT[0m
[1m[33mERRCODE_MSOPTIMEOUT[0m
[1m[33mERRCODE_MSOPTIMEOUT[0m
[1m[33mERRCODE_MSOPTIMEOUT[0m
[1m[33mERRCODE_MSOPTIMEOUT[0m
[1m[33mERRCODE_MSOPTIMEOUT[0m
[1m[33mERRCODE_MSOPTIMEOUT[0m
[1m[33mERRCODE_MSOPTIMEOUT[0m
[1m[33mERRCODE_MSOPTIMEOUT[0m
[1m[33mERRCODE_MSOPTIMEOUT[0m
[1m[33mERRCODE_MSOPTIMEOUT[0m
[1m[33mERRCODE_MSOPTIMEOUT[0m
[1m[33mERRCODE_MSOPTIMEOUT[0m
[1m[33mERRCODE_MSOPTIMEOUT[0m
[1m[33mERRCODE_MSOPTIMEOUT[0m
[1m[33mERRCODE_MSOPTIMEOUT[0m
[1m[33mERRCODE_MSOPTIMEOUT[0m
[1m[33mERRCODE_MSOPTIMEOUT[0m
[1m[33mERRCODE_MSOPTIMEOUT[0m
[1m[33mERRCODE_MSOPTIMEOUT[0m
[1m[33mERRCODE_MSOPTIMEOUT[0m
[1m[33mERRCODE_MSOPTIMEOUT[0m
[1m[33mERRCODE_MSOPTIMEOUT[0m
[1m[33mERRCODE_MSOPTIMEOUT[0m
[1m[33mERRCODE_MSOPTIMEOUT[0m
[1m[33mERRCODE_MSOPTIMEOUT[0m
[1m[33mERRCODE_MSOPTIMEOUT[0m
[1m[33mERRCODE_MSOPTIMEOUT[0m
[1m[33mERRCODE_MSOPTIMEOUT[0m
[1m[33mERRCODE_MSOPTIMEOUT[0m
[1m[33mERRCODE_MSOPTIMEOUT[0m
[1m[33mERRCODE_MSOPTIMEOUT[0m
[1m[33mERRCODE_MSOPTIMEOUT[0m
[1m[33mERRCODE_MSOPTIMEOUT[0m
[1m[33mERRCODE_MSOPTIMEOUT[0m
[1m[33mERRCODE_MSOPTIMEOUT[0m
[1m[33mERRCODE_MSOPTIMEOUT[0m
[1m[33mERRCODE_MSOPTIMEOUT[0m
[1m[33mERRCODE_MSOPTIMEOUT[0m
[1m[33mERRCODE_MSOPTIMEOUT[0m
[1m[33mERRCODE_MSOPTIMEOUT[0m
[1m[33mERRCODE_MSOPTIMEOUT[0m
[1m[33mERRCODE_MSOPTIMEOUT[0m
[1m[33mERRCODE_MSOPTIMEOUT[0m
[1m[33mERRCODE_MSOPTIMEOUT[0m
[1m[33mERRCODE_MSOPTIMEOUT[0m
[1m[33mERRCODE_MSOPTIMEOUT[0m
[1m[33mERRCODE_MSOPTIMEOUT[0m
[1m[33mERRCODE_MSOPTIMEOUT[0m
[1m[33mERRCODE_MSOPTIMEOUT[0m
[1m[33mERRCODE_MSOPTIMEOUT[0m
[1m[33mERRCODE_MSOPTIMEOUT[0m
[1m[33mERRCODE_MSOPTIMEOUT[0m
[1m[33mERRCODE_MSOPTIMEOUT[0m
[1m[33mERRCODE_MSOPTIMEOUT[0m
[1m[33mERRCODE_MSOPTIMEOUT[0m
[1m[33mERRCODE_MSOPTIMEOUT[0m
[1m[33mERRCODE_MSOPTIMEOUT[0m
[1m[33mERRCODE_MSOPTIMEOUT[0m
[1m[33mERRCODE_MSOPTIMEOUT[0m
[1m[33mERRCODE_MSOPTIMEOUT[0m
[1m[33mERRCODE_MSOPTIMEOUT[0m
[1m[33mERRCODE_MSOPTIMEOUT[0m
[1m[33mERRCODE_MSOPTIMEOUT[0m
[1m[33mERRCODE_MSOPTIMEOUT[0m
[1m[33mERRCODE_MSOPTIMEOUT[0m
[1m[33mERRCODE_MSOPTIMEOUT[0m
[1m[33mERRCODE_MSOPTIMEOUT[0m
[1m[33mERRCODE_MSOPTIMEOUT[0m
[1m[33mERRCODE_MSOPTIMEOUT[0m
[1m[33mERRCODE_MSOPTIMEOUT[0m
[1m[33mERRCODE_MSOPTIMEOUT[0m
[1m[33mERRCODE_MSOPTIMEOUT[0m
[1m[33mERRCODE_MSOPTIMEOUT[0m
[1m[33mERRCODE_MSOPTIMEOUT[0m
[1m[33mERRCODE_MSOPTIMEOUT[0m
[1m[33mERRCODE_MSOPTIMEOUT[0m
[1m[33mERRCODE_MSOPTIMEOUT[0m
[1m[33mERRCODE_MSOPTIMEOUT[0m
[1m[33mERRCODE_MSOPTIMEOUT[0m
[1m[33mERRCODE_MSOPTIMEOUT[0m
[1m[33mERRCODE_MSOPTIMEOUT[0m
[1m[33mERRCODE_MSOPTIMEOUT[0m
[1m[33mERRCODE_MSOPTIMEOUT[0m
[1m[33mERRCODE_MSOPTIMEOUT[0m
[1m[33mERRCODE_MSOPTIMEOUT[0m
[1m[33mERRCODE_MSOPTIMEOUT[0m
[1m[33mERRCODE_MSOPTIMEOUT[0m
[1m[33mERRCODE_MSOPTIMEOUT[0m
[1m[33mERRCODE_MSOPTIMEOUT[0m
[1m[33mERRCODE_MSOPTIMEOUT[0m
[1m[33mERRCODE_MSOPTIMEOUT[0m
[1m[33mERRCODE_MSOPTIMEOUT[0m
[1m[33mERRCODE_MSOPTIMEOUT[0m
[1m[33mERRCODE_MSOPTIMEOUT[0m
[1m[33mERRCODE_MSOPTIMEOUT[0m
[1m[33mERRCODE_MSOPTIMEOUT[0m
[1m[33mERRCODE_MSOPTIMEOUT[0m
[1m[33mERRCODE_MSOPTIMEOUT[0m
[1m[33mERRCODE_MSOPTIMEOUT[0m
[1m[33mERRCODE_MSOPTIMEOUT[0m
[1m[33mERRCODE_MSOPTIMEOUT[0m
[1m[33mERRCODE_MSOPTIMEOUT[0m
[1m[33mERRCODE_MSOPTIMEOUT[0m
[1m[33mERRCODE_MSOPTIMEOUT[0m
[1m[33mERRCODE_MSOPTIMEOUT[0m
[1m[33mERRCODE_MSOPTIMEOUT[0m
[1m[33mERRCODE_MSOPTIMEOUT[0m
[1m[33mERRCODE_MSOPTIMEOUT[0m
[1m[33mERRCODE_MSOPTIMEOUT[0m
[1m[33mERRCODE_MSOPTIMEOUT[0m
[1m[33mERRCODE_MSOPTIMEOUT[0m
[1m[33mERRCODE_MSOPTIMEOUT[0m
[1m[33mERRCODE_MSOPTIMEOUT[0m
[1m[33mERRCODE_MSOPTIMEOUT[0m
[1m[33mERRCODE_MSOPTIMEOUT[0m
[1m[33mERRCODE_MSOPTIMEOUT[0m
[1m[33mERRCODE_MSOPTIMEOUT[0m
[1m[33mERRCODE_MSOPTIMEOUT[0m
[1m[33mERRCODE_MSOPTIMEOUT[0m
[1m[33mERRCODE_MSOPTIMEOUT[0m
[1m[33mERRCODE_MSOPTIMEOUT[0m
[1m[33mERRCODE_MSOPTIMEOUT[0m
[1m[33mERRCODE_MSOPTIMEOUT[0m
[1m[33mERRCODE_MSOPTIMEOUT[0m
[1m[33mERRCODE_MSOPTIMEOUT[0m
[1m[33mERRCODE_MSOPTIMEOUT[0m
[1m[33mERRCODE_MSOPTIMEOUT[0m
[1m[33mERRCODE_MSOPTIMEOUT[0m
[1m[33mERRCODE_MSOPTIMEOUT[0m
[1m[33mERRCODE_MSOPTIMEOUT[0m
[1m[33mERRCODE_MSOPTIMEOUT[0m
[1m[33mERRCODE_MSOPTIMEOUT[0m
[1m[33mERRCODE_MSOPTIMEOUT[0m
[1m[33mERRCODE_MSOPTIMEOUT[0m
[1m[33mERRCODE_MSOPTIMEOUT[0m
[1m[33mERRCODE_MSOPTIMEOUT[0m
[1m[33mERRCODE_MSOPTIMEOUT[0m
[1m[33mERRCODE_MSOPTIMEOUT[0m
[1m[33mERRCODE_MSOPTIMEOUT[0m
[1m[33mERRCODE_MSOPTIMEOUT[0m
[1m[33mERRCODE_MSOPTIMEOUT[0m
[1m[33mERRCODE_MSOPTIMEOUT[0m
[1m[33mERRCODE_MSOPTIMEOUT[0m
[1m[33mERRCODE_MSOPTIMEOUT[0m
[1m[33mERRCODE_MSOPTIMEOUT[0m
[1m[33mERRCODE_MSOPTIMEOUT[0m
[1m[33mERRCODE_MSOPTIMEOUT[0m
[1m[33mERRCODE_MSOPTIMEOUT[0m
[1m[33mERRCODE_MSOPTIMEOUT[0m
[1m[33mERRCODE_MSOPTIMEOUT[0m
[1m[33mERRCODE_MSOPTIMEOUT[0m
[1m[33mERRCODE_MSOPTIMEOUT[0m
[1m[33mERRCODE_MSOPTIMEOUT[0m
[1m[33mERRCODE_MSOPTIMEOUT[0m
[1m[33mERRCODE_MSOPTIMEOUT[0m
[1m[33mERRCODE_MSOPTIMEOUT[0m
[1m[33mERRCODE_MSOPTIMEOUT[0m
[1m[33mERRCODE_MSOPTIMEOUT[0m
[1m[33mERRCODE_MSOPTIMEOUT[0m
[1m[33mERRCODE_MSOPTIMEOUT[0m
[1m[33mERRCODE_MSOPTIMEOUT[0m
[1m[33mERRCODE_MSOPTIMEOUT[0m
[1m[33mERRCODE_MSOPTIMEOUT[0m
[1m[33mERRCODE_MSOPTIMEOUT[0m
[1m[33mERRCODE_MSOPTIMEOUT[0m
[1m[33mERRCODE_MSOPTIMEOUT[0m
[1m[33mERRCODE_MSOPTIMEOUT[0m
[1m[33mERRCODE_MSOPTIMEOUT[0m
[1m[33mERRCODE_MSOPTIMEOUT[0m
[1m[33mERRCODE_MSOPTIMEOUT[0m
[1m[33mERRCODE_MSOPTIMEOUT[0m
[1m[33mERRCODE_MSOPTIMEOUT[0m
[1m[33mERRCODE_MSOPTIMEOUT[0m
[1m[33mERRCODE_MSOPTIMEOUT[0m
[1m[33mERRCODE_MSOPTIMEOUT[0m
[1m[33mERRCODE_MSOPTIMEOUT[0m
[1m[33mERRCODE_MSOPTIMEOUT[0m
[1m[33mERRCODE_MSOPTIMEOUT[0m
[1m[33mERRCODE_MSOPTIMEOUT[0m
[1m[33mERRCODE_MSOPTIMEOUT[0m
[1m[33mERRCODE_MSOPTIMEOUT[0m
[1m[33mERRCODE_MSOPTIMEOUT[0m
[1m[33mERRCODE_MSOPTIMEOUT[0m
[1m[33mERRCODE_MSOPTIMEOUT[0m
[1m[33mERRCODE_MSOPTIMEOUT[0m
[1m[33mERRCODE_MSOPTIMEOUT[0m
[1m[33mERRCODE_MSOPTIMEOUT[0m
[1m[33mERRCODE_MSOPTIMEOUT[0m
[1m[33mERRCODE_MSOPTIMEOUT[0m
[1m[33mERRCODE_MSOPTIMEOUT[0m
[1m[33mERRCODE_MSOPTIMEOUT[0m
[1m[33mERRCODE_MSOPTIMEOUT[0m
[1m[33mERRCODE_MSOPTIMEOUT[0m
[1m[33mERRCODE_MSOPTIMEOUT[0m
[1m[33mERRCODE_MSOPTIMEOUT[0m
[1m[33mERRCODE_MSOPTIMEOUT[0m
[1m[33mERRCODE_MSOPTIMEOUT[0m
[1m[33mERRCODE_MSOPTIMEOUT[0m
[1m[33mERRCODE_MSOPTIMEOUT[0m
[1m[33mERRCODE_MSOPTIMEOUT[0m
[1m[33mERRCODE_MSOPTIMEOUT[0m
[1m[33mERRCODE_MSOPTIMEOUT[0m
[1m[33mERRCODE_MSOPTIMEOUT[0m
[1m[33mERRCODE_MSOPTIMEOUT[0m
[1m[33mERRCODE_MSOPTIMEOUT[0m
[1m[33mERRCODE_MSOPTIMEOUT[0m
[1m[33mERRCODE_MSOPTIMEOUT[0m
[1m[33mERRCODE_MSOPTIMEOUT[0m
[1m[33mERRCODE_MSOPTIMEOUT[0m
[1m[33mERRCODE_MSOPTIMEOUT[0m
[1m[33mERRCODE_MSOPTIMEOUT[0m
[1m[33mERRCODE_MSOPTIMEOUT[0m
[1m[33mERRCODE_MSOPTIMEOUT[0m
[1m[33mERRCODE_MSOPTIMEOUT[0m
[1m[33mERRCODE_MSOPTIMEOUT[0m
[1m[33mERRCODE_MSOPTIMEOUT[0m
[1m[33mERRCODE_MSOPTIMEOUT[0m
[1m[33mERRCODE_MSOPTIMEOUT[0m
[1m[33mERRCODE_MSOPTIMEOUT[0m
[1m[33mERRCODE_MSOPTIMEOUT[0m
[1m[33mERRCODE_MSOPTIMEOUT[0m
[1m[33mERRCODE_MSOPTIMEOUT[0m
[1m[33mERRCODE_MSOPTIMEOUT[0m
[1m[33mERRCODE_MSOPTIMEOUT[0m
[1m[33mERRCODE_MSOPTIMEOUT[0m
[1m[33mERRCODE_MSOPTIMEOUT[0m
[1m[33mERRCODE_MSOPTIMEOUT[0m
[1m[33mERRCODE_MSOPTIMEOUT[0m
[1m[33mERRCODE_MSOPTIMEOUT[0m
[1m[33mERRCODE_MSOPTIMEOUT[0m
[1m[33mERRCODE_MSOPTIMEOUT[0m
[1m[33mERRCODE_MSOPTIMEOUT[0m
[1m[33mERRCODE_MSOPTIMEOUT[0m
[1m[33mERRCODE_MSOPTIMEOUT[0m
[1m[33mERRCODE_MSOPTIMEOUT[0m
[1m[33mERRCODE_MSOPTIMEOUT[0m
[1m[33mERRCODE_MSOPTIMEOUT[0m
[1m[33mERRCODE_MSOPTIMEOUT[0m
[1m[33mERRCODE_MSOPTIMEOUT[0m
[1m[33mERRCODE_MSOPTIMEOUT[0m
[1m[33mERRCODE_MSOPTIMEOUT[0m
[1m[33mERRCODE_MSOPTIMEOUT[0m
[1m[33mERRCODE_MSOPTIMEOUT[0m
[1m[33mERRCODE_MSOPTIMEOUT[0m
[1m[33mERRCODE_MSOPTIMEOUT[0m
[1m[33mERRCODE_MSOPTIMEOUT[0m
[1m[33mERRCODE_MSOPTIMEOUT[0m
[1m[33mERRCODE_MSOPTIMEOUT[0m
[1m[33mERRCODE_MSOPTIMEOUT[0m
[1m[33mERRCODE_MSOPTIMEOUT[0m
[1m[33mERRCODE_MSOPTIMEOUT[0m
[1m[33mERRCODE_MSOPTIMEOUT[0m
[1m[33mERRCODE_MSOPTIMEOUT[0m
[1m[33mERRCODE_MSOPTIMEOUT[0m
[1m[33mERRCODE_MSOPTIMEOUT[0m
[1m[33mERRCODE_MSOPTIMEOUT[0m
[1m[33mERRCODE_MSOPTIMEOUT[0m
[1m[33mERRCODE_MSOPTIMEOUT[0m
[1m[33mERRCODE_MSOPTIMEOUT[0m
[1m[33mERRCODE_MSOPTIMEOUT[0m
[1m[33mERRCODE_MSOPTIMEOUT[0m
[1m[33mERRCODE_MSOPTIMEOUT[0m
[1m[33mERRCODE_MSOPTIMEOUT[0m
[1m[33mERRCODE_MSOPTIMEOUT[0m
[1m[33mERRCODE_MSOPTIMEOUT[0m
[1m[33mERRCODE_MSOPTIMEOUT[0m
[1m[33mERRCODE_MSOPTIMEOUT[0m
[1m[33mERRCODE_MSOPTIMEOUT[0m
[1m[33mERRCODE_MSOPTIMEOUT[0m
[1m[33mERRCODE_MSOPTIMEOUT[0m
[1m[33mERRCODE_MSOPTIMEOUT[0m
[1m[33mERRCODE_MSOPTIMEOUT[0m
[1m[33mERRCODE_MSOPTIMEOUT[0m
[1m[33mERRCODE_MSOPTIMEOUT[0m
[1m[33mERRCODE_MSOPTIMEOUT[0m
[1m[33mERRCODE_MSOPTIMEOUT[0m
[1m[33mERRCODE_MSOPTIMEOUT[0m
[1m[33mERRCODE_MSOPTIMEOUT[0m
[1m[33mERRCODE_MSOPTIMEOUT[0m
[1m[33mERRCODE_MSOPTIMEOUT[0m
[1m[33mERRCODE_MSOPTIMEOUT[0m
[1m[33mERRCODE_MSOPTIMEOUT[0m
[1m[33mERRCODE_MSOPTIMEOUT[0m
[1m[33mERRCODE_MSOPTIMEOUT[0m
[1m[33mERRCODE_MSOPTIMEOUT[0m
[1m[33mERRCODE_MSOPTIMEOUT[0m
[1m[33mERRCODE_MSOPTIMEOUT[0m
[1m[33mERRCODE_MSOPTIMEOUT[0m
[1m[33mERRCODE_MSOPTIMEOUT[0m
[1m[33mERRCODE_MSOPTIMEOUT[0m
[1m[33mERRCODE_MSOPTIMEOUT[0m
[1m[33mERRCODE_MSOPTIMEOUT[0m
[1m[33mERRCODE_MSOPTIMEOUT[0m
[1m[33mERRCODE_MSOPTIMEOUT[0m
[1m[33mERRCODE_MSOPTIMEOUT[0m
[1m[33mERRCODE_MSOPTIMEOUT[0m
[1m[33mERRCODE_MSOPTIMEOUT[0m
[1m[33mERRCODE_MSOPTIMEOUT[0m
[1m[33mERRCODE_MSOPTIMEOUT[0m
[1m[33mERRCODE_MSOPTIMEOUT[0m
[1m[33mERRCODE_MSOPTIMEOUT[0m
[1m[33mERRCODE_MSOPTIMEOUT[0m
[1m[33mERRCODE_MSOPTIMEOUT[0m
[1m[33mERRCODE_MSOPTIMEOUT[0m
[1m[33mERRCODE_MSOPTIMEOUT[0m
[1m[33mERRCODE_MSOPTIMEOUT[0m
[1m[33mERRCODE_MSOPTIMEOUT[0m
[1m[33mERRCODE_MSOPTIMEOUT[0m
[1m[33mERRCODE_MSOPTIMEOUT[0m
[1m[33mERRCODE_MSOPTIMEOUT[0m
[1m[33mERRCODE_MSOPTIMEOUT[0m
[1m[33mERRCODE_MSOPTIMEOUT[0m
[1m[33mERRCODE_MSOPTIMEOUT[0m
[1m[33mERRCODE_MSOPTIMEOUT[0m
[1m[33mERRCODE_MSOPTIMEOUT[0m
[1m[33mERRCODE_MSOPTIMEOUT[0m
[1m[33mERRCODE_MSOPTIMEOUT[0m
[1m[33mERRCODE_MSOPTIMEOUT[0m
[1m[33mERRCODE_MSOPTIMEOUT[0m
[1m[33mERRCODE_MSOPTIMEOUT[0m
[1m[33mERRCODE_MSOPTIMEOUT[0m
[1m[33mERRCODE_MSOPTIMEOUT[0m
[1m[33mERRCODE_MSOPTIMEOUT[0m
[1m[33mERRCODE_MSOPTIMEOUT[0m
[1m[33mERRCODE_MSOPTIMEOUT[0m
[1m[33mERRCODE_MSOPTIMEOUT[0m
[1m[33mERRCODE_MSOPTIMEOUT[0m
[1m[33mERRCODE_MSOPTIMEOUT[0m
[1m[33mERRCODE_MSOPTIMEOUT[0m
[1m[33mERRCODE_MSOPTIMEOUT[0m
[1m[33mERRCODE_MSOPTIMEOUT[0m
[1m[33mERRCODE_MSOPTIMEOUT[0m
[1m[33mERRCODE_MSOPTIMEOUT[0m
[1m[33mERRCODE_MSOPTIMEOUT[0m
[1m[33mERRCODE_MSOPTIMEOUT[0m
[1m[33mERRCODE_MSOPTIMEOUT[0m
[1m[33mERRCODE_MSOPTIMEOUT[0m
[1m[33mERRCODE_MSOPTIMEOUT[0m
[1m[33mERRCODE_MSOPTIMEOUT[0m
[1m[33mERRCODE_MSOPTIMEOUT[0m
[1m[33mERRCODE_MSOPTIMEOUT[0m
[1m[33mERRCODE_MSOPTIMEOUT[0m
[1m[33mERRCODE_MSOPTIMEOUT[0m
[1m[33mERRCODE_MSOPTIMEOUT[0m
[1m[33mERRCODE_MSOPTIMEOUT[0m
[1m[33mERRCODE_MSOPTIMEOUT[0m
[1m[33mERRCODE_MSOPTIMEOUT[0m
[1m[33mERRCODE_MSOPTIMEOUT[0m
[1m[33mERRCODE_MSOPTIMEOUT[0m
[1m[33mERRCODE_MSOPTIMEOUT[0m
[1m[33mERRCODE_MSOPTIMEOUT[0m
[1m[33mERRCODE_MSOPTIMEOUT[0m
[1m[33mERRCODE_MSOPTIMEOUT[0m
[1m[33mERRCODE_MSOPTIMEOUT[0m
[1m[33mERRCODE_MSOPTIMEOUT[0m
[1m[33mERRCODE_MSOPTIMEOUT[0m
[1m[33mERRCODE_MSOPTIMEOUT[0m
[1m[33mERRCODE_MSOPTIMEOUT[0m
[1m[33mERRCODE_MSOPTIMEOUT[0m
[1m[33mERRCODE_MSOPTIMEOUT[0m
[1m[33mERRCODE_MSOPTIMEOUT[0m
[1m[33mERRCODE_MSOPTIMEOUT[0m
[1m[33mERRCODE_MSOPTIMEOUT[0m
[1m[33mERRCODE_MSOPTIMEOUT[0m
[1m[33mERRCODE_MSOPTIMEOUT[0m
[1m[33mERRCODE_MSOPTIMEOUT[0m
[1m[33mERRCODE_MSOPTIMEOUT[0m
[1m[33mERRCODE_MSOPTIMEOUT[0m
[1m[33mERRCODE_MSOPTIMEOUT[0m
[1m[33mERRCODE_MSOPTIMEOUT[0m
[1m[33mERRCODE_MSOPTIMEOUT[0m
[1m[33mERRCODE_MSOPTIMEOUT[0m
[1m[33mERRCODE_MSOPTIMEOUT[0m
[1m[33mERRCODE_MSOPTIMEOUT[0m
[1m[33mERRCODE_MSOPTIMEOUT[0m
[1m[33mERRCODE_MSOPTIMEOUT[0m
[1m[33mERRCODE_MSOPTIMEOUT[0m
[1m[33mERRCODE_MSOPTIMEOUT[0m
[1m[33mERRCODE_MSOPTIMEOUT[0m
[1m[33mERRCODE_MSOPTIMEOUT[0m
[1m[33mERRCODE_MSOPTIMEOUT[0m
[1m[33mERRCODE_MSOPTIMEOUT[0m
[1m[33mERRCODE_MSOPTIMEOUT[0m
[1m[33mERRCODE_MSOPTIMEOUT[0m
[1m[33mERRCODE_MSOPTIMEOUT[0m
[1m[33mERRCODE_MSOPTIMEOUT[0m
[1m[33mERRCODE_MSOPTIMEOUT[0m
[1m[33mERRCODE_MSOPTIMEOUT[0m
[1m[33mERRCODE_MSOPTIMEOUT[0m
[1m[33mERRCODE_MSOPTIMEOUT[0m
[1m[33mERRCODE_MSOPTIMEOUT[0m
[1m[33mERRCODE_MSOPTIMEOUT[0m
[1m[33mERRCODE_MSOPTIMEOUT[0m
[1m[33mERRCODE_MSOPTIMEOUT[0m
[1m[33mERRCODE_MSOPTIMEOUT[0m
[1m[33mERRCODE_MSOPTIMEOUT[0m
[1m[33mERRCODE_MSOPTIMEOUT[0m
[1m[33mERRCODE_MSOPTIMEOUT[0m
[1m[33mERRCODE_MSOPTIMEOUT[0m
[1m[33mERRCODE_MSOPTIMEOUT[0m
[1m[33mERRCODE_MSOPTIMEOUT[0m
[1m[33mERRCODE_MSOPTIMEOUT[0m
[1m[33mERRCODE_MSOPTIMEOUT[0m
[1m[33mERRCODE_MSOPTIMEOUT[0m
[1m[33mERRCODE_MSOPTIMEOUT[0m
[1m[33mERRCODE_MSOPTIMEOUT[0m
[1m[33mERRCODE_MSOPTIMEOUT[0m
[1m[33mERRCODE_MSOPTIMEOUT[0m
[1m[33mERRCODE_MSOPTIMEOUT[0m
[1m[33mERRCODE_MSOPTIMEOUT[0m
[1m[33mERRCODE_MSOPTIMEOUT[0m
[1m[33mERRCODE_MSOPTIMEOUT[0m
[1m[33mERRCODE_MSOPTIMEOUT[0m
[1m[33mERRCODE_MSOPTIMEOUT[0m
[1m[33mERRCODE_MSOPTIMEOUT[0m
[1m[33mERRCODE_MSOPTIMEOUT[0m
[1m[33mERRCODE_MSOPTIMEOUT[0m
[1m[33mERRCODE_MSOPTIMEOUT[0m
[1m[33mERRCODE_MSOPTIMEOUT[0m
[1m[33mERRCODE_MSOPTIMEOUT[0m
[1m[33mERRCODE_MSOPTIMEOUT[0m
[1m[33mERRCODE_MSOPTIMEOUT[0m
[1m[33mERRCODE_MSOPTIMEOUT[0m
[1m[33mERRCODE_MSOPTIMEOUT[0m
[1m[33mERRCODE_MSOPTIMEOUT[0m
[1m[33mERRCODE_MSOPTIMEOUT[0m
[1m[33mERRCODE_MSOPTIMEOUT[0m
[1m[33mERRCODE_MSOPTIMEOUT[0m
[1m[33mERRCODE_MSOPTIMEOUT[0m
[1m[33mERRCODE_MSOPTIMEOUT[0m
[1m[33mERRCODE_MSOPTIMEOUT[0m
[1m[33mERRCODE_MSOPTIMEOUT[0m
[1m[33mERRCODE_MSOPTIMEOUT[0m
[1m[33mERRCODE_MSOPTIMEOUT[0m
[1m[33mERRCODE_MSOPTIMEOUT[0m
[1m[33mERRCODE_MSOPTIMEOUT[0m
[1m[33mERRCODE_MSOPTIMEOUT[0m
[1m[33mERRCODE_MSOPTIMEOUT[0m
[1m[33mERRCODE_MSOPTIMEOUT[0m
[1m[33mERRCODE_MSOPTIMEOUT[0m
[1m[33mERRCODE_MSOPTIMEOUT[0m
[1m[33mERRCODE_MSOPTIMEOUT[0m
[1m[33mERRCODE_MSOPTIMEOUT[0m
[1m[33mERRCODE_MSOPTIMEOUT[0m
[1m[33mERRCODE_MSOPTIMEOUT[0m
[1m[33mERRCODE_MSOPTIMEOUT[0m
[1m[33mERRCODE_MSOPTIMEOUT[0m
[1m[33mERRCODE_MSOPTIMEOUT[0m
[1m[33mERRCODE_MSOPTIMEOUT[0m
[1m[33mERRCODE_MSOPTIMEOUT[0m
[1m[33mERRCODE_MSOPTIMEOUT[0m
[1m[33mERRCODE_MSOPTIMEOUT[0m
[1m[33mERRCODE_MSOPTIMEOUT[0m
[1m[33mERRCODE_MSOPTIMEOUT[0m
[1m[33mERRCODE_MSOPTIMEOUT[0m
[1m[33mERRCODE_MSOPTIMEOUT[0m
[1m[33mERRCODE_MSOPTIMEOUT[0m
[1m[33mERRCODE_MSOPTIMEOUT[0m
[1m[33mERRCODE_MSOPTIMEOUT[0m
[1m[33mERRCODE_MSOPTIMEOUT[0m
[1m[33mERRCODE_MSOPTIMEOUT[0m
[1m[33mERRCODE_MSOPTIMEOUT[0m
[1m[33mERRCODE_MSOPTIMEOUT[0m
[1m[33mERRCODE_MSOPTIMEOUT[0m
[1m[33mERRCODE_MSOPTIMEOUT[0m
[1m[33mERRCODE_MSOPTIMEOUT[0m
[1m[33mERRCODE_MSOPTIMEOUT[0m
[1m[33mERRCODE_MSOPTIMEOUT[0m
[1m[33mERRCODE_MSOPTIMEOUT[0m
[1m[33mERRCODE_MSOPTIMEOUT[0m
[1m[33mERRCODE_MSOPTIMEOUT[0m
[1m[33mERRCODE_MSOPTIMEOUT[0m
[1m[33mERRCODE_MSOPTIMEOUT[0m
[1m[33mERRCODE_MSOPTIMEOUT[0m
[1m[33mERRCODE_MSOPTIMEOUT[0m
[1m[33mERRCODE_MSOPTIMEOUT[0m
[1m[33mERRCODE_MSOPTIMEOUT[0m
[1m[33mERRCODE_MSOPTIMEOUT[0m
[1m[33mERRCODE_MSOPTIMEOUT[0m
[1m[33mERRCODE_MSOPTIMEOUT[0m
[1m[33mERRCODE_MSOPTIMEOUT[0m
[1m[33mERRCODE_MSOPTIMEOUT[0m
[1m[33mERRCODE_MSOPTIMEOUT[0m
[1m[33mERRCODE_MSOPTIMEOUT[0m
[1m[33mERRCODE_MSOPTIMEOUT[0m
[1m[33mERRCODE_MSOPTIMEOUT[0m
[1m[33mERRCODE_MSOPTIMEOUT[0m
[1m[33mERRCODE_MSOPTIMEOUT[0m
[1m[33mERRCODE_MSOPTIMEOUT[0m
[1m[33mERRCODE_MSOPTIMEOUT[0m
[1m[33mERRCODE_MSOPTIMEOUT[0m
[1m[33mERRCODE_MSOPTIMEOUT[0m
[1m[33mERRCODE_MSOPTIMEOUT[0m
[1m[33mERRCODE_MSOPTIMEOUT[0m
[1m[33mERRCODE_MSOPTIMEOUT[0m
[1m[33mERRCODE_MSOPTIMEOUT[0m
[1m[33mERRCODE_MSOPTIMEOUT[0m
[1m[33mERRCODE_MSOPTIMEOUT[0m
[1m[33mERRCODE_MSOPTIMEOUT[0m
[1m[33mERRCODE_MSOPTIMEOUT[0m
[1m[33mERRCODE_MSOPTIMEOUT[0m
[1m[33mERRCODE_MSOPTIMEOUT[0m
[1m[33mERRCODE_MSOPTIMEOUT[0m
[1m[33mERRCODE_MSOPTIMEOUT[0m
[1m[33mERRCODE_MSOPTIMEOUT[0m
[1m[33mERRCODE_MSOPTIMEOUT[0m
[1m[33mERRCODE_MSOPTIMEOUT[0m
[1m[33mERRCODE_MSOPTIMEOUT[0m
[1m[33mERRCODE_MSOPTIMEOUT[0m
[1m[33mERRCODE_MSOPTIMEOUT[0m
[1m[33mERRCODE_MSOPTIMEOUT[0m
[1m[33mERRCODE_MSOPTIMEOUT[0m
[1m[33mERRCODE_MSOPTIMEOUT[0m
[1m[33mERRCODE_MSOPTIMEOUT[0m
[1m[33mERRCODE_MSOPTIMEOUT[0m
[1m[33mERRCODE_MSOPTIMEOUT[0m
[1m[33mERRCODE_MSOPTIMEOUT[0m
[1m[33mERRCODE_MSOPTIMEOUT[0m
[1m[33mERRCODE_MSOPTIMEOUT[0m
[1m[33mERRCODE_MSOPTIMEOUT[0m
[1m[33mERRCODE_MSOPTIMEOUT[0m
[1m[33mERRCODE_MSOPTIMEOUT[0m
[1m[33mERRCODE_MSOPTIMEOUT[0m
[1m[33mERRCODE_MSOPTIMEOUT[0m
[1m[33mERRCODE_MSOPTIMEOUT[0m
[1m[33mERRCODE_MSOPTIMEOUT[0m
[1m[33mERRCODE_MSOPTIMEOUT[0m
[1m[33mERRCODE_MSOPTIMEOUT[0m
[1m[33mERRCODE_MSOPTIMEOUT[0m
[1m[33mERRCODE_MSOPTIMEOUT[0m
[1m[33mERRCODE_MSOPTIMEOUT[0m
[1m[33mERRCODE_MSOPTIMEOUT[0m
[1m[33mERRCODE_MSOPTIMEOUT[0m
[1m[33mERRCODE_MSOPTIMEOUT[0m
[1m[33mERRCODE_MSOPTIMEOUT[0m
[1m[33mERRCODE_MSOPTIMEOUT[0m
[1m[33mERRCODE_MSOPTIMEOUT[0m
[1m[33mERRCODE_MSOPTIMEOUT[0m
[1m[33mERRCODE_MSOPTIMEOUT[0m
[1m[33mERRCODE_MSOPTIMEOUT[0m
[1m[33mERRCODE_MSOPTIMEOUT[0m
[1m[33mERRCODE_MSOPTIMEOUT[0m
[1m[33mERRCODE_MSOPTIMEOUT[0m
[1m[33mERRCODE_MSOPTIMEOUT[0m
[1m[33mERRCODE_MSOPTIMEOUT[0m
[1m[33mERRCODE_MSOPTIMEOUT[0m
[1m[33mERRCODE_MSOPTIMEOUT[0m
[1m[33mERRCODE_MSOPTIMEOUT[0m
[1m[33mERRCODE_MSOPTIMEOUT[0m
[1m[33mERRCODE_MSOPTIMEOUT[0m
[1m[33mERRCODE_MSOPTIMEOUT[0m
[1m[33mERRCODE_MSOPTIMEOUT[0m
[1m[33mERRCODE_MSOPTIMEOUT[0m
[1m[33mERRCODE_MSOPTIMEOUT[0m
[1m[33mERRCODE_MSOPTIMEOUT[0m
[1m[33mERRCODE_MSOPTIMEOUT[0m
[1m[33mERRCODE_MSOPTIMEOUT[0m
[1m[33mERRCODE_MSOPTIMEOUT[0m
[1m[33mERRCODE_MSOPTIMEOUT[0m
[1m[33mERRCODE_MSOPTIMEOUT[0m
[1m[33mERRCODE_MSOPTIMEOUT[0m
[1m[33mERRCODE_MSOPTIMEOUT[0m
[1m[33mERRCODE_MSOPTIMEOUT[0m
[1m[33mERRCODE_MSOPTIMEOUT[0m
[1m[33mERRCODE_MSOPTIMEOUT[0m
[1m[33mERRCODE_MSOPTIMEOUT[0m
[1m[33mERRCODE_MSOPTIMEOUT[0m
[1m[33mERRCODE_MSOPTIMEOUT[0m
[1m[33mERRCODE_MSOPTIMEOUT[0m
[1m[33mERRCODE_MSOPTIMEOUT[0m
[1m[33mERRCODE_MSOPTIMEOUT[0m
[1m[33mERRCODE_MSOPTIMEOUT[0m
[1m[33mERRCODE_MSOPTIMEOUT[0m
[1m[33mERRCODE_MSOPTIMEOUT[0m
[1m[33mERRCODE_MSOPTIMEOUT[0m
[1m[33mERRCODE_MSOPTIMEOUT[0m
[1m[33mERRCODE_MSOPTIMEOUT[0m
[1m[33mERRCODE_MSOPTIMEOUT[0m
[1m[33mERRCODE_MSOPTIMEOUT[0m
[1m[33mERRCODE_MSOPTIMEOUT[0m
[1m[33mERRCODE_MSOPTIMEOUT[0m
[1m[33mERRCODE_MSOPTIMEOUT[0m
[1m[33mERRCODE_MSOPTIMEOUT[0m
[1m[33mERRCODE_MSOPTIMEOUT[0m
[1m[33mERRCODE_MSOPTIMEOUT[0m
[1m[33mERRCODE_MSOPTIMEOUT[0m
[1m[33mERRCODE_MSOPTIMEOUT[0m
[1m[33mERRCODE_MSOPTIMEOUT[0m
[1m[33mERRCODE_MSOPTIMEOUT[0m
[1m[33mERRCODE_MSOPTIMEOUT[0m
[1m[33mERRCODE_MSOPTIMEOUT[0m
[1m[33mERRCODE_MSOPTIMEOUT[0m
[1m[33mERRCODE_MSOPTIMEOUT[0m
[1m[33mERRCODE_MSOPTIMEOUT[0m
[1m[33mERRCODE_MSOPTIMEOUT[0m
[1m[33mERRCODE_MSOPTIMEOUT[0m
[1m[33mERRCODE_MSOPTIMEOUT[0m
[1m[33mERRCODE_MSOPTIMEOUT[0m
[1m[33mERRCODE_MSOPTIMEOUT[0m
[1m[33mERRCODE_MSOPTIMEOUT[0m
[1m[33mERRCODE_MSOPTIMEOUT[0m
[1m[33mERRCODE_MSOPTIMEOUT[0m
[1m[33mERRCODE_MSOPTIMEOUT[0m
[1m[33mERRCODE_MSOPTIMEOUT[0m
[1m[33mERRCODE_MSOPTIMEOUT[0m
[1m[33mERRCODE_MSOPTIMEOUT[0m
[1m[33mERRCODE_MSOPTIMEOUT[0m
[1m[33mERRCODE_MSOPTIMEOUT[0m
[1m[33mERRCODE_MSOPTIMEOUT[0m
[1m[33mERRCODE_MSOPTIMEOUT[0m
[1m[33mERRCODE_MSOPTIMEOUT[0m
                                                                                                                                                                                                                                                                                                                                                                                                            